Nombre,Direccion,Ciudad,Pais,Precio,Tipos_Cocina,Ideales,Valoracion
Schatzhauser,Tonbachstraße 237; Baiersbronn; 72270; Alemania,Baiersbronn,Alemania,1,Internacional; Regional,Terraza agradable;Familiar,0
Le Bistro des Glycines,4 avenue de Laugerie; Les Eyzies-de-Tayac-Sireuil; 24620; Francia,Les Eyzies-de-Tayac-Sireuil,Francia,1,Moderna,Terraza agradable;Productos locales,0
Grain Street,167 Merchants Street; La Valeta; VLT 1174; Malta,La Valeta,Malta,1,Moderna; Cocina mediterránea,Terraza agradable;Comer solo,0
Somiatruites,Del Sol 19; Igualada; 08700; España,Igualada,España,0,Actual,,0
Balbuena y Huertas,San Jacinto 89; Sevilla; 41010; España,Sevilla,España,1,Actual,,0
Oriole Garden Bistro,Oudezijds Voorburgwal 197; Amsterdam; 1012 EX; Holanda,Amsterdam,Holanda,1,Cocina mediterránea,,0
Brasserie Marie,Nieuwe Doelenstraat 2; Amsterdam; 1012 AC; Holanda,Amsterdam,Holanda,1,Clásica,Terraza agradable;Comer solo,0
Indocafé,35 Scotts Road; Singapore; 228227; Singapur,Singapore,Singapur,1,Peranakan,Familiar,0
Zhup Zhup,#01-01; 458 MacPherson Road; Singapore; 368176; Singapur,Singapore,Singapur,0,Noodles,,0
The Coconut Club (Beach Road),269 Beach Road; Singapore; 199546; Singapur,Singapore,Singapur,1,Malaya,Terraza agradable,0
The Blue Ginger,97 Tanjong Pagar Road; Singapore; 088518; Singapur,Singapore,Singapur,1,Peranakan,Cocina local,0
Muthu's Curry,#01-01; 138 Race Course Road; Singapore; 218591; Singapur,Singapore,Singapur,1,Hindú,,0
Kotuwa,New Bahru; #01-03; 46 Kim Yam Road; Singapore; 239351; Singapur,Singapore,Singapur,1,Cocina de Sri Lanka,Familiar;Grupos,0
Anglo Indian (Shenton Way),#01-08; 1 Shenton Way; Singapore; 068803; Singapur,Singapore,Singapur,1,Hindú,Terraza agradable;Familiar,0
True Blue Cuisine,47/49 Armenian Street; Singapore; 179937; Singapur,Singapore,Singapur,1,Peranakan,Familiar;Grupos,0
Lagnaa,6 Upper Dickson Road; Singapore; 207466; Singapur,Singapore,Singapur,1,Hindú,,0
Saffron Fine Indian Cuisine,38-6 Tianmu East Road; Shilin District; Taipei; 111; Taiwán,Taipei,Taiwán,1,Hindú,,0
Tien Hsia San Chueh,3; Lane 27; Section 4; Ren'ai Road; Da'an District; Taipei; 106; Taiwán,Taipei,Taiwán,1,Noodles,,0
Little Tree Food (Da'an Road),17; Lane 116; Section 1; Da'an Road; Da'an District; Taipei; Taiwán,Taipei,Taiwán,1,Vegetariana,,0
Ching Jiao,9; Section 2; Jinan Road; Zhongzheng District; Taipei; Taiwán,Taipei,Taiwán,1,Small eats,,0
Shin Yuan (West),106 Minsheng North Road; West District; Taichung; 403; Taiwán,Taichung,Taiwán,1,Taiwanesa,Familiar,0
Peng Cheng Tang,377 Yichang Road; Taiping District; Taichung; 411; Taiwán,Taichung,Taiwán,1,Taiwanesa,Familiar,0
Izakaya,Selska cesta 90b; Zagreb; 10000; Croacia,Zagreb,Croacia,1,Japonesa contemporánea; Japonesa,Familiar;Cocina local,0
Bistro Loora,Ul. Ivana Pavla II 5; Đakovo; 31400; Croacia,Đakovo,Croacia,0,Croata; Actual,Terraza agradable;Cocina local,0
Taj Mahal,Nikole Gučetića 2; Dubrovnik; 20000; Croacia,Dubrovnik,Croacia,1,Balcánica; Carnes a la parrilla,Familiar,0
Bombera,3459 Champion St.; Oakland; CA; 94602; Estados Unidos,Oakland,Estados Unidos,1,Mexicana; Californiana,,0
Valley,487 1st St. W.; Sonoma; CA; 95476; Estados Unidos,Sonoma,Estados Unidos,1,Californiana,,0
Vin Folk,1501 Hermosa Ave.; Hermosa Beach; CA; 90254; Estados Unidos,Hermosa Beach,Estados Unidos,2,Californiana; Actual,Romántico;Cocina local,0
Rasarumah,3107 Beverly Blvd.; Los Angeles; CA; 90026; Estados Unidos,Los Angeles,Estados Unidos,2,Malaya,Grupos,0
Dija Mara,232 S. Coast Hwy.; Oceanside; CA; 92054; Estados Unidos,Oceanside,Estados Unidos,1,Indonesia; Thailandesa y Vietnamita,,0
Pizzana,11712 San Vicente Blvd.; Los Angeles; CA; 90049; Estados Unidos,Los Angeles,Estados Unidos,1,Italiana; Pizza,Grupos,0
Izakaya Rintaro,82 14th St.; San Francisco; CA; 94103; Estados Unidos,San Francisco,Estados Unidos,1,Japonesa; Izakaya,,0
A16,2355 Chestnut St.; San Francisco; CA; 94123; Estados Unidos,San Francisco,Estados Unidos,1,Pizza; Italiana,,0
Callie,1195 Island Ave.; San Diego; CA; 92101; Estados Unidos,San Diego,Estados Unidos,1,Cocina mediterránea; Cocina de Oriente Medio,,0
Pausa,223 E. 4th Ave.; San Mateo; CA; 94401; Estados Unidos,San Mateo,Estados Unidos,1,Italiana; Regional,,0
Chifa,4374 Eagle Rock Blvd.; Los Angeles; CA; 90041; Estados Unidos,Los Angeles,Estados Unidos,1,Fusión; China,Familiar;Cocina local,0
Khan Saab Desi Craft Kitchen,229 E. Commonwealth Ave.; Ste. A; Fullerton; CA; 92832; Estados Unidos,Fullerton,Estados Unidos,1,Pakistaní; Hindú,,0
Lapaba,558 S. Western Ave.; Los Angeles; CA; 90020; Estados Unidos,Los Angeles,Estados Unidos,1,Italiana contemporánea; Coreana,Comer solo,0
Z & Y,655 Jackson St.; San Francisco; CA; 94133; Estados Unidos,San Francisco,Estados Unidos,1,China; Cocina de Sichuan,Familiar;Cocina local,0
Ramen Gaijin,6948 Sebastopol Ave.; Sebastopol; CA; 95472; Estados Unidos,Sebastopol,Estados Unidos,1,Japonesa; Ramen,,0
Canon,1719 34th St.; Sacramento; CA; 95816; Estados Unidos,Sacramento,Estados Unidos,1,Actual,,0
Loquita,202 State St.; Santa Barbara; CA; 93101; Estados Unidos,Santa Barbara,Estados Unidos,1,Española,,0
Mabel’s Gone Fishing,3770 30th St.; San Diego; CA; 92104; Estados Unidos,San Diego,Estados Unidos,1,Pescados y mariscos; Californiana,,0
Cobi's,2104 Main St.; Santa Monica; CA; 90405; Estados Unidos,Santa Monica,Estados Unidos,1,Asiática,Terraza agradable,0
Good Good Culture Club,3560 18th St.; San Francisco; CA; 94110; Estados Unidos,San Francisco,Estados Unidos,1,Cocina del Sudeste Asiático; Californiana,,0
Snail Bar,4935 Shattuck Ave.; Oakland; CA; 94609; Estados Unidos,Oakland,Estados Unidos,2,Actual; Californiana,,0
Eylan,500 El Camino Real; Menlo Park; CA; 94025; Estados Unidos,Menlo Park,Estados Unidos,1,Hindú; Californiana,,0
Fable & Spirit,3441 Via Lido; Ste. A; Newport Beach; CA; 92663; Estados Unidos,Newport Beach,Estados Unidos,1,Californiana; Americana,Cocina local,0
Citurna,el Moral 1; Playa Blanca; 35580; España,Playa Blanca,España,1,Fusión,Terraza agradable,0
Trü,Còrsega 232; Barcelona; 08036; España,Barcelona,España,1,Tradicional; Actual,,0
Lado,Porqueiros 30; Muiños; 32880; España,Muiños,España,1,Actual,Favorito del inspector,0
Mesa15,Estrada da Estação; 12; Leiria; 2415-408; Portugal,Leiria,Portugal,1,Moderna,Tendencia,0
UMO Alex Vall,Reus 25; Barcelona; 08022; España,Barcelona,España,3,Japonesa,,0
Santé,Avenida Juan XXIII 12; Leganés; 28918; España,Leganés,España,1,Moderna,Romántico;Familiar,0
Solar do Bacalhau,Rua da Sota 10; Coímbra; 3000-392; Portugal,Coímbra,Portugal,0,Portuguesa,Grupos,0
In-Pulso,Ariel 15; Madrid; 28045; España,Madrid,España,1,Actual,Cocina local,0
La Martina,La Noria 8; Tarancón; 16400; España,Tarancón,España,1,Tradicional,Familiar,0
Trèsde,Cava Alta 17; Madrid; 28005; España,Madrid,España,1,Actual,,0
Sisapo,Trafalgar 14; Madrid; 28010; España,Madrid,España,1,Fusión,,0
Varra,Hermosilla 7; Madrid; 28001; España,Madrid,España,2,Actual,,0
Manifesto 13,Hartzenbusch 12; Madrid; 28010; España,Madrid,España,1,Italiana,Romántico,0
La Montería,Lope de Rueda 35; Madrid; 28009; España,Madrid,España,1,Tradicional,Familiar,0
3 Pipos,Rua de Santo Amaro 966; Tonda; 3460-479; Portugal,Tonda,Portugal,1,Regional,Cocina local,0
La Barra de la Tasquería,Duque de Sesto 48; Madrid; 28009; España,Madrid,España,1,Tradicional,,0
Tres por Cuatro,Montesa 9; Madrid; 28006; España,Madrid,España,1,Actual,,0
Gala,Espronceda 14; Madrid; 28003; España,Madrid,España,1,Cocina de mercado,,0
Las Tortillas de Gabino,Rafael Calvo 20; Madrid; 28010; España,Madrid,España,1,Tradicional,,0
Bacira,Castillo 16; Madrid; 28010; España,Madrid,España,1,Fusión,,0
Treze,General Pardiñas 34; Madrid; 28001; España,Madrid,España,1,Cocina de temporada,,0
La MaMá,Avenida del Brasil 6; Madrid; 28020; España,Madrid,España,1,Tradicional,,0
Quinqué,Apolonio Morales 3; Madrid; 28036; España,Madrid,España,1,Tradicional,Cocina local,0
Olaias,Rua Abade Pedro 2 - Centro de Artes e Espectáculos; Figueira da Foz; 3080 081; Portugal,Figueira da Foz,Portugal,1,Arroces; Portuguesa,Familiar,0
Bambú,Prior 4; Salamanca; 37002; España,Salamanca,España,1,Actual; Tradicional,,0
Flora,Grão Vasco 21; Viseu; 3500-138; Portugal,Viseu,Portugal,1,Moderna,Terraza agradable;Productos locales,0
La Sartén,Sector de los Pueblos 2; Tres Cantos; 28760; España,Tres Cantos,España,1,Fusión,,0
Eximio by Fernando Martín,Victoria 2; Alcalá de Henares; 28802; España,Alcalá de Henares,España,1,Actual,Familiar,0
Malabar Bistró Nómada,Real 14; Becerril de la Sierra; 28490; España,Becerril de la Sierra,España,1,Actual,,0
O Típico,Rua Doutor Manuel Alegre 42; Águeda; 3750-139; Portugal,Águeda,Portugal,0,Tradicional,,0
Loreto,Canalejas 73; Jumilla; 30520; España,Jumilla,España,1,Actual,,0
La Fundición,Plazuela de la Calandria 1; Real Sitio de San Ildefonso; 40100; España,Real Sitio de San Ildefonso,España,1,Actual; Moderna,Un clásico;Romántico,0
Perro Limón,Plaza de San Juan 6; Murcia; 30003; España,Murcia,España,1,Fusión,,0
Tándem,Cánovas del Castillo 37; Murcia; 30003; España,Murcia,España,1,Cocina mediterránea,,0
Dóri,Rua das Companhas - Costa Nova do Prado; Gafanha da Encarnação; 3830-000; Portugal,Gafanha da Encarnação,Portugal,1,Pescados y mariscos,Terraza agradable;Cocina local,0
Caín,del Río 11; Nava del Rey; 47500; España,Nava del Rey,España,1,A la Parrilla,Tendencia,0
El Racó de Pere i Pepa,Carretera de Jumilla 26; El Pinós; 03650; España,El Pinós,España,1,Tradicional,Familiar,0
Olea Comedor,Avenida Castilla-La Mancha 3; Cuenca; 16002; España,Cuenca,España,0,Moderna; Fusión,,0
Elías,Rosers 7; Xinorlet; 03649; España,Xinorlet,España,1,A la Parrilla,Cocina local,0
El Buey,La Reina 94; Almoradí; 03160; España,Almoradí,España,1,Tradicional,Cocina local,0
Mesón Nelia,Carretera Cuenca-Tragacete; Villalba de la Sierra; 16140; España,Villalba de la Sierra,España,1,Actual,,0
Pinea,Parras 10; Ayora; 46620; España,Ayora,España,1,Actual; Regional,Cocina local,0
Frisone,Borreguet 4; Elche; 03203; España,Elche,España,1,Tradicional; Actual,Terraza agradable,0
Pátio 44,Passeio De São Lázaro; 44; Oporto; 4000 508; Portugal,Oporto,Portugal,0,Tradicional,Terraza agradable;Romántico,0
OMA,Rua De Oliveira Monteiro; 183; Oporto; 4050-442; Portugal,Oporto,Portugal,1,Actual; Tradicional,Cocina local,0
La Cocina de Manuel,Álvarez Taladriz 4; Valladolid; 47007; España,Valladolid,España,1,Tradicional; Moderna,Familiar,0
El Yantar La Cocina de Pilar,Plaza de Albornoz 8; Requena; 46340; España,Requena,España,0,Fusión; Tradicional,,0
Machado,Rua Doutor António José de Almeida 467; Maia; 4475-456; Portugal,Maia,Portugal,0,Tradicional,Cocina local,0
Tábula Rasa,Alberola 57; Alacant; 03007; España,Alacant,España,1,Tradicional,Romántico;Familiar,0
Norma,Rua Doutor José Sampaio 35; Guimaraes; 4810 275; Portugal,Guimarães,Portugal,1,Creativa; Portuguesa,Terraza agradable,0
Contradição,Rua da Cidadela; 92; Bragança; 5300 025; Portugal,Bragança,Portugal,1,Tradicional,,0
Alba,Virgen del Socorro 68; Alacant; 03002; España,Alacant,España,0,Cocina mediterránea,Tendencia,0
Casa el Tio David,Bancal del Clot 2; Alfafara; 03838; España,Alfafara,España,1,Regional; Cocina mediterránea,Cocina local,0
O Javali,Quinta do Reconco 6 - Estrada Nacional 103-7 KM 5 Nº 6; Bragança; 5300-672; Portugal,Bragança,Portugal,1,Regional,Cocina local,0
Natxo Sellés,Juan María Carbonell 3; Cocentaina; 03820; España,Cocentaina,España,1,Regional; Arroces,Cocina local,0
Huerto Martínez,Carretera Cheste-Chiva; Cheste; 46380; España,Cheste,España,0,Tradicional; Actual,,0
Casa Chesmy,Camino Hondo; Tariego de Cerrato; 34209; España,Tariego de Cerrato,España,1,Tradicional,Terraza agradable,0
Cami·Vell,Colón 51; Alzira; 46600; España,Alzira,España,1,Tradicional; Actual,Cocina local,0
Brigecio,Avenida Constitución 28; Morales de Rey; 49693; España,Morales de Rey,España,1,Tradicional,,0
La Trébede,Paraje Canal de Hornos; Pobladura del Valle; 49780; España,Pobladura del Valle,España,0,Tradicional,Cocina local,0
Terra Palencia,Pedro Fernández de Pulgar 6; Palencia; 34005; España,Palencia,España,1,Actual,Familiar;Cocina local,0
Arrocería Maribel,Francisco Monleón 5; El Palmar; 46012; España,El Palmar,España,1,Arroces,Cocina local,0
Camelo,Rua de Santa Marta 119; Viana do Castelo; 4925-104; Portugal,Viana do Castelo,Portugal,0,Regional,,0
2 Estaciones,Pintor Salvador Abril 28; València; 46005; España,València,España,1,Cocina mediterránea,,0
Memoria Gustativa,Conde de Altea 43; València; 46005; España,València,España,1,Moderna,,0
Komfort,Urbanización Marisol Park 1A; Calp; 03710; España,Calp,España,1,Actual,Terraza agradable;Grupos,0
Napicol,San Isidro 28; Meliana; 46133; España,Meliana,España,1,Arroces; Cocina de mercado,Familiar;Cocina local,0
La Farola,Agustín Sebastián 4; Altura; 12410; España,Altura,España,0,Actual,,0
El Rinconcico,Santa Lucía 4; Mora de Rubielos; 44400; España,Mora de Rubielos,España,0,Tradicional,,0
La Lechería,La Lechería 1; Val de San Lorenzo; 24717; España,Val de San Lorenzo,España,1,Tradicional; Regional,Familiar;Cocina local,0
Coscolo,La Magdalena 1; Castrillo de los Polvazares; 24718; España,Castrillo de los Polvazares,España,0,Tradicional; Regional,Cocina local,0
Las Termas,Santiago 1; Astorga; 24700; España,Astorga,España,0,Cocina casera; Regional,Familiar;Cocina local,0
Pacífico,Pena Trevinca 37; Ourense; 32005; España,Ourense,España,1,Moderna,,0
Existe,Carretera A-1701; Puertomingalvo; 44411; España,Puertomingalvo,España,1,Tradicional,Familiar,0
ConMimo,la Rúa 33; León; 24003; España,León,España,0,Actual; Internacional,Comer solo,0
Morrofino,Serafín Avendaño 4-6; Vigo; 36201; España,Vigo,España,1,Moderna,,0
Enxebre,Cuba 26; Vigo; 36204; España,Vigo,España,1,Actual,Cocina local,0
Casa Marco,Avenida García Barbón 123; Vigo; 36201; España,Vigo,España,1,Tradicional,,0
Arre,Antonio Maura 31; Castelló de la Plana; 12001; España,Castelló de la Plana,España,1,Actual; Tradicional,,0
Le Bistrot Gastronómico,Temprado 12; Castelló de la Plana; 12002; España,Castelló de la Plana,España,1,Fusión,Familiar,0
IZAKAYA Tasca Japonesa,Temprado 2; Castelló de la Plana; 12002; España,Castelló de la Plana,España,0,Japonesa; Fusión,,0
La Rebotica,San José 3; Cariñena; 50400; España,Cariñena,España,0,Regional,Familiar;Cocina local,0
Trasmallo,Figueroa 14; Pontevedra; 36002; España,Pontevedra,España,0,Actual; Internacional,,0
Daluan,Callejón Cárcel 4; Morella; 12300; España,Morella,España,1,Actual; Tradicional,,0
Mesón del Pastor,Cuesta de Jovani 7; Morella; 12300; España,Morella,España,0,Regional; Tradicional,Familiar;Cocina local,0
A Taberna do Trasno,Príncipe 12; Cambados; 36630; España,Cambados,España,1,Tradicional; Fusión,Cocina local,0
Casa Toni,Zumalacárregui 27; San Vicente de la Sonsierra; 26338; España,San Vicente de la Sonsierra,España,1,Actual,,0
La Cocina de Ramón,Portales 30; Logroño; 26001; España,Logroño,España,1,Tradicional,Cocina local,0
La Vasca,Olmo 3; Miranda de Ebro; 09200; España,Miranda de Ebro,España,1,Tradicional,,0
Morro Tango,Las Pozas 18; Alfaro; 26540; España,Alfaro,España,0,Actual; Regional,Familiar,0
La Alquería,Plaza Mayor 9; Ráfales; 44589; España,Ráfales,España,1,Actual; Regional,,0
Del Oso,Barrio Areños 2; Cosgaya; 39582; España,Cosgaya,España,1,Cocina casera,Terraza agradable;Familiar,0
Anaco,Costa de San Domingos 2; Santiago de Compostela; 15703; España,Santiago de Compostela,España,1,Actual; Cocina de temporada,Cocina local,0
Con Culler,Nova de Abaixo 7; Santiago de Compostela; 15701; España,Santiago de Compostela,España,1,Cocina de mercado; Actual,,0
A Viaxe,Praza do Matadoiro 3; Santiago de Compostela; 15704; España,Santiago de Compostela,España,1,Fusión,Mesa del chef;Tendencia,0
Café de Altamira,Ameas 9; Santiago de Compostela; 15704; España,Santiago de Compostela,España,1,Tradicional,Familiar;Grupos,0
A Horta d'Obradoiro,Hortas 16; Santiago de Compostela; 15705; España,Santiago de Compostela,España,1,Regional,Un clásico;Cocina local,0
Asador Gonzaba,Nova de Abaixo 2; Santiago de Compostela; 15706; España,Santiago de Compostela,España,1,Carnes a la parrilla,Familiar,0
Abastos 2.0 - Mesas,Das Ameas 4; Santiago de Compostela; 15704; España,Santiago de Compostela,España,1,Gallega; Actual,Cocina local,0
Pau,Avenida Marqués de Benicarló 11; Benicarló; 12580; España,Benicarló,España,0,Arroces; Tradicional,,0
Bistró Amunt,Barri Castell; Ulldecona; 43550; España,Ulldecona,España,0,Tradicional,,0
Mar de Esteiro,Lugar Ponte Sionlla; Santiago de Compostela; 15884; España,Santiago de Compostela,España,1,Pescados y mariscos,Familiar;Cocina local,0
Le Bistró,Carretera Pancar; Llanes; 33500; España,Llanes,España,1,Tradicional,Cocina local,0
L'Algadir del Delta,Ronda dels Pins 27; Amposta; 43549; España,Amposta,España,1,Tradicional; Creativa,Cocina local,0
La Cartería,Camino Real 49; Cartes; 39311; España,Cartes,España,1,Tradicional; Moderna,Un clásico,0
El Recetario,Trinidad 1; Gijón; 33201; España,Gijón,España,1,Actual,Cocina local;Familiar,0
Farragua,Contracay 3; Gijón; 33201; España,Gijón,España,1,Moderna,Romántico,0
Pementa Rosa,Reus 1; Carballo; 15100; España,Carballo,España,1,Actual,,0
Villa de Oro,Areal 5; Camariñas; 15123; España,Camariñas,España,1,Tradicional,Cocina local,0
Terreo Cocina Casual,San Andrés 109; A Coruña; 15003; España,A Coruña,España,1,Actual,Un clásico;Grupos,0
Arteaga Landetxea,Garagartza Auzoa 37; Mondragón; 20500; España,Mondragón,España,0,Vasca,Terraza agradable,0
El de Alberto,Comandante Fontanes 1; A Coruña; 15003; España,A Coruña,España,1,Moderna,Merece la espera,0
Taberna 5 Mares,Parque Monte San Pedro; A Coruña; 15011; España,A Coruña,España,1,Actual; Gallega,Familiar;Cocina local,0
Pan de Cuco,Barrio Calabazas 17; Suesa; 39150; España,Suesa,España,1,Cocina de mercado; Regional,Grupos;Cocina local,0
Agua Salada,San Simón 2; Santander; 39003; España,Santander,España,1,Actual; Tradicional,Romántico,0
Kimtxu,Henao 17; Bilbao; 48009; España,Bilbao,España,1,Fusión,,0
Los Fueros,De los Fueros 6; Bilbao; 48005; España,Bilbao,España,1,Vasca,Cocina local,0
AL Margen,Muelle Urazurrutia 2; Bilbao; 48003; España,Bilbao,España,1,Tradicional,,0
El Merca'o,Tafalla 5 - 7; Pamplona; 31004; España,Pamplona,España,1,Tradicional,Familiar,0
Iwasaki,Iturribide 13; Getxo; 48993; España,Getxo,España,1,Japonesa,Familiar,0
El Origen,Plaza Justicia 4; Huesca; 22001; España,Huesca,España,0,Tradicional,Terraza agradable;Productos locales,0
Maskarada,Aralar 66; Lekunberri; 31870; España,Lekunberri,España,0,Cocina especializada en cerdo; Regional,Productos locales,0
Origen,Carretera N 135; Urdaitz; 31698; España,Urdaitz,España,0,Actual,Familiar,0
Brots,Nou 45; Poboleda; 43376; España,Poboleda,España,1,Moderna; Europea tradicional,,0
Masta,Azara 1; Zarautz; 20800; España,Zarautz,España,1,Actual,Merece la espera;Cocina local,0
Carmen,Avenida de Nuestra Señora del Pilar 3; Binéfar; 22500; España,Binéfar,España,1,Cocina de temporada; Cocina de mercado,,0
Donamaria'ko Benta,Barrio de la Venta 4; Donamaria; 31750; España,Donamaria,España,1,Tradicional,Cocina local,0
Sisè,Avinguda de l'Estudi General 27; Lleida; 25001; España,Lleida,España,1,Actual,,0
La Oveja Negra,Oncinellas 5; Barbastro; 22300; España,Barbastro,España,1,Actual,,0
Aimia,Doctor Combelles 67; Lleida; 25003; España,Lleida,España,1,Moderna,Romántico,0
Antoni Rubies,Lleida 6; Artesa de Lleida; 25150; España,Artesa de Lleida,España,0,Arroces,Cocina local,0
Arotxa,Santa Catalina 34; Legasa; 31792; España,Legasa,España,1,Tradicional,Grupos,0
Canteré,Aire 1; Hecho; 22720; España,Hecho,España,1,Tradicional; Creativa,Productos locales,0
La Xarxa,de Sant Pere 38; Tarragona; 43004; España,Tarragona,España,1,Actual; Arroces,,0
La Cuchara de Ruba,Esperanza 18; Biescas; 22630; España,Biescas,España,0,Tradicional,,0
Etchemaite,30 Etxarteko bidea (Le Bourg); Larrau; 64560; Francia,Larrau,Francia,1,Tradicional,Familiar;Productos locales,0
Jarapea,94 rue du Fronton; Irouléguy; 64220; Francia,Irouléguy,Francia,1,Moderna,Terraza agradable;Productos locales,0
Lavedán,Navero 19; Tramacastilla de Tena; 22663; España,Tramacastilla de Tena,España,1,Regional; Actual,Cocina local,0
Art'zain,20 place d'Ospitalia (Le bourg); Irissarry; 64780; Francia,Irissarry,Francia,1,Cocina de mercado,Productos locales,0
Briket' Bistrot,142 rue de l'Église; Guéthary; 64210; Francia,Guéthary,Francia,1,Tradicional,Terraza agradable,0
AHPĒ,34 avenue du Président-John-Fitzgerald-Kennedy; Biarritz; 64200; Francia,Biarritz,Francia,1,Moderna,Productos locales,0
Léonie,7 avenue de Larochefoucault; Biarritz; 64200; Francia,Biarritz,Francia,1,Moderna,Productos locales,0
Hostal Colomí,Raval de Jesús 10; Santa Coloma de Queralt; 43420; España,Santa Coloma de Queralt,España,1,Tradicional; A la Parrilla,,0
Casa Chongastán,Carretera s/n; Chía; 22465; España,Chía,España,1,Cocina de temporada; Tradicional,Productos locales,0
Lo Ponts,Carretera de Calaf 6; Ponts; 25740; España,Ponts,España,0,Catalana,,0
El Cigró d'Or,Plaça de l'Oli 1; Vilafranca del Penedès; 08720; España,Vilafranca del Penedès,España,0,Regional,Familiar;Cocina local,0
Le Gantxo,130 chemin du Trinquet; Guiche; 64520; Francia,Guiche,Francia,1,Moderna,Productos locales;Favorito del inspector,0
Au Fond du Gosier,7 rue du Capitaine-Digoy; Argelès-Gazost; 65400; Francia,Argelès-Gazost,Francia,1,Moderna,Productos locales,0
Ca'n Boqueta,Avenida de la Gran Via 43; Sóller; 07100; España,Sóller,España,1,Regional; Moderna,,0
La Cava d'en Sergi,València 17; Sant Sadurní d'Anoia; 08770; España,Sant Sadurní d'Anoia,España,0,Tradicional,,0
El Raier,Avenida de Madrid 3; La Pobla de Segur; 25500; España,La Pobla de Segur,España,1,Actual,Comer solo,0
Auberge des Aryelets,Place du Village; Aulon; 65240; Francia,Aulon,Francia,1,Moderna,Productos locales,0
L'Auberge du Pas de Vent,281 avenue Pas-de-Vent; Pouillon; 40350; Francia,Pouillon,Francia,1,Tradicional,Familiar;Productos locales,0
Omnivore,1 place Gramont; Pau; 64000; Francia,Pau,Francia,1,Moderna,,0
Jumo & Co,6 rue Henri-IV; Pau; 64000; Francia,Pau,Francia,0,Moderna,,0
Miceli,Àngels 11; Selva; 07313; España,Selva,España,1,Tradicional,Terraza agradable;Cocina local,0
La Table du Cinq,5 route de Toulouse; Bagnères-de-Bigorre; 65200; Francia,Bagnères-de-Bigorre,Francia,1,Moderna,Familiar,0
Avenir,Carrer de l'Avenir 72; Barcelona; 08021; España,Barcelona,España,1,Actual,Cocina local,0
Cruix,Entença 57; Barcelona; 08015; España,Barcelona,España,1,Actual,,0
Glug,Viladomat 289; Barcelona; 08029; España,Barcelona,España,1,Creativa,,0
El Cel de les Oques,De la Palla 15; Terrassa; 08221; España,Terrassa,España,1,Moderna,Terraza agradable;Romántico,0
Vapor Gastronòmic,De la Palla 15; Terrassa; 08221; España,Terrassa,España,0,Regional,,0
Can Ferrán,Carretera de Rubí C 1413a; Sant Quirze del Vallès; 08192; España,Sant Quirze del Vallès,España,0,Catalana,,0
L'Empreinte,2 rue Gaston-Manent; Tarbes; 65000; Francia,Tarbes,Francia,1,Creativa,,0
Oníric,Rabassa 37; Barcelona; 08024; España,Barcelona,España,1,Fusión,,0
Saó,Cesare Cantù 2; Barcelona; 08023; España,Barcelona,España,1,Creativa; Tradicional,Romántico,0
Bacaro,Jerusalem 6; Barcelona; 08001; España,Barcelona,España,1,Italiana,,0
Bardeni-Caldeni,Valencia 454; Barcelona; 08013; España,Barcelona,España,1,Carnes a la parrilla,Comer solo,0
Berbena,Minerva 6; Barcelona; 08006; España,Barcelona,España,1,Creativa,,0
Garbí,Barcelona 52; Castellar del Vallès; 08211; España,Castellar del Vallès,España,1,Catalana,Cocina local,0
Bar Verat,Avenida Pallaresa 104; Santa Coloma de Gramenet; 08921; España,Santa Coloma de Gramenet,España,0,Fusión,Comer solo,0
Urbisol,Carretera N 141 C; Calders; 08279; España,Calders,España,1,Tradicional,Productos locales,0
Dos Cuiners,Muralla de Sant Llorenç 18; Mataró; 08301; España,Mataró,España,1,Actual,Cocina local;Tendencia,0
Villa Mirasol - Bistrot 1912,2 boulevard Ferdinand-de-Candau; Mont-de-Marsan; 40000; Francia,Mont-de-Marsan,Francia,1,Moderna,Terraza agradable;Familiar,0
Le Carré de l'Ange,Chemin du Parc (Palais des Évêques); Saint-Lizier; 09190; Francia,Saint-Lizier,Francia,1,Moderna,Terraza agradable,0
L’Hostal de Ca l’Enric,Carretera Camprodón N 260; La Vall de Bianya; 17813; España,La Vall de Bianya,España,1,Tradicional,Familiar;Grupos,0
L'Aillet,16 place Gambetta; La Teste-de-Buch; 33260; Francia,La Teste-de-Buch,Francia,1,Moderna; Cocina de mercado,Terraza agradable,0
Bellavista,Place du Foiral; Prats-de-Mollo-la-Preste; 66230; Francia,Prats-de-Mollo-la-Preste,Francia,1,Moderna; Catalana,,0
L'Échappée Belle,2 place Gambetta; L'Isle-Jourdain; 32600; Francia,L'Isle-Jourdain,Francia,1,Moderna,Terraza agradable,0
Can Xapes,Mossèn Jacint Verdaguer 2; Cornellà del Terri; 17844; España,Cornellà del Terri,España,1,Actual,Familiar,0
Racinette,6 rue Fontélie; Lectoure; 32700; Francia,Lectoure,Francia,1,Moderna,,0
Can Boix,Carretera de Banyoles a l'Escala; Vilamarí; 17468; España,Vilamarí,España,1,Regional,,0
Les Loges du Jardin d'Aymeric,7 rue du Canigou; Clara; 66500; Francia,Clara,Francia,1,Tradicional,Cocina local,0
La Chapelle de Guiraud,5 Château Guiraud; Sauternes; 33210; Francia,Sauternes,Francia,0,Tradicional,Terraza agradable;Grupos,0
Els Caçadors,Urbanización Casanova; Maçanet de Cabrenys; 17720; España,Maçanet de Cabrenys,España,1,Tradicional,Terraza agradable;Cocina local,0
L'Atelier Flavien Valère,62 cours des Fossés; Langon; 33210; Francia,Langon,Francia,1,Moderna,,0
Cartouches,38 rue Pierre-Paul-Riquet; Toulouse; 31000; Francia,Toulouse,Francia,1,Cocina de mercado,Grupos,0
L'Air de Famille,6 rue Jules-Chalande; Toulouse; 31000; Francia,Toulouse,Francia,1,Tradicional,,0
Une Table à Deux,10 rue de la Pleau; Toulouse; 31000; Francia,Toulouse,Francia,1,Moderna,,0
Mas Concas,Camí de Cinc Claus; L'Escala; 17130; España,L'Escala,España,1,Tradicional,Cocina local,0
La Table de Michel Dussau,1350 avenue du Midi; Agen; 47000; Francia,Agen,Francia,1,Moderna,,0
L'Équilibre,10 place de la Libération; Balma; 31130; Francia,Balma,Francia,1,Moderna; Cocina de mercado,,0
La Gruta,Pintor Enric Serra 44; L'Escala; 17130; España,L'Escala,España,1,Internacional,Terraza agradable,0
Bistrot 1965,Santa Clara 31; Castelló d'Empúries; 17486; España,Castelló d'Empúries,España,1,Tradicional,Familiar,0
Chez Pierrette,1 rue de la Roque; Meilhan-sur-Garonne; 47180; Francia,Meilhan-sur-Garonne,Francia,1,Moderna,Productos locales,0
Sens,93 rue de Soissons; Burdeos; 33000; Francia,Burdeos,Francia,1,Moderna,,0
Madame B,Hôtel Burdigala; 115 rue Georges-Bonnac; Burdeos; 33000; Francia,Burdeos,Francia,1,Moderna,,0
Kedem,16 rue Jean-Burguet; Burdeos; 33000; Francia,Burdeos,Francia,1,Cocina de Oriente Medio,,0
Panaille,137 rue du Tondu; Burdeos; 33000; Francia,Burdeos,Francia,1,Moderna,,0
Racines by Daniel Gallacher,59 rue Georges-Bonnac; Burdeos; 33000; Francia,Burdeos,Francia,1,Creativa,Tendencia,0
Mets Mots,98 rue Fondaudège; Burdeos; 33000; Francia,Burdeos,Francia,1,Cocina de mercado,,0
Lazare Escarguel,5 rue Lazare-Escarguel; Perpiñán; 66000; Francia,Perpiñán,Francia,1,Moderna,Productos locales,0
Le Garriane,15 rue Valette; Perpiñán; 66000; Francia,Perpiñán,Francia,1,Moderna,,0
Manat,3 rue Cité-Bartissol; Perpiñán; 66000; Francia,Perpiñán,Francia,1,Moderna,Mesa del chef,0
Le Colvert,8 rue d'en Boyer; Saint-Lieux-lès-Lavaur; 81500; Francia,Saint-Lieux-lès-Lavaur,Francia,1,Moderna,Romántico;Productos locales,0
La Table d'Inomoto,85 rue Nationale; Saint-André-de-Cubzac; 33240; Francia,Saint-André-de-Cubzac,Francia,1,Moderna,,0
Côté Bastide,4 rue de l'Abattoir; Sainte-Foy-la-Grande; 33220; Francia,Sainte-Foy-la-Grande,Francia,0,Moderna,Grupos,0
Bistrot Saveurs,5 rue Sainte-Foy; Castres; 81100; Francia,Castres,Francia,1,Moderna,,0
Vigne en Foule,80 place de la Libération; Gaillac; 81600; Francia,Gaillac,Francia,1,Moderna,Grupos,0
L'Atelier,62 Tour de Ville; Issigeac; 24560; Francia,Issigeac,Francia,1,Moderna,Terraza agradable;Grupos,0
Maison Wessman par Thierry Marx,425 impasse des Verdots; Conne-de-Labarde; 24560; Francia,Conne-de-Labarde,Francia,1,Tradicional,,0
Les Dodus,11 bis rue Ernest-Marcouly; Puy-L’Évêque; 46700; Francia,Puy-L’Évêque,Francia,1,Moderna,Productos locales,0
Cave à Vin & à Manger - Maison Saint-Crescent,Rond-point de la Liberté; 68 avenue du Général-Leclerc; Narbonne; 11100; Francia,Narbonne,Francia,1,Tradicional,,0
L'Épicurien,42 place Jean-Jaurès; Albi; 81000; Francia,Albi,Francia,1,Moderna,Grupos,0
Bonnie,27 place Jean-Jacques-Chapou; Cahors; 46000; Francia,Cahors,Francia,0,Moderna,,0
Rafales,122 bis rue Gambetta; Royan; 17200; Francia,Royan,Francia,1,Moderna,Productos locales,0
L'Ô à la Bouche,56 allées Fénelon; Cahors; 46000; Francia,Cahors,Francia,1,Moderna,,0
Le Petit Paris,18 rue de la République; Daglan; 24250; Francia,Daglan,Francia,1,Moderna,Terraza agradable,0
L'Angle,11 rue du 19-Mars-1962; Laguépie; 82250; Francia,Laguépie,Francia,1,Moderna,Terraza agradable,0
Le Relais des Salines,Port des Salines; 34E rue des Anciennes-Salines; Le Grand-Village-Plage; 17370; Francia,Le Grand-Village-Plage,Francia,1,Pescados y mariscos,,0
Le Coude à Coude,8 rue de Saintonge; Jarnac-Champagne; 17520; Francia,Jarnac-Champagne,Francia,1,Moderna,,0
Pica Pica,20 boulevard Jean-Jaurès; Béziers; 34500; Francia,Béziers,Francia,1,Cocina mediterránea,Terraza agradable,0
La Belle Étoile,285 promenade de la Batellerie (Le Bourg); La Roque-Gageac; 24250; Francia,La Roque-Gageac,Francia,1,Tradicional,,0
Delicatessens,Domaine du Berthiol; 725 route de Saint-Chamarand; Gourdon; 46300; Francia,Gourdon,Francia,1,Moderna,Terraza agradable;Productos locales,0
Ô Moulin,1 place Martin-Dolt; Carsac-Aillac; 24200; Francia,Carsac-Aillac,Francia,1,Moderna,Terraza agradable,0
Jeu de Quilles,7 boulevard du Tour-de-Ville; Cajarc; 46160; Francia,Cajarc,Francia,1,Moderna,,0
Sillage,4 ruelle de la Lanterne; Saint-Pierre-d'Oléron; 17310; Francia,Saint-Pierre-d'Oléron,Francia,1,Moderna; Pescados y mariscos,,0
L'Obélias,7 boulevard Eugène-Viala; Naucelle; 12800; Francia,Naucelle,Francia,1,Moderna,Terraza agradable,0
Le Parvis,12 quai de l'Yser; Saintes; 17100; Francia,Saintes,Francia,1,Moderna,Terraza agradable,0
Saveurs de l'Abbaye,1 place Saint-Pallais; Saintes; 17100; Francia,Saintes,Francia,1,Moderna,,0
Café Louise,10 place de l'Ancien-Hôtel-de-Ville; Périgueux; 24000; Francia,Périgueux,Francia,1,Italiana,Terraza agradable,0
L'IØDE,89 avenue Gambetta; Saintes; 17100; Francia,Saintes,Francia,1,Moderna,,0
La Table du Pouyaud,57 route de Paris; Champcevinel; 24750; Francia,Champcevinel,Francia,1,Moderna,Terraza agradable;Grupos,0
Le Jour du Poisson,3 rue de l'Ormeau; Saint-Denis-d'Oléron; 17650; Francia,Saint-Denis-d'Oléron,Francia,1,Pescados y mariscos,,0
La Table du Fleuve,2 place du Port; Bourg-Charente; 16200; Francia,Bourg-Charente,Francia,1,Cocina de mercado,Productos locales,0
Le Bel'Art,2 allée Jean-Boiteux; Champcevinel; 24750; Francia,Champcevinel,Francia,1,Tradicional,,0
Le Pré Saint Jean,18 avenue Maréchal-Leclerc; Pézenas; 34120; Francia,Pézenas,Francia,1,Moderna,,0
Le Voyage d'Ernestine,182 Grand-Rue; Alvignac; 46500; Francia,Alvignac,Francia,1,Moderna,Familiar;Productos locales,0
Côté Mas,Route de Villeveyrac; Montagnac; 34530; Francia,Montagnac,Francia,1,Moderna,Grupos,0
La Bistronomie,16 rue Raymond-Poincaré; Angulema; 16000; Francia,Angulema,Francia,1,Moderna,,0
Briemm,1 place du 14-Juillet; L'Houmeau; 17137; Francia,L'Houmeau,Francia,1,Tradicional,,0
Quai 17,17 quai Maréchal-de-Lattre-de-Tassigny; Sète; 34200; Francia,Sète,Francia,1,Cocina mediterránea,Productos locales,0
Paris Méditerranée,47 rue Pierre-Semard; Sète; 34200; Francia,Sète,Francia,1,Moderna,,0
Philia,3 place du Mercadial; Saint-Céré; 46400; Francia,Saint-Céré,Francia,1,Moderna,Terraza agradable;Productos locales,0
Bistrot Le Héron,61 lieu-dit Cambelong; Conques-en-Rouergue; 12320; Francia,Conques-en-Rouergue,Francia,1,Moderna,Terraza agradable,0
Monsieur Robert,23 place de la Prévoté; Saint-Robert; 19310; Francia,Saint-Robert,Francia,1,Moderna,Terraza agradable,0
Inspyration,142 avenue du Président-Henri-Queuille; Brive-la-Gaillarde; 19100; Francia,Brive-la-Gaillarde,Francia,1,Moderna,,0
L'Ogustin,2 place de l'Ormeau; La Vacquerie-et-Saint-Martin-de-Castries; 34520; Francia,La Vacquerie-et-Saint-Martin-de-Castries,Francia,1,Moderna,Productos locales,0
"Alice, le bistrot - Manoir de la Mortière",1 rue Eugène-Nauleau; Les Sables d’Olonne; 85340; Francia,Les Sables-d'Olonne,Francia,1,Tradicional,Productos locales,0
Oxalis,2 place de la Fontaine; Marcolès; 15220; Francia,Marcolès,Francia,1,Moderna,Terraza agradable,0
Le Saint-Georges,4 boulevard Maréchal-Foch; Palavas-les-Flots; 34250; Francia,Palavas-les-Flots,Francia,1,Regional,,0
L'Alicanta,18 rue Louis-Armand; Le Rozier; 48150; Francia,Le Rozier,Francia,1,Moderna,Terraza agradable,0
L'Artichaut,15 bis rue Saint-Firmin; Montpellier; 34000; Francia,Montpellier,Francia,1,Moderna,Comer solo,0
Le Temps d'Aime,2 rue des Consuls; Lattes; 34970; Francia,Lattes,Francia,1,Moderna,Familiar,0
L'Attanum,64 place de la Nation; Saint-Yrieix-la-Perche; 87500; Francia,Saint-Yrieix-la-Perche,Francia,1,Moderna; Creativa,Grupos,0
Maison Brume,2 place du Marché; La Chaize-Giraud; 85220; Francia,La Chaize-Giraud,Francia,1,Moderna,Productos locales,0
Le Bouche à Oreille,39 avenue Charles-de-Gaulle; Tulle; 19000; Francia,Tulle,Francia,1,Tradicional,,0
Les 7,32 quai Baluze; Tulle; 19000; Francia,Tulle,Francia,1,Moderna,,0
Le Café des Arts,2 rue de la Poste; Beaulieu-sous-la-Roche; 85190; Francia,Beaulieu-sous-la-Roche,Francia,1,Moderna,Productos locales,0
L'Épicurieux,8 rue du Puy-de-l'Hérène; Bar; 19800; Francia,Bar,Francia,1,Moderna,Terraza agradable,0
La Petite Grange,17 rue Edouard-Marty; Tournemire; 15310; Francia,Tournemire,Francia,1,Moderna,Productos locales,0
Le Patio by Lou Caléou,23 place de la Libération; Sommières; 30250; Francia,Sommières,Francia,1,Moderna; Cocina de mercado,Terraza agradable;Familiar,0
L'Auberge des Montagnes,7 chemin de la Beauté; Pailherols; 15800; Francia,Pailherols,Francia,1,Tradicional,Grupos;Cocina local,0
L'Assiette au Jardin,9 rue du Robinet; Noirmoutier-en-l'Île; 85330; Francia,Noirmoutier-en-l'Île,Francia,1,Tradicional,,0
Sodade,21 avenue du Président-Georges-Pompidou; Chaudes-Aigues; 15110; Francia,Chaudes-Aigues,Francia,1,Moderna,Terraza agradable,0
La Chatellenie,1 rue du Commerce; Availles-Limouzine; 86460; Francia,Availles-Limouzine,Francia,1,Tradicional; Moderna,,0
La Gabale,319 route du Languedoc; Aumont-Aubrac; 48130; Francia,Aumont-Aubrac,Francia,1,Moderna,Terraza agradable,0
Casal da Penha,Rua Penha de França - Beco do Ataíde n.1; Funchal; 9000-014; Portugal,Funchal,Portugal,1,Portuguesa,Terraza agradable,0
Épices et Tout,15 avenue Carnot; Alès; 30100; Francia,Alès,Francia,1,Moderna,,0
Le Bistr'AU - Le Mas de Boudan,351 chemin Bas-du-Mas-de-Boudan; Nimes; 30000; Francia,Nimes,Francia,1,Moderna,Terraza agradable;Grupos,0
L'Orangerie,9 rue de la Prépoise; Pornic; 44210; Francia,Pornic,Francia,1,Moderna,,0
L'Envers du Décor,23 rue de la Bienfaisance; Les Herbiers; 85500; Francia,Les Herbiers,Francia,1,Moderna,Productos locales,0
L'Atelier,2 rue Neuve; Montaigu; 85600; Francia,Montaigu,Francia,1,Tradicional,Terraza agradable,0
Beau Boucot,119 boulevard de l'Océan; Saint-Michel-Chef-Chef; 44730; Francia,Saint-Michel-Chef-Chef,Francia,1,Moderna; Pescados y mariscos,Familiar;Productos locales,0
Auberge Le Centre Poitou,39 rue Nationale; Coulombiers; 86600; Francia,Coulombiers,Francia,1,Moderna,Familiar,0
Le Gibolin,13 rue des Porcelets; Arles; 13200; Francia,Arles,Francia,1,Cocina de mercado,Productos locales,0
Bris'Art Culinaire,39 avenue Louis-Lajarrige; La Baule; 44500; Francia,La Baule,Francia,1,Moderna; Cocina de mercado,Comer solo,0
Le Moulin de la Santoire,La Plaine; Saint-Saturnin; 15190; Francia,Saint-Saturnin,Francia,1,Moderna,Terraza agradable;Familiar,0
Topaze,103 rue Aristide-Briand; Saint-Nazaire; 44600; Francia,Saint-Nazaire,Francia,1,Moderna,,0
Auberge La Gaillotière,Lieu-dit La Gaillotière; Château-Thébaud; 44690; Francia,Château-Thébaud,Francia,0,Tradicional,Productos locales,0
P'tite Pomme,18 rue de Mayence; Nantes; 44000; Francia,Nantes,Francia,1,Moderna,,0
Restaurant du Pont,147 rue du Grignon; Basse-Goulaine; 44115; Francia,Basse-Goulaine,Francia,1,Tradicional,,0
OBBO,10 allée des Tanneurs; Nantes; 44000; Francia,Nantes,Francia,1,Moderna,Productos locales,0
Meraki,2 rue Menou; Nantes; 44000; Francia,Nantes,Francia,1,Moderna,,0
La Mandale,32 rue Léon-Jamin; Nantes; 44000; Francia,Nantes,Francia,0,Cocina de mercado,,0
Le Rabelais,8 rue Auguste-Fabre; Saint-Chamas; 13250; Francia,Saint-Chamas,Francia,1,Cocina de mercado,Familiar;Terraza agradable,0
L'Ourdissoir,40 rue Saint-Bonaventure; Cholet; 49300; Francia,Cholet,Francia,1,Moderna,,0
La P’tite Patte,17 avenue de Nantes; Cholet; 49300; Francia,Cholet,Francia,1,Moderna,Terraza agradable,0
Prosper,2 rue des Trois-Rois; Marsella; 13006; Francia,Marsella,Francia,1,Cocina mediterránea,Tendencia,0
Atelier Salone,6 rue du Maréchal-Joffre; Salon-de-Provence; 13300; Francia,Salon-de-Provence,Francia,1,Moderna,Productos locales,0
C'la Vie,12 avenue du Jasset; Orsan; 30200; Francia,Orsan,Francia,1,Moderna,,0
L'Agape,21 place des Corps-Saints; Aviñón; 84000; Francia,Aviñón,Francia,1,Moderna,,0
Auberge des Deux Magots,1 place du Bouffay; La Roche-Bernard; 56130; Francia,La Roche-Bernard,Francia,1,Moderna,,0
La Chaumière de Pomper,Le Moulin de Pomper; 14 hameau de Kerhervé; Baden; 56870; Francia,Baden,Francia,0,Bretona; Crepes,Terraza agradable;Cocina local,0
Tribu,2 rue de la Liberté; Roquemaure; 30150; Francia,Roquemaure,Francia,1,Moderna,Familiar;Productos locales,0
La Chebaudière,6 rue Abbé-Joseph-Martin; Auray; 56400; Francia,Auray,Francia,1,Moderna,,0
Le Bon Temps,2600 RD7N Est; Sénas; 13560; Francia,Sénas,Francia,1,Cocina de mercado,Productos locales,0
Boma,15 place Maurice-Marchais; Vannes; 56000; Francia,Vannes,Francia,1,Moderna,,0
Le Tire Bouchon,45 rue Jules-le-Grand; Lorient; 56100; Francia,Lorient,Francia,1,Tradicional,,0
La Maison de Celou,5 rue Saint-Jouin; Châteauneuf-de-Gadagne; 84470; Francia,Châteauneuf-de-Gadagne,Francia,1,Moderna,,0
Ryoko - Comptoir à ramen,14 rue de la Fontaine; Vannes; 56000; Francia,Vannes,Francia,0,Ramen,Merece la espera;Comer solo,0
Gare aux Goûts,26 bis rue Louis-Blanqui; Lorient; 56100; Francia,Lorient,Francia,1,Tradicional,,0
L'Atelier L'Art des Mets,500 route de Robion; Taillades; 84300; Francia,Taillades,Francia,1,Cocina de mercado,Productos locales,0
Le Boudes La Vigne,7 place de la Mairie; Boudes; 63340; Francia,Boudes,Francia,1,Moderna; Tradicional,Terraza agradable;Familiar,0
Roche Belle,455 corniche du Liouquet; La Ciotat; 13600; Francia,La Ciotat,Francia,1,Provenzal,Terraza agradable;Cocina local,0
Solelh,30 avenue des Compagnons-de-la-Libération; L'Isle-sur-la-Sorgue; 84800; Francia,L'Isle-sur-la-Sorgue,Francia,1,Moderna,,0
Bistrot Brioude,7 rue Mazade; Neyrac-les-Bains; 07380; Francia,Neyrac-les-Bains,Francia,0,Tradicional,Terraza agradable;Familiar,0
Le Flaveur,4 rue Duquesne; Concarneau; 29900; Francia,Concarneau,Francia,1,Moderna,,0
Au Clair de la Vigne,25 rue du Docteur-Louis-Marçon; Bandol; 83150; Francia,Bandol,Francia,1,Moderna,Terraza agradable,0
Le Préau,1 cours Saint-Étienne; Rognes; 13840; Francia,Rognes,Francia,1,Moderna,Productos locales,0
Les Galinas,10 rue Constantin; Aix-en-Provence; 13100; Francia,Aix-en-Provence,Francia,1,Provenzal,Cocina local,0
L'Ermitage,73 avenue de l'Ermitage; Espaly-Saint-Marcel; 43000; Francia,Espaly-Saint-Marcel,Francia,1,Tradicional,Terraza agradable,0
Les Coloquintes,18 quai de l'Ardèche; Aubenas; 07200; Francia,Aubenas,Francia,1,Moderna; Cocina de mercado,Terraza agradable,0
L'Aubépine,13 boulevard Jean-Mathon; Aubenas; 07200; Francia,Aubenas,Francia,1,Moderna,,0
L'Émotion,13 place Cadelade; Puy-en-Velay; 43000; Francia,Le Puy-en-Velay,Francia,1,Moderna,,0
Maison Cachée,9 rue Haute-Candre; Rochefort-en-Terre; 56220; Francia,Rochefort-en-Terre,Francia,1,Moderna,Romántico,0
Fossé Saint Ange,2 rue du Chantier; Richelieu; 37120; Francia,Richelieu,Francia,1,Tradicional,,0
Coteaux et Fourchettes,3340 route de Carpentras; Cairanne; 84290; Francia,Cairanne,Francia,1,Moderna,,0
La Petite Verrière,16 avenue de la Bourgade; Le Puy-Sainte-Réparade; 13610; Francia,Le Puy-Sainte-Réparade,Francia,1,Moderna,Familiar,0
Glaz,9 place de la République; Pont-Croix; 29790; Francia,Pont-Croix,Francia,1,Moderna,Familiar,0
Éclosion,3 rue Laennec; Quimper; 29000; Francia,Quimper,Francia,1,Moderna,,0
Le Saint Gabriel,334 avenue de la République; Tolón; 83000; Francia,Tolón,Francia,1,Tradicional,Terraza agradable,0
Maison Vidal - Le Bistrot de Justin,18 place du Marché; Saint-Julien-Chapteuil; 43260; Francia,Saint-Julien-Chapteuil,Francia,1,Moderna; Tradicional,,0
Le Pastel,20 rue Victor-Micholet - Square Léon-Vérane; Tolón; 83000; Francia,Tolón,Francia,1,Cocina mediterránea,,0
Le Bistrot 270,270 chemin de Malombre; Malataverne; 26780; Francia,Malataverne,Francia,1,Moderna,Terraza agradable,0
Ti-Coz,4 Hent-Koz; Quimper; 29000; Francia,Quimper,Francia,1,Tradicional,,0
Auberge de la Baraque,2 route de Bordeaux; Orcines; 63870; Francia,Orcines,Francia,1,Moderna,,0
Le Welcome,13 rue du Bosquet; Chamalières; 63400; Francia,Chamalières,Francia,1,Moderna,Familiar,0
Le Bistrot d'à Côté,16 rue des Minimes; Clermont-Ferrand; 63000; Francia,Clermont-Ferrand,Francia,1,Moderna,Grupos,0
La Table By Mi-K'L,7 place Dupetit-Thouars; Saumur; 49400; Francia,Saumur,Francia,1,Moderna,,0
Le Chardonnay,1 place Philippe-Marcombes; Clermont-Ferrand; 63000; Francia,Clermont-Ferrand,Francia,1,Moderna,,0
L'Essentiel,11 rue Raspail; Saumur; 49400; Francia,Saumur,Francia,1,Moderna; Creativa,,0
Il Visconti,9 rue du Terrail; Clermont-Ferrand; 63000; Francia,Clermont-Ferrand,Francia,1,Italiana,Terraza agradable,0
Le Bistrot de Villedieu,21 place de la Libération; Villedieu; 84110; Francia,Villedieu,Francia,1,Provenzal,,0
La Table de Pablo,1713 route de Rustrel; Hameau Les Petits-Cléments; Villars; 84400; Francia,Villars,Francia,1,Cocina de mercado,,0
Gribiche,9 rue Max-Richard; Angers; 49100; Francia,Angers,Francia,1,Tradicional,,0
L'Ardoise,7 place Molière; Angers; 49100; Francia,Angers,Francia,1,Tradicional; Cocina mediterránea,,0
Bistrot de la Maison Tiegezh,7 place de la Gare; Guer; 56380; Francia,Guer,Francia,1,Tradicional,,0
Epona,928 route de Chomérac; Baix; 07210; Francia,Baix,Francia,1,Tradicional,Familiar,0
Hyacinthe & Robert,100 rue Nationale; Pontivy; 56300; Francia,Pontivy,Francia,1,Moderna,,0
L'Épine,19 place de la République; Azay-le-Rideau; 37190; Francia,Azay-le-Rideau,Francia,2,Moderna,Terraza agradable,0
La Table du Prieuré,2 rue du Château; Le Louroux; 37240; Francia,Le Louroux,Francia,1,Moderna,,0
L'Acte 2,7 place aux Champignons; Saint-Bonnet-le-Froid; 43290; Francia,Saint-Bonnet-le-Froid,Francia,1,Moderna,Familiar,0
Chez Bastien,6 place du Terreau; Manosque; 04100; Francia,Manosque,Francia,1,Moderna,,0
Bistrot la Coulemelle,3 rue du Vivarais; Saint-Bonnet-le-Froid; 43290; Francia,Saint-Bonnet-le-Froid,Francia,1,Tradicional,Familiar,0
Jeux 2 Goûts,40 rue Grande; Châteauroux; 36000; Francia,Châteauroux,Francia,1,Moderna,,0
Len'K - La Maison Bonnet,2 place du Champ-de-Mars; Grane; 26400; Francia,Grane,Francia,1,Moderna,Terraza agradable;Familiar,0
Erasmo,4 rue du Général-Lambert; Carhaix-Plouguer; 29270; Francia,Carhaix-Plouguer,Francia,1,Moderna,,0
Peck & Co,23 rue Fautras; Brest; 29200; Francia,Brest,Francia,0,Moderna; Cocina de mercado,Comer solo,0
La Récré,70 route de Satillieu; Vaudevant; 07410; Francia,Vaudevant,Francia,1,Tradicional,Terraza agradable;Familiar,0
Récolte,2 rue Gaudrine; Bruz; 35170; Francia,Bruz,Francia,1,Moderna,,0
Barr Avel,Rue Le Grand-Mail; Saint-Péray; 07130; Francia,Saint-Péray,Francia,1,Moderna,Comer solo,0
Le Bac à Traille,16 rue des Cévennes; Valence; 26000; Francia,Valence,Francia,1,Tradicional,Familiar,0
La Table des Matrus,26 rue du Grand-Gonnet; Saint-Etienne; 42000; Francia,Saint-Étienne,Francia,1,Moderna,Familiar;Productos locales,0
Estime,15 rue du Chapitre; Rennes; 35000; Francia,Rennes,Francia,1,Moderna,,0
Breizh Café Rennes,1 place de la Trinité; Rennes; 35000; Francia,Rennes,Francia,1,Bretona,Familiar,0
La Petite Ourse,48 boulevard de la Liberté; Rennes; 35000; Francia,Rennes,Francia,0,Cocina de mercado,Productos locales,0
Bombance,23 rue de la Chalotais; Rennes; 35000; Francia,Rennes,Francia,1,Moderna,,0
Fezi,2 rue des Carmes; Rennes; 35000; Francia,Rennes,Francia,1,Moderna,Productos locales,0
YOKO,20 boulevard de la Tour-d'Auvergne; Rennes; 35000; Francia,Rennes,Francia,1,Moderna; Japonesa,,0
Colette - Domaine de la Plagnette,121 chemin de la Plagnette; Les Salles; 42440; Francia,Les Salles,Francia,1,Moderna,,0
Auberge Saint Fiacre,5 rue de la Fontaine; Veuil; 36600; Francia,Veuil,Francia,1,Moderna,,0
La Table,1 traverse de Jas; Les Ribas; Tourtour; 83690; Francia,Tourtour,Francia,1,Moderna,Terraza agradable,0
Fleur de Sel,15 place Pierre-Fidèle-Bretonneau; Saint-Georges-sur-Cher; 41400; Francia,Saint-Georges-sur-Cher,Francia,0,Moderna,Familiar,0
Le Relais de la Rance,6 rue de Rennes; Quédillac; 35290; Francia,Quédillac,Francia,1,Tradicional,,0
Les Arpents,5 rue d'Orange; Amboise; 37400; Francia,Amboise,Francia,1,Moderna,,0
L'Araignée Gourmande,8 rue de la Paix; Laragne-Montéglin; 05300; Francia,Laragne-Montéglin,Francia,1,Tradicional,,0
Entre Nous,20 rue d'en Bas; Vitré; 35500; Francia,Vitré,Francia,1,Moderna,,0
Le Comptoir de La Butte,12 rue de la Mer; Plouider; 29260; Francia,Plouider,Francia,1,Tradicional,Productos locales,0
La Croix Blanche,2 avenue de la Loire; Veuzain-sur-Loire; 41150; Francia,Veuzain-sur-Loire,Francia,1,Moderna; Tradicional,Terraza agradable,0
Le Bon Abri,7 place de l'Église; Hillion; 22120; Francia,Hillion,Francia,1,Tradicional,,0
Silex,15 place de l'Église; Chahaignes; 72340; Francia,Chahaignes,Francia,1,Moderna,,0
L'Amandier,19 rue Marc-Antoine-Désaugiers; Fréjus; 83600; Francia,Fréjus,Francia,1,Tradicional,Cocina local,0
La Maison de Kerdiès,5 route de Perherel; à Saint-Samson; Plougasnou; 29630; Francia,Plougasnou,Francia,1,Tradicional,,0
Le Cottage,616 chemin du Marais; Chonas-l'Amballan; 38121; Francia,Chonas-l'Amballan,Francia,1,Tradicional,Terraza agradable,0
L'Atelier Locavore,2 avenue de la Libération; Le Coteau; 42120; Francia,Le Coteau,Francia,1,Moderna,Productos locales,0
Avarum,31 rue de l'Église; Fougères-sur-Bièvre; 41120; Francia,Fougères-sur-Bièvre,Francia,1,Moderna,,0
Rolland,12 chemin du Moulin-Rolland; Plourhan; 22410; Francia,Plourhan,Francia,1,Moderna,Productos locales,0
Le Biniou,121 rue Clemenceau; Pléneuf-Val-André; 22370; Francia,Pléneuf-Val-André,Francia,1,Tradicional,,0
Les Nymphéas,680 chemin de Violans; Chasse-sur-Rhône; 38670; Francia,Chasse-sur-Rhône,Francia,1,Moderna,,0
Café Brochier,4 place de la Fontaine; Saint-Julien-en-Vercors; 26420; Francia,Saint-Julien-en-Vercors,Francia,1,Moderna,Terraza agradable,0
Le Brélévenez,1 rue Stang-Ar-Béo; Lannion; 22300; Francia,Lannion,Francia,1,Moderna,,0
Vivace,Place de Crec'h-Héry; Trébeurden; 22560; Francia,Trébeurden,Francia,1,Moderna; Vegana,Productos locales,0
Domus,2 rue des Vignes-d'en-Haut; Mont-près-Chambord; 41250; Francia,Mont-près-Chambord,Francia,1,Moderna,Productos locales,0
Le Rendez-vous des Gourmets,20 rue Roger-Brun; Bracieux; 41250; Francia,Bracieux,Francia,1,Tradicional; Clásica,Un clásico,0
Bistrot Louise,80 place Jean-Vinay; L'Albenc; 38470; Francia,L'Albenc,Francia,1,Moderna,,0
Accentué,97 rue de Gerland; Lyon; 69007; Francia,Lyon,Francia,1,Creativa,,0
Le Kitchen,34 rue Chevreul; Lyon; 69007; Francia,Lyon,Francia,0,Moderna,Productos locales,0
Le Malu,1 route de Tours (à Villerable); Vendôme; 41100; Francia,Vendôme,Francia,1,Moderna,,0
Agastache,134 rue Duguesclin; Lyon; 69006; Francia,Lyon,Francia,1,Moderna,,0
Bergamote,123 rue de Gerland; Lyon; 69007; Francia,Lyon,Francia,1,Moderna,Familiar,0
Le Cochon qui Boit,23 rue Royale; Lyon; 69001; Francia,Lyon,Francia,1,Moderna,,0
Cinq Mains,12 rue Monseigneur-Lavarenne; Lyon; 69005; Francia,Lyon,Francia,1,Moderna,,0
Le Tiroir,20 grande rue de Vaise; Lyon; 69009; Francia,Lyon,Francia,1,Moderna,Familiar,0
La Virée,21 rue Jean-Larrivé; Lyon; 69003; Francia,Lyon,Francia,0,Moderna,,0
Fidelis,10 rue Jacques-Cartier; Saint-Malo; 35400; Francia,Saint-Malo,Francia,1,Tradicional,,0
La Meunière,11 rue Neuve; Lyon; 69001; Francia,Lyon,Francia,1,Cocina lionesa,Cocina local,0
Le Comptoir Breizh Café,6 rue de l'Orme; Saint-Malo; 35400; Francia,Saint-Malo,Francia,1,Bretona,Cocina local,0
Racine,1 rue du Chapeau-Rouge; Lyon; 69009; Francia,Lyon,Francia,0,Moderna,Familiar;Productos locales,0
Danton,8 rue Danton; Lyon; 69003; Francia,Lyon,Francia,1,Moderna,,0
M Restaurant,47 avenue Maréchal-Foch; Lyon; 69006; Francia,Lyon,Francia,1,Cocina de mercado,,0
Aux Bons Enfants,80 rue Meynadier; Cannes; 06400; Francia,Cannes,Francia,1,Provenzal,Comer solo;Cocina local,0
Siprès,2 place du Prado; Lyon; 69007; Francia,Lyon,Francia,1,Moderna; Cocina de mercado,,0
La Fourchette à Droite,2 rue de la Pie-qui-Boit; Saint-Malo; 35400; Francia,Saint-Malo,Francia,1,Moderna,,0
Doma,4 Grand Rue; Saint-Malo; 35400; Francia,Saint-Malo,Francia,1,Moderna,,0
Veronatuti,122 rue Montesquieu; Lyon; 69007; Francia,Lyon,Francia,1,Italiana,Familiar,0
Le Jean Moulin,45 rue de Sèze; Lyon; 69006; Francia,Lyon,Francia,1,Moderna,Grupos,0
Le Zeste Gourmand,93 rue Bossuet; Lyon; 69006; Francia,Lyon,Francia,1,Moderna,,0
Bistrot des Anges,Rue de l'Ouest; Le Cannet; 06110; Francia,Le Cannet,Francia,1,Tradicional,Terraza agradable;Grupos,0
L'Éclat de Pierre,2 place André-Michel; Saint-Didier-au-Mont-d'Or; 69370; Francia,Saint-Didier-au-Mont-d'Or,Francia,1,Tradicional,Terraza agradable,0
L'Épicurieux chez Luc,1080 route des Monts-d'Or; Curis-au-Mont-d'Or; 69250; Francia,Curis-au-Mont-d'Or,Francia,0,Tradicional,Terraza agradable;Familiar,0
Les Dilettants,1193 chemin de Saint-Bernard; Vallauris; 06220; Francia,Vallauris,Francia,1,Moderna,Terraza agradable;Productos locales,0
Lo Fieu,55 route de Lyon; lieu-dit La Grive; Saint-Alban-de-Roche; 38080; Francia,Saint-Alban-de-Roche,Francia,1,Regional; Tradicional,Familiar;Cocina local,0
Breizh Café Cancale,7 quai Thomas; Cancale; 35260; Francia,Cancale,Francia,1,Bretona,Cocina local,0
Ô en Couleur,9 rue de Beaugency; Oucques; 41290; Francia,Oucques,Francia,1,Moderna,Familiar,0
L'Esprit Bistrot,167 route du Dauphiné; Maubec; 38300; Francia,Maubec,Francia,1,Moderna,Terraza agradable,0
L'Épicerie,1 chemin des Usages; La Borne; 18250; Francia,La Borne,Francia,1,Moderna,,0
L’Abbaye Caladoise,180 rue Georges-Mangin; Villefranche-sur-Saône; 69400; Francia,Villefranche-sur-Saône,Francia,1,Tradicional,Terraza agradable;Familiar,0
La Petite Chartreuse,106 Grande-Rue; La Tronche; 38700; Francia,La Tronche,Francia,1,Moderna,,0
Tohu Bohu,16 rue Chenoise; Grenoble; 38000; Francia,Grenoble,Francia,1,Moderna,Comer solo,0
Café A,280 allée du Jeune-Bayard; Uriage-les-Bains; 38410; Francia,Uriage-les-Bains,Francia,1,Tradicional; Moderna,,0
Le Beaujolais,40 rue du Maréchal-Foch; Belleville-en-Beaujolais; 69220; Francia,Belleville-en-Beaujolais,Francia,1,Tradicional,Familiar,0
JK Restaurant,350 route du Château; Chassy; 71130; Francia,Chassy,Francia,1,Moderna,Terraza agradable;Familiar,0
Restaurant du Dauphin,3 rue d'Huisne; La Ferté-Bernard; 72400; Francia,La Ferté-Bernard,Francia,1,Moderna,,0
Café des Musiciens,13 avenue Auber; Niza; 06000; Francia,Niza,Francia,1,Cocina de mercado,Productos locales,0
Chez Davia,11 bis rue Grimaldi; Niza; 06000; Francia,Niza,Francia,1,Regional,Cocina local,0
Bistrot d'Antoine,27 rue de la Préfecture; Niza; 06300; Francia,Niza,Francia,1,Tradicional,,0
Olive & Artichaut,6 rue Sainte-Réparate; Niza; 06300; Francia,Niza,Francia,1,Regional,Productos locales,0
Au Bon Accueil,23 place Saint-Michel; Juvigny-sous-Andaine; 61140; Francia,Juvigny-sous-Andaine,Francia,1,Creativa,,0
La Merenda,4 rue Raoul-Bosio; Niza; 06000; Francia,Niza,Francia,1,Provenzal,Cocina local,0
L'Alchimie,14 rue Maccarani; Niza; 06000; Francia,Niza,Francia,1,Moderna,Merece la espera;Familiar,0
Sème,33 place Charles-de-Gaulle; Saint-Pair-sur-Mer; 50380; Francia,Saint-Pair-sur-Mer,Francia,1,Tradicional; Moderna,Familiar,0
Les Plaisirs,2 rue Puada-dau-Gourguet; Peillon; 06440; Francia,Peillon,Francia,1,Regional,Productos locales;Cocina local,0
Old Friend,Via Giuseppe Cesare Abba 51; Cagliari; 09126; Italia,Cagliari,Italia,1,Cocina de mercado; Cocina de temporada,Merece la espera,0
Hostellerie d'Héloïse,7 route de Mâcon; Cluny; 71250; Francia,Cluny,Francia,1,Moderna,,0
CUCINA.eat,piazza Galileo Galilei 1; Cagliari; 09128; Italia,Cagliari,Italia,0,Moderna; Cocina de temporada,Comer solo,0
Coxinendi,viale del Golfo di Quartu 25; Sanluri; 09045; Italia,Sanluri,Italia,1,Sarda; Creativa,Terraza agradable,0
La Table Bâgésienne,19 Grande-Rue; Bâgé-le-Châtel; 01380; Francia,Bâgé-le-Châtel,Francia,1,Tradicional,Productos locales,0
L'Orangerie,3 rue de la Marne; Menton; 06500; Francia,Menton,Francia,1,Moderna,,0
Auberge de l'Abbaye,5 route de l'Abbaye; Hambye; 50450; Francia,Hambye,Francia,1,Moderna,,0
Au Plaisir Ambré,26 Grande Rue; Briançon; 05100; Francia,Briançon,Francia,1,Moderna,,0
Les Pieds Dans l'Eau,28 chemin de la Folle-Entreprise; Saint-Langis-lès-Mortagne; 61400; Francia,Saint-Langis-lès-Mortagne,Francia,1,Moderna,Terraza agradable,0
L'Athome,1 route du Hutrel; Blainville-sur-Mer; 50560; Francia,Blainville-sur-Mer,Francia,1,Moderna,Familiar,0
Kalamansi,10 place du Général-de-Gaulle; Coutances; 50200; Francia,Coutances,Francia,1,Moderna,,0
Téjérina - Hôtel de la Place,51 place de la Mairie; Polliat; 01310; Francia,Polliat,Francia,1,Tradicional,Familiar;Cocina local,0
Agave,27 rue Victor-Basch; Bourg-en-Bresse; 01000; Francia,Bourg-en-Bresse,Francia,1,Fusión,,0
Le Montcenis,2 place du Champ-de-Foire; Montcenis; 71710; Francia,Montcenis,Francia,1,Tradicional,,0
Mets et Vins,11 rue de la République; Bourg-en-Bresse; 01000; Francia,Bourg-en-Bresse,Francia,1,Moderna,Productos locales,0
CASAeBOTTEGA,Piazza Giuseppe Garibaldi 2; Dolceacqua; 18035; Italia,Dolceacqua,Italia,1,Regional; Tradicional,,0
L'Auberge des Gourmets,9 place de l'Église; Le Villars; 71700; Francia,Le Villars,Francia,1,Moderna; Tradicional,Productos locales,0
El Equilibrista 33,Ingeniero Salinas 23; Las Palmas de Gran Canaria; 35006; España,Las Palmas de Gran Canaria,España,1,Creativa; Tradicional,Romántico;Cocina local,0
Le Bouchon Bourguignon,1 rue Albert-Thibaudet; Tournus; 71700; Francia,Tournus,Francia,1,Regional,Cocina local,0
La Locanda del Falco,Piazza Regina Elena 22; Valdieri; 12010; Italia,Valdieri,Italia,0,Piamontesa; Tradicional,,0
Terme,Via Madonna Assunta; Pigna; 18037; Italia,Pigna,Italia,1,Cocina de Liguria; Cocina de temporada,Cocina local,0
U Licettu,Plaine de Cuttoli; Cuttoli; 20167; Francia,Cuttoli,Francia,1,Tradicional,Terraza agradable;Productos locales,0
La Pineta,Piazzale Sant'Anna 6; Sant'Anna; 12020; Italia,Sant'Anna,Italia,1,Piamontesa; Tradicional,Familiar;Cocina local,0
Simple et Meilleur,Place Notre-Dame; quartier de Caseblanche; Saint-Martin-de-Belleville; 73440; Francia,Saint-Martin-de-Belleville,Francia,1,Saboyana,Productos locales,0
Le Bourgeon,8 place du Trophée; Alby-sur-Chéran; 74540; Francia,Alby-sur-Chéran,Francia,1,Moderna,,0
Au Petit Relais,445 Grande-Rue; Coligny; 01270; Francia,Coligny,Francia,1,Tradicional,Cocina local,0
Le Petit Nor’Cat,16 rue du Docteur-Callegari; La Haye; 50250; Francia,La Haye,Francia,1,Moderna,,0
Alba Restaurant,6-7 Market Square; St Peter Port; GY1 1HE; Reino Unido,St Peter Port,Reino Unido,1,Moderna,Romántico;Grupos,0
Le Restaurant des Isles,9 boulevard Maritime; Barneville-Carteret; 50270; Francia,Barneville-Carteret,Francia,1,Moderna,Familiar;Grupos,0
L'Ouillette,Place du Jet-d'Eau; Santenay; 21590; Francia,Santenay,Francia,1,Moderna,,0
Su Gologone,Località Su Gologone; Oliena; 08025; Italia,Oliena,Italia,1,Sarda; Tradicional,Un clásico;Cocina local,0
Moral,Jesús Nazareno 20; Santa Cruz de Tenerife; 38003; España,Santa Cruz de Tenerife,España,1,Actual,,0
San Sebastián 57,Avenida de San Sebastián 57; Santa Cruz de Tenerife; 38005; España,Santa Cruz de Tenerife,España,1,Cocina de temporada,,0
El Aguarde,Costa y Grijalba 21; Santa Cruz de Tenerife; 38004; España,Santa Cruz de Tenerife,España,1,Tradicional,Terraza agradable,0
ANTO,14 faubourg Sainte-Claire; Annecy; 74000; Francia,Annecy,Francia,1,Moderna,Favorito del inspector,0
Brasserie Brunet,10 rue de la Poste; Annecy; 74000; Francia,Annecy,Francia,1,Tradicional,Familiar,0
Cozna,22 faubourg Sainte-Claire; Annecy; 74000; Francia,Annecy,Francia,1,Moderna,,0
L'Auberge du Pont des Pierres,754 rue Lieutenant-Paul-de-Vanssay; Montanges; 01200; Francia,Montanges,Francia,1,Moderna,Productos locales,0
Le Denti,25 bis avenue de Loverchy; Annecy; 74000; Francia,Annecy,Francia,1,Moderna,,0
Racines,8 passage des Bains; Annecy; 74000; Francia,Annecy,Francia,1,Moderna,,0
La Bola de Jorge Bosch,Lomo 18; Tegueste; 38280; España,Tegueste,España,0,Tradicional,Grupos,0
Le Confidentiel,24 route des Moulins; Menthon-Saint-Bernard; 74290; Francia,Menthon-Saint-Bernard,Francia,1,Moderna,Familiar;Favorito del inspector,0
Là-Haut,8 rue du Baronnet; Annecy; 74000; Francia,Annecy,Francia,1,Moderna,,0
Silbo Gomero,Volcán Elena 9; San Cristóbal de la Laguna; 38108; España,San Cristóbal de la Laguna,España,1,Actual,Cocina local,0
Osteria Didù,Via Felice Cascione 70; Imperia; 18100; Italia,Imperia,Italia,0,Pescados y mariscos; Cocina de Liguria,Comer solo;Grupos,0
Auberge des Chenets,10 D606; Valloux; 89200; Francia,Valloux,Francia,1,Tradicional,,0
Le Café de la Poste,6 place du Capitaine-Anjot; Nâves-Parmelan; 74370; Francia,Nâves-Parmelan,Francia,1,Moderna,Terraza agradable;Familiar,0
La Rapière,53 rue Saint-Jean; Bayeux; 14400; Francia,Bayeux,Francia,1,Tradicional,,0
L'Angle Saint-Laurent,2 rue des Bouchers; Bayeux; 14400; Francia,Bayeux,Francia,1,Moderna,,0
La Table du Square,26 boulevard du Maréchal-Foch; Beaune; 21200; Francia,Beaune,Francia,1,Cocina de mercado,,0
L'Alcôve,31 ter rue Larcher; Bayeux; 14400; Francia,Bayeux,Francia,1,Moderna,,0
A Mandria di Pigna,Le village; Pigna; 20220; Francia,Pigna,Francia,1,Corsa,,0
Les 9 névés,130 route des Balcons; Arêches; Beaufort; 73270; Francia,Beaufort,Francia,1,Moderna,Terraza agradable,0
Il Ciabot,Via Costa 7; Roletto; 10060; Italia,Roletto,Italia,0,Piamontesa; Moderna,,0
L'Aghjalle,Toro Soprano; Santa-Reparata-di-Balagna; 20220; Francia,Santa-Reparata-di-Balagna,Francia,1,Corsa,,0
Café de Peney,Route d'Aïre-La-Ville 130; Satigny; 1242; Suiza,Satigny,Suiza,1,Francesa; Tradicional,,0
Café du Levant,Rue du Vieux Four 53; Aire-la-Ville; 1288; Suiza,Aire-la-Ville,Suiza,1,Francesa; Cocina de mercado,Cocina local,0
Le Sarment,37 rue du Pont; Auxerre; 89000; Francia,Auxerre,Francia,1,Moderna,,0
Roze,4 rue Augustin-Fresnel; Mathieu; 14920; Francia,Mathieu,Francia,1,Moderna,,0
Les Curiades,Vieux-Lully 10; Bernex; 1233; Suiza,Bernex,Suiza,1,Regional; Cocina de mercado,,0
La Ferme de Victorine,141 route du Plan-Dessert; Notre-Dame-de-Bellecombe; 73590; Francia,Notre-Dame-de-Bellecombe,Francia,1,Regional,Cocina local,0
Bistrot du Lion d'Or,Rue Ancienne 53; Carouge; 1227; Suiza,Carouge,Suiza,1,Francesa clásica,Cocina local,0
Chez Philippe,Rue du Rhône 8; Ginebra; 1204; Suiza,Ginebra,Suiza,2,Carnes a la parrilla; Internacional,Comer solo,0
L'Agape,Rue Caroline 11; Ginebra; 1227; Suiza,Ginebra,Suiza,1,Cocina de temporada; Actual,Comer solo,0
La Table d'Hôtes,10 avenue du Général-Leclerc; Ouistreham; 14150; Francia,Ouistreham,Francia,1,Moderna,,0
Bistrot Dumas,Avenue Dumas 7; Ginebra; 1206; Suiza,Ginebra,Suiza,1,Francesa,,0
Osteria della Bottega,Grand Rue 3; Ginebra; 1204; Suiza,Ginebra,Suiza,1,Italiana; Cocina de temporada,,0
Natürlich,Rue de la Coulouvrenière 38; Ginebra; 1204; Suiza,Ginebra,Suiza,1,Cocina de mercado,Comer solo,0
Le Dorian,Place René Payot 1; Ginebra; 1200; Suiza,Ginebra,Suiza,1,Clásica,Cocina local,0
Le Bologne,Rue Necker 9; Ginebra; 1201; Suiza,Ginebra,Suiza,1,Clásica,Cocina local,0
SUAHOY,Rue Prévost-Martin 25; Ginebra; 1205; Suiza,Ginebra,Suiza,1,Thai,,0
Le Moulin Fouret,2 route du Moulin-Fouret; Treis-Sants-en-Ouche; 27300; Francia,Treis-Sants-en-Ouche,Francia,1,Moderna,,0
Vascello d'Oro,Via San Giuseppe 9; Carrù; 12061; Italia,Carrù,Italia,0,Piamontesa; Tradicional,Familiar;Cocina local,0
Chablis Wine Not,Rue des Moulins; Chablis; 89800; Francia,Chablis,Francia,1,Carnes a la parrilla; Tradicional,Familiar,0
Breizh Café Megève,21 rue Monseigneur-Conseil; Megève; 74120; Francia,Megève,Francia,1,Crepes,Terraza agradable;Familiar,0
Collonge Café,Chemin du Château-de-Bellerive 3; Collonge-Bellerive; 1245; Suiza,Collonge-Bellerive,Suiza,1,Cocina mediterránea; Moderna,Terraza agradable,0
L'Éden,7 rue Henri-Fouchard; Houlgate; 14510; Francia,Houlgate,Francia,1,Moderna,,0
Osteria La Torre,Via dell'Ospedale 22; Cherasco; 12062; Italia,Cherasco,Italia,1,Piamontesa; Tradicional,Cocina local,0
La Chartreuse,622 route de Béol; Le Reposoir; 74950; Francia,Le Reposoir,Francia,1,Moderna,,0
Battaglino,piazza Roma 18; Bra; 12042; Italia,Bra,Italia,1,Piamontesa; Tradicional,,0
Osteria del Boccondivino,Via Mendicità Istruita 14; Bra; 12042; Italia,Bra,Italia,0,Piamontesa; Tradicional,Familiar;Cocina local,0
Osteria La Pimpinella,Via San Rocco 70; Bra; 12042; Italia,Bra,Italia,1,Actual; Regional,Comer solo,0
Furancho La Zapatería,Paseo Canarina 18; Icod de los Vinos; 38430; España,Icod de los Vinos,España,0,Gallega,Terraza agradable,0
Bistrot Lucien,La Rôtisserie du Chambertin; 6 rue du Chambertin; Gevrey-Chambertin; 21220; Francia,Gevrey-Chambertin,Francia,1,Tradicional,Familiar,0
argoe,The Strand; Newlyn; TR18 5HW; Reino Unido,Newlyn,Reino Unido,1,Pescados y mariscos,Terraza agradable;Comer solo,0
La Gazette,7 rue Saint-Sauveur; Evreux; 27000; Francia,Évreux,Francia,1,Moderna,,0
Osteria Veglio,Frazione Annunziata 9; La Morra; 12064; Italia,La Morra,Italia,0,Piamontesa,,0
El Rebojo,Francisco Martínez de Fuentes 17; Garachico; 38450; España,Garachico,España,1,Tradicional; Cocina de mercado,,0
Le Martin Bel Air,3 place du 19-Mars-1962; Saint-Martin-du-Tertre; 89100; Francia,Saint-Martin-du-Tertre,Francia,1,Moderna,,0
Antiche Sere,Via Cenischia 9; Turín; 10139; Italia,Turín,Italia,1,Piamontesa; Tradicional,,0
La Table de Nernier,11 place du Musée; Nernier; 74140; Francia,Nernier,Francia,2,Tradicional,Terraza agradable,0
Scannabue Caffè Restaurant,largo Saluzzo 25/h; Turín; 10125; Italia,Turín,Italia,0,Regional,,0
Contesto Alimentare,via Accademia Albertina 21/e; Turín; 10123; Italia,Turín,Italia,1,Italiana; Moderna,Cocina local,0
Cantina dei Cacciatori,località Villa Superiore 59; Monteu Roero; 12040; Italia,Monteu Roero,Italia,0,Piamontesa; Tradicional,,0
Consorzio,Via Monte di Pietà 23; Turín; 10122; Italia,Turín,Italia,1,Piamontesa; Tradicional,Cocina local,0
L'Acino,Via San Domenico 2/a; Turín; 10121; Italia,Turín,Italia,1,Piamontesa; Tradicional,Cocina local,0
Fratelli Bruzzone,Via Maria Vittoria 34/a; Turín; 10123; Italia,Turín,Italia,0,Piamontesa; Tradicional,Cocina local,0
Magazzino 52,Via Giolitti 52/a; Turín; 10123; Italia,Turín,Italia,1,Italiana contemporánea; Cocina de temporada,Comer solo,0
El Secreto de Chimiche,Carretera General del Sur 4; Chimiche; 38594; España,Chimiche,España,1,Tradicional; Carnes a la parrilla,Terraza agradable;Productos locales,0
So,15 rue Amiral-Roussin; Dijon; 21000; Francia,Dijon,Francia,0,Cocina de mercado,,0
Cave,29 rue Jeannin; Dijon; 21000; Francia,Dijon,Francia,1,Moderna,Mesa del chef;Productos locales,0
Akashon,L'Heliopic; 50 place de l'Aiguille-du-Midi; Chamonix Mont-Blanc; 74400; Francia,Chamonix-Mont-Blanc,Francia,1,Moderna,Familiar,0
Spica,48 rue de la Préfecture; Dijon; 21000; Francia,Dijon,Francia,1,Moderna,,0
L'Évidence,53 rue Jeannin; Dijon; 21000; Francia,Dijon,Francia,1,Moderna,,0
Le Lodge,20 route de Sixt; Samoëns; 74340; Francia,Samoëns,Francia,1,Tradicional; Moderna,Familiar,0
Grain de Sel,79 route Nationale; Dole; 39100; Francia,Dole,Francia,1,Moderna,Terraza agradable,0
La Fleur de Sel,17 rue Haute; Honfleur; 14600; Francia,Honfleur,Francia,1,Moderna,,0
Bagatelle,346 avenue du Maréchal-Juin; Dole; 39100; Francia,Dole,Francia,1,Moderna,Terraza agradable,0
SaQuaNa,22 place Hamelin; Honfleur; 14600; Francia,Honfleur,Francia,1,Creativa; Moderna,,0
Iida-Ya,18 rue Arney; Dole; 39100; Francia,Dole,Francia,1,Japonesa,,0
Bird,38 rue Charles-de-Gaulle; Yerres; 91330; Francia,Yerres,Francia,1,Cocina de mercado,Terraza agradable,0
Le Bistronôme,62 rue de Faramand; Arbois; 39600; Francia,Arbois,Francia,1,Moderna,Terraza agradable,0
Le Margote,50 quai Michel-Féré; Le Havre; 76600; Francia,Le Havre,Francia,1,Moderna; Creativa,,0
Le Bouche à Oreille,19 rue Paul-Doumer; Le Havre; 76600; Francia,Le Havre,Francia,1,Moderna; Tradicional,,0
Brasserie Le Gogant,Route de France 8; Le Brassus; 1348; Suiza,Le Brassus,Suiza,1,Cocina de temporada; Moderna,Grupos,0
Baca'v - Boulogne,33 avenue du Général-Leclerc; Boulogne-Billancourt; 92100; Francia,Boulogne-Billancourt,Francia,1,Tradicional,,0
Njørd café,Place du Marché 15; Aubonne; 1170; Suiza,Aubonne,Suiza,1,Escandinava; Cocina de mercado,Familiar,0
Farouche,36 avenue Henri-Ginoux; Montrouge; 92120; Francia,Montrouge,Francia,1,Moderna,,0
Le Radis Beurre,51 boulevard Garibaldi; París; 75015; Francia,París,Francia,1,Tradicional,,0
Capsule,2 rue Cassini; París; 75014; Francia,París,Francia,1,Tradicional,,0
Cabane,8 rue du Docteur-Foucault; Nanterre; 92000; Francia,Nanterre,Francia,1,Moderna,Familiar;Favorito del inspector,0
Le CasseNoix,56 rue de la Fédération; París; 75015; Francia,París,Francia,1,Tradicional,,0
Le Cornichon,34 rue Gassendi; París; 75014; Francia,París,Francia,1,Moderna,,0
Aux Plumes,45 rue Boulard; París; 75014; Francia,París,Francia,1,Moderna,,0
L'Antre Amis,9 rue Bouchut; París; 75015; Francia,París,Francia,1,Moderna,,0
Impérial Choisy,32 avenue de Choisy; París; 75013; Francia,París,Francia,1,China,,0
La Ferme de la Haute Crémonville,Route de Crémonville; Saint-Étienne-du-Vauvray; 27430; Francia,Saint-Étienne-du-Vauvray,Francia,1,Tradicional,,0
Auberge de la Croix d'Or - Bistro,Grande-Rue 18; Yens; 1169; Suiza,Yens,Suiza,1,Tradicional; Cocina de temporada,,0
20 Eiffel,20 rue de Monttessuy; París; 75007; Francia,París,Francia,1,Tradicional; Moderna,,0
Bistrot des Fables,139 rue Saint-Dominique; París; 75007; Francia,París,Francia,1,Tradicional,Cocina local,0
Baca'v par Gilles Choukroun,6 rue des Fossés-Saint-Marcel; París; 75005; Francia,París,Francia,1,Tradicional,Familiar,0
La Table de Mee,6 rue des Ciseaux; París; 75006; Francia,París,Francia,1,Coreana,,0
Kodawari Ramen - Yokochō,29 rue Mazarine; París; 75006; Francia,París,Francia,0,Japonesa,Merece la espera,0
Le Muratore,8 place du Docteur-Jean-Bernex; Evian-les-Bains; 74500; Francia,Evian-les-Bains,Francia,1,Tradicional; Regional,Terraza agradable;Familiar,0
Kisin,7-9 rue de Ponthieu; París; 75008; Francia,París,Francia,1,Japonesa,,0
Rosemarie,149 rue de l'Université; París; 75007; Francia,París,Francia,1,Tradicional,Cocina local,0
Rosselli 77,Via F.lli Rosselli 77; Cuorgnè; 10082; Italia,Cuorgnè,Italia,0,Piamontesa; Tradicional,Cocina local,0
Tata Yoyo,26 avenue de Verdun-1916; La Garenne-Colombes; 92250; Francia,La Garenne-Colombes,Francia,1,Moderna,,0
Auberge Pyrénées Cévennes,106 rue de la Folie-Méricourt; París; 75011; Francia,París,Francia,1,Tradicional,Familiar,0
Mova,39 rue des Dames; París; 75017; Francia,París,Francia,1,Moderna,,0
Vertfeuille,9 place de l’Eglise; Arc-et-Senans; 25610; Francia,Arc-et-Senans,Francia,1,Moderna,Familiar,0
À L'Improviste,21 rue Médéric; París; 75017; Francia,París,Francia,1,Tradicional,Familiar,0
Lissit,48 rue de la Folie-Méricourt; París; 75011; Francia,París,Francia,1,Moderna,,0
Le Savarin,4 rue de Navarin; París; 75009; Francia,París,Francia,1,Moderna,,0
Jip,112 rue de la Roquette; París; 75011; Francia,París,Francia,1,Coreana,,0
Épopée,52 rue Léon-Frot; París; 75011; Francia,París,Francia,1,Moderna,,0
Le Tire-Bouchon Rodier,47 rue Claude-Rodier; París; 75009; Francia,París,Francia,1,Tradicional,,0
Le Coucou,14 rue Bochart-de-Saron; París; 75009; Francia,París,Francia,1,Moderna,,0
BRU,28 rue Jean-Baptiste-Pigalle; París; 75009; Francia,París,Francia,1,Moderna; Criolla,,0
Adami,19 bis rue Pierre-Fontaine; París; 75009; Francia,París,Francia,1,Italiana,,0
Mắm From Hanoï,39 rue de Cléry; París; 75002; Francia,París,Francia,1,Vietnamita,Merece la espera,0
Brigade du Tigre,38 rue du Faubourg-Poissonnière; París; 75010; Francia,París,Francia,1,Asiática,,0
Double Dragon,52 rue Saint-Maur; París; 75011; Francia,París,Francia,1,Asiática,Comer solo,0
Le Saint Joseph,100 boulevard de la République; La Garenne-Colombes; 92250; Francia,La Garenne-Colombes,Francia,1,Moderna,Favorito del inspector,0
Mandoobar,7 rue d'Édimbourg; París; 75008; Francia,París,Francia,1,Coreana,Comer solo,0
Clamato,80 rue de Charonne; París; 75011; Francia,París,Francia,1,Pescados y mariscos; Moderna,Merece la espera,0
Jouvence,172 bis rue du Faubourg-Saint-Antoine; París; 75012; Francia,París,Francia,1,Moderna,Familiar,0
Caillebotte,8 rue Hippolyte-Lebas; París; 75009; Francia,París,Francia,1,Moderna,,0
Abri Soba,10 rue Saulnier; París; 75009; Francia,París,Francia,1,Japonesa,Merece la espera;Comer solo,0
Le Pantruche,3 rue Victor-Massé; París; 75009; Francia,París,Francia,1,Moderna,,0
Les Canailles Pigalle,25 rue La Bruyère; París; 75009; Francia,París,Francia,1,Tradicional,Familiar,0
Aux 2 K,5 rue Louise-Émilie-de-la-Tour-d'Auvergne; París; 75009; Francia,París,Francia,1,Moderna,,0
Fana,14 rue Ferdinand-Flocon; París; 75018; Francia,París,Francia,1,Moderna,,0
Lao Siam,49 rue de Belleville; París; 75019; Francia,París,Francia,1,Asiática,,0
Rosette,77 rue de Paris; Clichy; 92110; Francia,Clichy,Francia,1,Tradicional,,0
Ose,3 rue Durantin; París; 75018; Francia,París,Francia,1,Moderna,,0
Sardine Factory,Quay Road; West Looe; Looe; PL13 2BX; Reino Unido,Looe,Reino Unido,1,Pescados y mariscos,,0
North Street Kitchen,55 North Street; Fowey; PL23 1DB; Reino Unido,Fowey,Reino Unido,1,Pescados y mariscos,Terraza agradable,0
Del Belbo - Da Bardon,valle Asinari 25; San Marzano Oliveto; 14050; Italia,San Marzano Oliveto,Italia,1,Piamontesa; Tradicional,Cocina local,0
Cacciatori,Via Moreno 30; Cartosio; 15015; Italia,Cartosio,Italia,1,Piamontesa; Cocina de temporada,Familiar;Cocina local,0
Violetta,Via Valle San Giovanni 1; Calamandrana; 14042; Italia,Calamandrana,Italia,1,Piamontesa; Tradicional,,0
Counter Culture,4; Beach Parade; Beach Road; Newquay; TR7 1ET; Reino Unido,Newquay,Reino Unido,1,A compartir; Europea,Romántico,0
Da Fausto,Località Valle Prati 1; Cavatore; 15010; Italia,Cavatore,Italia,1,Piamontesa; Tradicional,Familiar;Grupos,0
Le Due Lanterne,Piazza Garibaldi 52; Nizza Monferrato; 14049; Italia,Nizza Monferrato,Italia,0,Piamontesa; Tradicional,Familiar;Cocina local,0
La Fleur de Sel,Rue du Temple 10; Cossonay; 1304; Suiza,Cossonay,Suiza,1,Moderna; Francesa,,0
La Civetta,Piazza S. Pietro; 6; Urbe; 17048; Italia,Urbe,Italia,0,Cocina de Liguria; Tradicional,Familiar;Cocina local,0
Paul-Arthur,23-25 place de la Pucelle; Ruan; 76000; Francia,Ruan,Francia,1,Moderna,,0
Myò Sushi Bar,Allée Ernest–Ansermet 1; Lausana; 1003; Suiza,Lausana,Suiza,1,Japonesa,,0
Andria,5 Lower Street; Dartmouth; TQ6 9AJ; Reino Unido,Dartmouth,Reino Unido,1,Moderna; Europea,Mesa del chef,0
Le Miniere,Piazza Martiri 1944 4; Traversella; 10080; Italia,Traversella,Italia,0,Piamontesa; Tradicional,Familiar;Cocina local,0
Auberge Communale Le Mont,Place du Petit Mont 4; Le Mont-sur-Lausanne; 1052; Suiza,Le Mont-sur-Lausanne,Suiza,1,Francesa contemporánea,Cocina local,0
Le Lab by Adel & Niko,Route de la Crottaz 5; Corseaux; 1802; Suiza,Corseaux,Suiza,1,Internacional,,0
Trattoria Losanna,Via San Rocco 40; Masio; 15024; Italia,Masio,Italia,0,Piamontesa; Regional,Cocina local,0
Là-Haut,Rue du Village 21; Chardonne; 1803; Suiza,Chardonne,Suiza,1,Cocina de mercado,,0
Le Bistro by Décotterd,Route de Glion 111; Montreux; 1823; Suiza,Montreux,Suiza,1,Francesa contemporánea,,0
Auberge Communale,78 rte des Deux-Villages; Saint-Légier; 1806; Suiza,Saint-Légier,Suiza,1,Actual,,0
Bistrot DuPont,5 place Charles-de-Gaulle; Pont-Sainte-Marie; 10150; Francia,Pont-Sainte-Marie,Francia,1,Tradicional,,0
Rick Stein's Café,10 Middle Street; Padstow; PL28 8AP; Reino Unido,Padstow,Reino Unido,1,Pescados y mariscos; Con influencias asiáticas,Terraza agradable;Familiar,0
Laghetto,Rue Trois Villages 291; Brusson; 11022; Italia,Brusson,Italia,1,Cocina del Valle de Aosta; Italiana,Grupos,0
Au Vieux Nendaz,Route de Siviez 137; Haute-Nendaz; 1997; Suiza,Haute-Nendaz,Suiza,1,Regional,Terraza agradable,0
Mont-Rouge,Route de la Télécabine 19; Haute-Nendaz; 1997; Suiza,Haute-Nendaz,Suiza,2,Internacional,Familiar,0
The Cornish Arms,15 West Street; Tavistock; PL19 8AN; Reino Unido,Tavistock,Reino Unido,1,Tradicional,Terraza agradable,0
Emilia,2 East Street; Ashburton; TQ13 7AA; Reino Unido,Ashburton,Reino Unido,1,Italiana,Comer solo,0
Charnu,41 bis avenue de la Libération; Lamorlaye; 60260; Francia,Lamorlaye,Francia,1,Moderna,,0
Il Moro,piazza Garibaldi 7; Capriata d'Orba; 15060; Italia,Capriata d'Orba,Italia,1,Piamontesa; Tradicional,Cocina local,0
Trattoria Rosmarino,Salita del Fondaco 30; Génova; 16123; Italia,Génova,Italia,1,Cocina de Liguria; Clásica,Familiar;Cocina local,0
Ô Bois Sauvage,Chemin des Mélèzes 26; Hérémence; 1987; Suiza,Hérémence,Suiza,2,Regional,Terraza agradable,0
Osteria Bar Sport,Strada Alessandria in San Germano 85; Casale Monferrato; 15033; Italia,Casale Monferrato,Italia,1,Tradicional; Piamontesa,Cocina local,0
Bruxaboschi,Via Francesco Mignone 8; San Desiderio; 16133; Italia,San Desiderio,Italia,1,Cocina de Liguria; Tradicional,,0
Auberge de La Mère Duval,Impasse de la Linerie; Auzouville-sur-Saâne; 76730; Francia,Auzouville-sur-Saâne,Francia,1,Moderna,,0
El Jardín de la Sal,Carretera La Costa-El Faro 5; Las Caletas; 38740; España,Las Caletas,España,0,Regional; Cocina de mercado,Terraza agradable,0
Mirabelle,Clos Vauban; 1 place du Colonel-de-Grouchy; Langres; 52200; Francia,Langres,Francia,1,Moderna,Terraza agradable;Familiar,0
16 ART-BAR-RESTAURANT,Mittelgässli 16; Saanen; 3792; Suiza,Saanen,Suiza,1,Regional; Internacional,Comer solo,0
Roma,Via Roma 15; Montoggio; 16026; Italia,Montoggio,Italia,0,Cocina de Liguria; Cocina de temporada,Comer solo;Cocina local,0
Bazaar,Riedweg 156; Zermatt; 3920; Suiza,Zermatt,Suiza,1,Internacional; Asiática,Familiar,0
Il Fiorile,Via XXV Aprile 6; frazione Castel Ratti; Borghetto di Borbera; 15060; Italia,Borghetto di Borbera,Italia,1,Piamontesa; Cocina de temporada,Comer solo;Familiar,0
Edo,Route Sierre-Montana 43; Crans-Montana; 3975; Suiza,Crans-Montana,Suiza,1,Japonesa; Sushi,,0
Da Felice,corso Valparaiso 136; Chiavari; 16043; Italia,Chiavari,Italia,1,Cocina de Liguria; Pescados y mariscos,Familiar;Cocina local,0
Raieü,Via Milite Ignoto 23; Cavi di Lavagna; 16033; Italia,Cavi di Lavagna,Italia,1,Pescados y mariscos; Cocina de Liguria,,0
Le Balcon,2 Grande-Rue; Combeaufontaine; 70120; Francia,Combeaufontaine,Francia,1,Tradicional; Regional,,0
Impero,Via Roma 13; Sizzano; 28070; Italia,Sizzano,Italia,1,Piamontesa; Regional,Comer solo,0
Italia,Piazza della Libertà 27; Quarona; 13017; Italia,Quarona,Italia,1,Piamontesa; Actual,Comer solo;Grupos,0
La Brinca,Via Campo di Ne 58; Ne; 16040; Italia,Ne,Italia,1,Cocina de Liguria; Tradicional,Cocina local;Favorito del inspector,0
Bistrot du Pollet,23 rue Tête-de-Bœuf; Dieppe; 76200; Francia,Dieppe,Francia,1,Pescados y mariscos; Tradicional,,0
Alpenblick - Bistro,Dorfstr. 9; Adelboden; 3715; Suiza,Adelboden,Suiza,1,Cocina de mercado; Regional,,0
Rimulas,Via Severino Grattoni 8; Voghera; 27058; Italia,Voghera,Italia,1,Innovadora; Cocina de Lombardía,,0
Buscone,Località Bosmenso Superiore 41; Varzi; 27057; Italia,Varzi,Italia,1,Regional; Tradicional,,0
Osteria San Giulio,Via Dulzago; Badia di Dulzago; 28043; Italia,Badia di Dulzago,Italia,1,Piamontesa; Regional,Cocina local,0
Bären,Dorfplatz 4; Schwarzenburg; 3150; Suiza,Schwarzenburg,Suiza,1,Regional; Cocina de temporada,Productos locales,0
Castagneto,via Vignola 14; Montrigiasco; 28041; Italia,Montrigiasco,Italia,1,Piamontesa; Pescados y mariscos,Familiar;Cocina local,0
Blasers Restaurant,Obere Bahnhofstrasse 10; Frutigen; 3714; Suiza,Frutigen,Suiza,1,Internacional; Suiza,Terraza agradable,0
Condividere,Via Cesare Battisti 26; Arona; 28041; Italia,Arona,Italia,1,Clásica; Actual,Grupos,0
Enoteca San Nicola,contrada di San Nicola 11/a; Bobbio; 29022; Italia,Bobbio,Italia,0,Regional; Tradicional,Comer solo;Cocina local,0
Panorama - Bistro,Hartlisbergstrasse 39; Steffisburg; 3612; Suiza,Steffisburg,Suiza,1,Tradicional; Cocina de temporada,Terraza agradable,0
Le Saisonnier,56 rue de la Verrerie; Roye; 70200; Francia,Roye,Francia,1,Moderna,Terraza agradable,0
Hardern Pintli,Hardern 23; Lyss; 3250; Suiza,Lyss,Suiza,1,Cocina de temporada; Regional,Grupos,0
Il Cardinale Vino e Cucina,Piazza Giacomo Matteotti 5; Sarzana; 19038; Italia,Sarzana,Italia,1,Italiana contemporánea; Cocina de temporada,,0
Schüpbärg-Beizli,Schüpberg 134; Schüpfen; 3053; Suiza,Schüpfen,Suiza,1,Suiza; Regional,,0
Edelweiss,Località Crodo; Viceno; 28862; Italia,Viceno,Italia,0,Regional; Cocina de temporada,Familiar;Grupos,0
Azzighe • Osteria a metà,Scali del Pontino 19; Livorno; 57122; Italia,Livorno,Italia,1,Toscana; Moderna,Cocina local,0
SALZANO,Seestrasse 108; Interlaken; 3800; Suiza,Interlaken,Suiza,1,Regional; Cocina de temporada,,0
Gommerstuba,Ernerstrasse 53; Ernen; 3995; Suiza,Ernen,Suiza,1,Internacional,,0
Alpenblick - Swiss Bistro,Oberdorfstrasse 3; Wilderswil; 3812; Suiza,Wilderswil,Suiza,1,Regional; Suiza,Cocina local,0
Albrun,Binntalstrasse 24; Binn; 3996; Suiza,Binn,Suiza,1,Regional; Cocina de temporada,Romántico,0
Mezzolitro Vini e Cucina,Via Pomè 10; Rho; 20017; Italia,Rho,Italia,1,Cocina de los Abruzos; Tradicional,Comer solo;Familiar,0
Brasserie Le Jardin,7 avenue du Général-Giraud; Reims; 51100; Francia,Reims,Francia,1,Tradicional,Terraza agradable;Comer solo,0
Chappeli,Allerheiligenstrasse 218; Grenchen; 2540; Suiza,Grenchen,Suiza,1,Tradicional; Cocina de mercado,Familiar,0
Caffè Grande,Piazza Paolo 9; Rivergaro; 29029; Italia,Rivergaro,Italia,1,Cocina de Emilia; Regional,,0
Osteria Magona,Località Vallone dei Messi 199; SP 16/b km 2;400; Bolgheri; 57020; Italia,Bolgheri,Italia,1,Toscana; Carnes a la parrilla,Grupos,0
Trippa,Via Giorgio Vasari 1; Milán; 20135; Italia,Milán,Italia,1,Italiana; Cocina de temporada,,0
Locanda Cacciatori,Località Mistadello di Castione; Ponte dell'Olio; 29028; Italia,Ponte dell'Olio,Italia,0,Cocina de Emilia; Cocina casera,Familiar;Grupos,0
Dongiò,via Corio 3; Milán; 20135; Italia,Milán,Italia,0,Cocina de Calabria; Tradicional,,0
Il Sottomarino,Via Fratti 1; Follonica; 58022; Italia,Follonica,Italia,1,Pescados y mariscos; Cocina mediterránea,Merece la espera;Familiar,0
Da Giannino - L'Angolo d'Abruzzo,via Rosolino Pilo 20; Milán; 20129; Italia,Milán,Italia,1,Cocina de los Abruzos; Tradicional,Cocina local,0
Bären,Hauptstrasse 18; Utzenstorf; 3427; Suiza,Utzenstorf,Suiza,1,Tradicional; Clásica,,0
Pythouse Kitchen Garden,West Hatch; Tisbury; SP3 6PA; Reino Unido,Tisbury,Reino Unido,1,Inglesa tradicional,Productos locales,0
Stadthaus,Kirchbühl 2; Burgdorf; 3400; Suiza,Burgdorf,Suiza,1,Internacional; Cocina de temporada,Familiar,0
"Osteria del Mare già il ""Votapentole""",Via IV Novembre 15; Castiglione della Pescaia; 58043; Italia,Castiglione della Pescaia,Italia,1,Pescados y mariscos; Cocina mediterránea,Merece la espera,0
La Clé des Champs,13 rue des Frères-Caudron; Favières; 80120; Francia,Favières,Francia,1,Moderna,,0
Briar,Number One Bruton; Hotel; 1 High Street; Bruton; BA10 0AB; Reino Unido,Bruton,Reino Unido,1,Actual; A compartir,,0
Queen of Cups,10-12 Northload Street; Glastonbury; BA6 9JJ; Reino Unido,Glastonbury,Reino Unido,1,Cocina de Oriente Medio; Cocina mediterránea,Grupos,0
Zum Alten Stephan,Friedhofplatz 10; Soleura; 4500; Suiza,Soleura,Suiza,1,Cocina de mercado; Tradicional,Terraza agradable,0
Le Restaurant,Hauptgasse 64; Soleura; 4500; Suiza,Soleura,Suiza,1,Francesa clásica; Tradicional,,0
L'Ostreria Fratelli Pavesi,Località Gariga 8; Podenzano; 29027; Italia,Podenzano,Italia,1,Regional; Moderna,Grupos,0
Agorà,Via Muro degli Ottevi 10; Brissago; 6614; Suiza,Brissago,Suiza,1,Italiana; Clásica,,0
SALZHAUS,Landhausquai 15a; Soleura; 4500; Suiza,Soleura,Suiza,1,Actual; Internacional,Terraza agradable,0
Asia,Via Moscia 4; Ascona; 6612; Suiza,Ascona,Suiza,1,Asiática; Sushi,,0
Château Attisholz - Brasserie la Source,Attisholzstrasse 3; Riedholz; 4533; Suiza,Riedholz,Suiza,1,Cocina de temporada; Cocina de mercado,Grupos,0
Root,12 Sadler Street; Wells; BA5 2SE; Reino Unido,Wells,Reino Unido,1,Vegetariana; Moderna,Productos locales,0
Centrale,via Locarno 2; Losone; 6616; Suiza,Losone,Suiza,1,Tradicional; Cocina de temporada,,0
Alla Cantina,Piazza Gottardo Zurini 1; Tegna; 6652; Suiza,Tegna,Suiza,1,Siciliana; Clásica,Cocina local,0
L'Oste Dispensa,Strada provinciale Giannella 113; Orbetello; 58015; Italia,Orbetello,Italia,1,Cocina de mercado; Bio,Familiar;Grupos,0
Nida,Via Nicola Barbantini 338; Lucca; 55100; Italia,Lucca,Italia,1,Japonesa; Fusión,Mesa del chef;Comer solo,0
Grotto della Salute,Via dei Sindacatori 2A; Massagno; 6900; Suiza,Massagno,Suiza,1,Cocina mediterránea,,0
Grotto Valmaggese,Via Vallemaggia 72; Avegno; 6670; Suiza,Avegno,Suiza,1,Clásica; Cocina de temporada,,0
The Flint House,13 Hanningtons Lane; Brighton and Hove; BN1 1GS; Reino Unido,Brighton and Hove,Reino Unido,1,Moderna,,0
Cin Cin,60 Western Road; Brighton and Hove; BN3 1JD; Reino Unido,Brighton and Hove,Reino Unido,1,Italiana,Comer solo,0
Burnt Orange,59 Middle Street; Brighton and Hove; BN1 1AL; Reino Unido,Brighton and Hove,Reino Unido,1,Cocina mediterránea,Terraza agradable,0
Palmito,16 Western Road; Brighton and Hove; BN3 1AE; Reino Unido,Brighton and Hove,Reino Unido,1,Asiática; Sudamericana,,0
Wiesner Mysterion – Werkstatt Kost,Bramboden 6; Romoos; 6167; Suiza,Romoos,Suiza,1,Cocina de mercado; Barbacoa,Terraza agradable,0
Antica Locanda di Sesto,Via Ludovica 1660; Loc. Sesto di Moriano; Ponte a Moriano; 55100; Italia,Ponte a Moriano,Italia,1,Toscana; Regional,Cocina local;Favorito del inspector,0
Locanda Mariella,Località Fragnolo 29; Calestano; 43030; Italia,Calestano,Italia,1,Cocina de Emilia; Moderna,,0
Pulpo Negro,28 Broad Street; New Alresford; SO24 9AQ; Reino Unido,New Alresford,Reino Unido,1,Española,,0
Trattoria Via Vai,Via Libertà 18; Bolzone; 26010; Italia,Bolzone,Italia,1,Cocina de Lombardía; Tradicional,,0
Eintracht,Neue Strasse 6; Kestenholz; 4703; Suiza,Kestenholz,Suiza,1,Internacional; Tradicional,,0
Podere San Faustino,Via San Faustino 33 (SS Emilia Nord); Fidenza; 43036; Italia,Fidenza,Italia,1,Cocina de Emilia; Tradicional,Familiar,0
Sonne,Dorf 2; Ebersecken; 6245; Suiza,Ebersecken,Suiza,1,Tradicional; Suiza,,0
Alpenblick,Melchtalerstrasse 40; Sankt Niklausen; 6066; Suiza,Sankt Niklausen,Suiza,1,Tradicional,,0
Antica Trattoria Cattivelli,Via Chiesa di Isola Serafini 2; Monticelli d'Ongina; 29010; Italia,Monticelli d'Ongina,Italia,1,Regional; Tradicional,Grupos;Cocina local,0
Touring Club,4 Washington Buildings; Stanwell Road; Penarth; CF64 2AD; Reino Unido,Penarth,Reino Unido,1,Inglesa moderna,Comer solo,0
Kanton Restaurant,Via Antonio Gramsci 17; Capriate San Gervasio; 24042; Italia,Capriate San Gervasio,Italia,1,China; Moderna,Favorito del inspector,0
Racines,46 boulevard de l'Impératrice; Étaples; 62630; Francia,Étaples,Francia,1,Moderna,,0
Winstub À Côté,2 rue Rogg-Haas; Sierentz; 68510; Francia,Sierentz,Francia,1,Regional,Grupos;Cocina local,0
Purple Poppadom,185a Cowbridge Road East; Upper Floor; Cardiff; CF11 9AJ; Reino Unido,Cardiff,Reino Unido,1,Hindú,,0
L'Arbre Vert,96 rue Principale; Berrwiller; 68500; Francia,Berrwiller,Francia,1,Moderna,Familiar;Grupos,0
Beckford Bottle Shop,5-8 Saville Row; Bath; BA1 2QP; Reino Unido,Bath,Reino Unido,1,Inglesa moderna,Terraza agradable,0
The Chequers,50 Rivers Street; Bath; BA1 2QA; Reino Unido,Bath,Reino Unido,1,Tradicional,,0
au violon,Im Lohnhof 4; Basilea; 4051; Suiza,Basilea,Suiza,1,Francesa clásica; Tradicional,,0
Au Lion d'Or - Chez Théo,5 rue Village-Neuf; Rosenau; 68128; Francia,Rosenau,Francia,1,Moderna,Familiar;Grupos,0
L'AO - L'Aigle d'Or,5 rue Principale; Rimbach-près-Guebwiller; 68500; Francia,Rimbach-près-Guebwiller,Francia,1,Moderna; Regional,,0
COR,81 North Street; Bedminster; Bristol; BS3 1ES; Reino Unido,Bristol,Reino Unido,1,Inglesa moderna,Comer solo,0
The Royal,1 St Johns Road; St Leonards on Sea; TN37 6HP; Reino Unido,St Leonards on Sea,Reino Unido,1,Inglesa moderna,Merece la espera,0
OTHER,32 Cannon Street; Bedminster; Bristol; BS3 1BN; Reino Unido,Bristol,Reino Unido,1,A compartir,Comer solo,0
Au Bon Accueil,1 rue de Laval; Richardménil; 54630; Francia,Richardménil,Francia,1,Moderna,,0
Heathcock,58 Bridge Street; Cardiff; CF5 2EN; Reino Unido,Cardiff,Reino Unido,1,Británica comtemporánea,,0
BOX-E,Unit 10; Cargo 1; Wapping Wharf; Bristol; BS1 6WP; Reino Unido,Bristol,Reino Unido,1,Inglesa moderna,Terraza agradable,0
RAGÙ Restaurant,Unit 25; Cargo 2; Museum Street; Wapping Wharf; Bristol; BS1 6ZA; Reino Unido,Bristol,Reino Unido,1,Italiana,Comer solo,0
Marmo,31 Baldwin Street; Bristol; BS1 1RG; Reino Unido,Bristol,Reino Unido,1,Italiana,Comer solo,0
Root,Unit 9; Cargo 1; Gaol Ferry Steps; Wapping Wharf; Bristol; BS1 6WP; Reino Unido,Bristol,Reino Unido,1,Moderna,Productos locales,0
Trattoria da Marino,Via Provinciale Lucchese 102; Loc. Ponte di Serravalle; Serravalle Pistoiese; 51030; Italia,Serravalle Pistoiese,Italia,1,Toscana; Tradicional,Cocina local,0
Trattoria Antichi Sapori,Via Montanara 318; Gaione; 43124; Italia,Gaione,Italia,0,Cocina de Emilia; Tradicional,Familiar,0
Rührberger Hof,Inzlinger Straße 1; Grenzach-Wyhlen; 79639; Alemania,Grenzach-Wyhlen,Alemania,1,Clásica,Terraza agradable,0
Da Pode,località Sovestro 63; San Gimignano; 53037; Italia,San Gimignano,Italia,1,Toscana; Tradicional,Familiar;Cocina local,0
La Cour de Rémi,1 rue Baillet; Bermicourt; 62130; Francia,Bermicourt,Francia,1,Tradicional,,0
La Châtaigneraie - Perle des Vosges,22 route de Gaschney; Muhlbach-sur-Munster; 68380; Francia,Muhlbach-sur-Munster,Francia,1,Moderna,,0
Little Hollows Pasta,26 Chandos Road; Bristol; BS6 6PF; Reino Unido,Bristol,Reino Unido,1,Italiana,Romántico,0
I Tri Siochètt,Strada Farnese 74; Parma; 43125; Italia,Parma,Italia,0,Cocina de Emilia; Tradicional,Familiar;Grupos,0
Brisla Trattoria,Strada Luigi Carlo Farini 41/a; Parma; 43121; Italia,Parma,Italia,1,Cocina de Emilia; Regional,,0
Baba'de,The Mews; Baltimore; P81 TC64; Irlanda,Baltimore,Irlanda,1,Turca,,0
Trattoria da Fagiolino,Via Carega 1; Cutigliano; 51024; Italia,Cutigliano,Italia,1,Toscana; Tradicional,Familiar;Cocina local,0
Bacchus Bistro & Genussmanufaktur,Sempacherstrasse 1; Hildisrieden; 6024; Suiza,Hildisrieden,Suiza,1,Francesa; Cocina de temporada,Comer solo,0
Les Grands Arbres - Verte Vallée,10 rue Alfred-Hartmann; Munster; 68140; Francia,Munster,Francia,1,Moderna,,0
L'Olivier,2 rue Saint-Grégoire; Munster; 68140; Francia,Munster,Francia,1,Moderna,,0
The Blaise Inn,260 Henbury Road; Bristol; BS10 7QR; Reino Unido,Bristol,Reino Unido,1,Tradicional,Cocina local,0
Trattoria Ai Due Platani,Via Budellungo 104/a; Coloreto; 43123; Italia,Coloreto,Italia,1,Cocina de Emilia; Tradicional,Grupos;Cocina local,0
Gabbiano 1983,Piazza Vittorio Veneto 10; Corte de' Cortesi; 26020; Italia,Corte de' Cortesi,Italia,1,Cocina de Lombardía; Tradicional,,0
Balm - Bistro,Balmstrasse 3; Meggen; 6045; Suiza,Meggen,Suiza,1,Tradicional; Francesa clásica,,0
Romani,Via dei Ronchi 2; Vicomero di Torrile; 43056; Italia,Vicomero di Torrile,Italia,0,Cocina de Emilia,,0
Futura Osteria,Largo Garfonda 10; località Abbadia Isola; Monteriggioni; 53035; Italia,Monteriggioni,Italia,2,Toscana; Cocina de temporada,Comer solo,0
Osteria del Miglio 2.10,Via Patrioti 2; Pieve San Giacomo; 26035; Italia,Pieve San Giacomo,Italia,0,Cocina de Lombardía; Tradicional,,0
Vecchia Lama,Via XXIV Maggio 24; Lama Mocogno; 41023; Italia,Lama Mocogno,Italia,1,Cocina de Emilia; Carnes a la parrilla,,0
Landgasthof Ochsen,Dorfplatz 56; Wölflinswil; 5063; Suiza,Wölflinswil,Suiza,1,Cocina de mercado; Tradicional,,0
Bistro by Regina Montium,Staffelhöhenweg 35; Rigi Kaltbad; 6356; Suiza,Rigi Kaltbad,Suiza,1,Suiza,Productos locales;Cocina local,0
Stiva Grischuna,Via Cavardiras 3; Disentis; 7180; Suiza,Disentis,Suiza,1,Regional; Tradicional,,0
La Rochette,500 lieu-dit La Rochette; Labaroche; 68910; Francia,Labaroche,Francia,1,Tradicional; Alsaciana,,0
Goat On The Roof,1 Bridge Street; Newbury; RG14 5BE; Reino Unido,Newbury,Reino Unido,1,Moderna,,0
Osteria della Villetta,Via Marconi 104; Palazzolo sull'Oglio; 25036; Italia,Palazzolo sull'Oglio,Italia,0,Cocina de Lombardía; Tradicional,Cocina local,0
Forma,Via Trieste 9; Civitavecchia; 00053; Italia,Civitavecchia,Italia,1,Italiana contemporánea; Moderna,,0
Kaiserstock,Dörfli 2; Riemenstalden; 6452; Suiza,Riemenstalden,Suiza,1,Regional; Internacional,,0
Trattoria Dentella,Via Dentella 25; Bracca; 24010; Italia,Bracca,Italia,1,Regional; Regional,Cocina local,0
Birdy's by Achtien,Axenstrasse 9; Brunnen; 6440; Suiza,Brunnen,Suiza,1,Creativa; Moderna,Familiar,0
Antica Trattoria La Toppa,Via del Giglio 43; San Donato in Poggio; 50028; Italia,San Donato in Poggio,Italia,1,Toscana; Tradicional,Familiar,0
Namo Ristobottega,Via Giovan Battista Marzi 1; Tarquinia; 01016; Italia,Tarquinia,Italia,1,Cocina de temporada; Cocina de mercado,,0
Saint Francis Provisions,Short Quay; Kinsale; P17 T880; Irlanda,Kinsale,Irlanda,1,Cocina mediterránea,Terraza agradable,0
La Taverne Alsacienne,99 rue de la République; Ingersheim; 68040; Francia,Ingersheim,Francia,1,Moderna; Alsaciana,Cocina local,0
Winstub du Chambard,9-13 rue du Général-de-Gaulle; Kaysersberg; 68240; Francia,Kaysersberg,Francia,1,Alsaciana; Tradicional,Familiar;Cocina local,0
La Vieille Forge,1 rue des Écoles; Kaysersberg; 68240; Francia,Kaysersberg,Francia,1,Moderna,,0
Sennhütte,Schwand 14; Kleines Wiesental; 79692; Alemania,Kleines Wiesental,Alemania,1,Regional; Cocina de mercado,Terraza agradable,0
Air Accueil,75 ter route Nationale; Brebières; 62117; Francia,Brebières,Francia,1,Moderna,,0
Antica Trattoria Gianna,Via Maggiore 12; Recorfano; 26030; Italia,Recorfano,Italia,0,Cocina de Lombardía; Regional,,0
Taverna del Grappolo Blu,Scale di via Moglio 1; Montalcino; 53024; Italia,Montalcino,Italia,0,Toscana,,0
Landgasthof Rebstock,Hauptstraße 77; Sulzburg; 79295; Alemania,Sulzburg,Alemania,1,Regional; Cocina de mercado,,0
Osteria Le Panzanelle,Località Lucarelli 29; Lucarelli; 53017; Italia,Lucarelli,Italia,1,Toscana; Tradicional,Familiar;Cocina local,0
Caffè La Crepa,Piazza Matteotti 14; Isola Dovarese; 26031; Italia,Isola Dovarese,Italia,1,Cocina de Lombardía,,0
Adler,Kappelmatt 1; Ried-Muotathal; 6436; Suiza,Ried-Muotathal,Suiza,1,Regional; Tradicional,,0
Rathauskeller Bistro,Ober-Altstadt 1; Zug; 6300; Suiza,Zug,Suiza,1,Clásica,,0
Zum Kaiser Franz,Vorstadt 8; Zug; 6300; Suiza,Zug,Suiza,1,Austriaca; Cocina de temporada,,0
Berggasthof Schlüssel,Pfaffenberg 2; Zell im Wiesental; 79669; Alemania,Zell im Wiesental,Alemania,1,Regional; Actual,,0
La Plage,21 rue Gustave-Danquin; Audresselles; 62164; Francia,Audresselles,Francia,1,Moderna,,0
La Ferme du Vert,555 rue du Vert; Wierre-Effroy; 62720; Francia,Wierre-Effroy,Francia,1,Moderna,Productos locales,0
Da Burde,via Pistoiese 154; Florencia; 50145; Italia,Florencia,Italia,1,Toscana; Tradicional,Cocina local,0
Dell'Alba,via del Popolo 31; Piadena; 26034; Italia,Piadena,Italia,1,Cocina de Lombardía; Tradicional,,0
Ai Burattini,Via Madaschi 45; Adrara San Martino; 24060; Italia,Adrara San Martino,Italia,1,Regional; Cocina de Lombardía,Familiar;Cocina local,0
Die Krone,Hauptstraße 30; Staufen im Breisgau; 79219; Alemania,Staufen im Breisgau,Alemania,1,Regional; Cocina de mercado,,0
Trattoria da Probo,Via Provinciale Nord 13; Bagnolo in Piano; 42011; Italia,Bagnolo in Piano,Italia,0,Cocina de Emilia; Clásica,Cocina local,0
Il Latini,Via dei Palchetti 6 r; Florencia; 50123; Italia,Florencia,Italia,1,Toscana; Tradicional,Grupos,0
Zeb,Via San Miniato 2r; Florencia; 50125; Italia,Florencia,Italia,1,Cocina de mercado; Tradicional,,0
Linde,Niederrohrdorferstrasse 1; Fislisbach; 5442; Suiza,Fislisbach,Suiza,1,Regional; Cocina de mercado,Cocina local,0
Trattoria Cibrèo - Il Cibrèino,Via dei Macci 122 r; Florencia; 50122; Italia,Florencia,Italia,1,Toscana; Tradicional,,0
L'Ortone,Piazza Lorenzo Ghiberti 87/R; Florencia; 50122; Italia,Florencia,Italia,1,Italiana; Cocina de temporada,Familiar;Cocina local,0
Shwen Shwen,1-2 Well Court; Bank Street; Sevenoaks; TN13 1UN; Reino Unido,Sevenoaks,Reino Unido,1,Africana,Romántico,0
derWaldfrieden,Dorfstraße 8; Todtnau; 79674; Alemania,Todtnau,Alemania,1,Regional; Cocina de mercado,Terraza agradable,0
The Loch & The Tyne,10 Crimp Hill; Old Windsor; SL4 2QY; Reino Unido,Old Windsor,Reino Unido,1,Británica comtemporánea,Terraza agradable;Romántico,0
Dastaan,447 Kingston Road; Ewell; KT19 0DB; Reino Unido,Ewell,Reino Unido,1,Hindú,Grupos,0
L'Épicurieux,5 rue Mermoz; Illies; 59480; Francia,Illies,Francia,1,Moderna,,0
The Gaff,4 The Courtyard; Lion Street; Abergavenny; NP7 5PE; Reino Unido,Abergavenny,Reino Unido,1,Moderna,,0
Magnagallo,Via Magnagallo Est 7; Campogalliano; 41011; Italia,Campogalliano,Italia,1,Cocina de Emilia; Clásica,Grupos,0
Trattoria Porteri,Via Trento 52/d; Brescia; 25128; Italia,Brescia,Italia,1,Cocina de Lombardía; Regional,Cocina local,0
Barranco,Sihlfeldstrasse 141; Zúrich; 8004; Suiza,Zúrich,Suiza,1,Cocina de temporada; Fusión,Comer solo,0
DAR,Weststrasse 20; Zúrich; 8003; Suiza,Zúrich,Suiza,1,Vegana; Moderna,,0
Freilager La Trattoria,Freilagerstrasse 53; Zúrich; 8047; Suiza,Zúrich,Suiza,1,Italiana; Pizza,Familiar;Grupos,0
Zum Pflugstein,Pflugsteinstrasse 71; Erlenbach; 8703; Suiza,Erlenbach,Suiza,1,Tradicional; Suiza,Terraza agradable;Romántico,0
Il Conte Matto,Via Taverne 40; Trequanda; 53020; Italia,Trequanda,Italia,1,Toscana; Tradicional,,0
Ferme des 4 saisons,rue de Scourmont 8b; Bourlers; 6464; Bélgica,Bourlers,Bélgica,1,Tradicional; Francesa moderna,Grupos,0
Julien,750 route de Strasbourg; Fouday; 67130; Francia,Fouday,Francia,1,Tradicional; Alsaciana,Familiar;Grupos,0
L'Auberge du Laminak,Route de Nouzonville; Montcy-Notre-Dame; 08090; Francia,Montcy-Notre-Dame,Francia,1,Moderna,Terraza agradable;Familiar,0
Josef,Gasometerstrasse 24; Zúrich; 8005; Suiza,Zúrich,Suiza,1,Europea contemporánea; Cocina de temporada,Comer solo,0
ssam ssam,149 Merton Road; Merton; Londres; SW19 1ED; Reino Unido,Londres,Reino Unido,0,Coreana,Cocina local,0
AuGust,Rennweg 7; Zúrich; 8001; Suiza,Zúrich,Suiza,2,Carnes a la parrilla,,0
Gül,Tellstrasse 22; Zúrich; 8004; Suiza,Zúrich,Suiza,1,Turca; Cocina mediterránea,,0
Didi's Frieden,Stampfenbachstrasse 32; Zúrich; 8006; Suiza,Zúrich,Suiza,2,Cocina de mercado; Clásica,Cocina local,0
Bauernschänke,Rindermarkt 24; Zúrich; 8001; Suiza,Zúrich,Suiza,1,Francesa moderna; A compartir,Favorito del inspector,0
La Bottega di Mario,Nüschelerstrasse 6; Zúrich; 8001; Suiza,Zúrich,Suiza,1,Italiana,,0
Gaijin Izakaya,Birmensdorferstrasse 5; Zúrich; 8004; Suiza,Zúrich,Suiza,1,Asiática contemporánea,Comer solo,0
Dutters Stube,Winterstraße 28; Endingen am Kaiserstuhl; 79346; Alemania,Endingen am Kaiserstuhl,Alemania,1,Regional; Cocina de mercado,Cocina local,0
Post,Horwood House; High Street; Newnham; GL14 1AA; Reino Unido,Newnham,Reino Unido,1,Cocina de temporada,Productos locales,0
Ichigo Ichie Bistro & Natural Wine,5 Fenns Quay; Sheares Street; Cork; T12 RY7Y; Irlanda,Cork,Irlanda,1,Japonesa,Comer solo,0
Goldie,128 Oliver Plunkett Street; Cork; T12 X5P8; Irlanda,Cork,Irlanda,1,Pescados y mariscos,Productos locales,0
Casa Casutt - Ustria,Glennerstrasse 18; Ilanz; 7130; Suiza,Ilanz,Suiza,1,Regional; Clásica,,0
Rigiblick,Germaniastrasse 99; Zúrich; 8044; Suiza,Zúrich,Suiza,1,Cocina de mercado; Regional,,0
Mignonette,109 Kew Road; Richmond; Londres; TW9 2PN; Reino Unido,Londres,Reino Unido,1,Francesa,,0
Gasthof zur Sonne,Seestrasse 37; Stäfa; 8712; Suiza,Stäfa,Suiza,1,Suiza; Tradicional,,0
Les Épices Curiens,3b place de la Gare; Écouviez; 55600; Francia,Écouviez,Francia,1,Moderna,,0
The Oarsman,46 Spittal Street; Marlow; SL7 1DB; Reino Unido,Marlow,Reino Unido,1,Británica comtemporánea,,0
Histoire Ancienne,20 rue Royale; Calais; 62100; Francia,Calais,Francia,1,Tradicional,,0
Le Pressoir de Bacchus,50 route des Vins; Blienschwiller; 67650; Francia,Blienschwiller,Francia,1,Moderna,,0
Upstairs (at Trinity),4 The Polygon; Clapham; Londres; SW4 0JG; Reino Unido,Londres,Reino Unido,1,Moderna,,0
Tamila,39 Northcote Road; Wandsworth; Londres; SW11 1NJ; Reino Unido,Londres,Reino Unido,1,Hindú,,0
Brasserie Barbara,Vorderaha 4; Schluchsee; 79859; Alemania,Schluchsee,Alemania,1,Cocina de mercado; Alemana,,0
QuarantunoDodici,Via Monte Cadria 127; Fiumicino; 00054; Italia,Fiumicino,Italia,1,Pescados y mariscos; Cocina mediterránea,Grupos,0
Die Pfarrwirtschaft,Hauptstraße 2; Endingen am Kaiserstuhl; 79346; Alemania,Endingen am Kaiserstuhl,Alemania,1,Regional; Internacional,,0
La Conciergerie,4405 rue de la Lys; Sailly-sur-la-Lys; 62840; Francia,Sailly-sur-la-Lys,Francia,1,Moderna,,0
Lai Rai,181 Rye Lane; Peckham; Londres; SE15 4TP; Reino Unido,Londres,Reino Unido,1,Vietnamita,Comer solo,0
Josephine Bouchon,315 Fulham Road; Chelsea; Londres; SW10 9QH; Reino Unido,Londres,Reino Unido,1,Cocina lionesa; Francesa,,0
Hostaria Viola,Via Verdi 32; Castiglione delle Stiviere; 46043; Italia,Castiglione delle Stiviere,Italia,1,Cocina de Mantua; Cocina de Lombardía,Cocina local,0
Artusi,161 Bellenden Road; Southwark; Londres; SE15 4DH; Reino Unido,Londres,Reino Unido,1,Italiana,,0
Des Ardennes,rue de la Hate 1; Corbion; 6838; Bélgica,Corbion,Bélgica,1,Tradicional; Francesa clásica,Un clásico,0
Kruk,213 Blenheim Grove Peckham; Londres; SE15 4QL; Reino Unido,Londres,Reino Unido,1,Thai,,0
Locanda delle Grazie,Via San Pio X 2; Grazie; 46010; Italia,Grazie,Italia,0,Cocina de Mantua; Cocina de temporada,Familiar;Cocina local,0
Kricket,12 Denman Street; Soho; Londres; W1D 7HH; Reino Unido,Londres,Reino Unido,1,Hindú,,0
Elsa,10 Charlotte Street; Fitzrovia; Londres; W1T 2LT; Reino Unido,Londres,Reino Unido,1,Francesa moderna; Alsaciana,Comer solo,0
Nulle Part Ailleurs,rue de la Gare 10; Couvin; 5660; Bélgica,Couvin,Bélgica,1,Regional,,0
Aux 3 Capitaines,43 rue Principale; Malroy; 57640; Francia,Malroy,Francia,1,Tradicional,,0
L'Auberge,2590 route de Bailleul; Caëstre; 59190; Francia,Caëstre,Francia,1,Moderna,,0
Bancone,39 William IV Street; Covent Garden; Londres; WC2N 4DD; Reino Unido,Londres,Reino Unido,1,Italiana,Comer solo,0
Akara,Arch 208; 18 Stoney Street; Borough Market; Londres; SE1 9AD; Reino Unido,Londres,Reino Unido,1,Africana; Brasileña,Comer solo,0
The Hero,55 Shirland Road; Maida Vale; Londres; W9 2JD; Reino Unido,Londres,Reino Unido,1,Tradicional,Grupos,0
Plaza Khao Gaeng,Arcade Food Hall; 103-105 New Oxford Street; Bloomsbury; Londres; WC1A 1DB; Reino Unido,Londres,Reino Unido,1,Thai,Cocina local,0
The Pelican,45 All Saints Road; Notting Hill; Londres; W11 1HE; Reino Unido,Londres,Reino Unido,1,Tradicional,Grupos,0
AGORA,4 Bedale Street; Borough Market; Londres; SE1 9AL; Reino Unido,Londres,Reino Unido,1,Griega,Merece la espera,0
Kolae,6 Park Street; Borough Market; Londres; SE1 9AB; Reino Unido,Londres,Reino Unido,1,Thai,,0
Hoppers,49 Frith Street; Soho; Londres; W1D 4SG; Reino Unido,Londres,Reino Unido,1,Cocina del Sur de la India; Cocina de Sri Lanka,Merece la espera,0
Berenjak,27 Romilly Street; Soho; Londres; W1D 5AL; Reino Unido,Londres,Reino Unido,1,Persa,Merece la espera,0
Empire Empire,16 All Saints Road; Notting Hill; Londres; W11 1HH; Reino Unido,Londres,Reino Unido,1,Hindú,Comer solo,0
The Barbary,16 Neal’s Yard; Covent Garden; Londres; WC2H 9DP; Reino Unido,Londres,Reino Unido,1,Norteafricana; Cocina mediterránea,Comer solo,0
Kiln,58 Brewer Street; Soho; Londres; W1F 9TL; Reino Unido,Londres,Reino Unido,1,Thai; Cocina del Sudeste Asiático,Merece la espera;Comer solo,0
Padella,6 Southwark Street; Borough Market; Londres; SE1 1TQ; Reino Unido,Londres,Reino Unido,0,Italiana,Merece la espera,0
Canteen,310 Portobello Road; Notting Hill; Londres; W10 5TA; Reino Unido,Londres,Reino Unido,1,Italiana,Merece la espera,0
Imad's Syrian Kitchen,2.14-2.16 Kingly Court; Carnaby Street; Soho; Londres; W1B 5PW; Reino Unido,Londres,Reino Unido,1,Cocina de Oriente Medio,Familiar,0
The Three Oaks,Austenwood Lane; Gerrards Cross; SL9 8NL; Reino Unido,Gerrards Cross,Reino Unido,1,Inglesa moderna,Terraza agradable,0
Legare,Cardamom Building; 31G Shad Thames; Butlers Wharf; Londres; SE1 2YR; Reino Unido,Londres,Reino Unido,1,Italiana,,0
Palomar,34 Rupert Street; Soho; Londres; W1D 6DN; Reino Unido,Londres,Reino Unido,1,Cocina de Oriente Medio,Mesa del chef,0
Donia,2.14 Top Floor Kingly Court; Carnaby Street; Soho; Londres; W1B 5PW; Reino Unido,Londres,Reino Unido,1,Filipina,,0
Gunpowder Spitalfields,11 White's Row; Spitalfields; Londres; E1 7NF; Reino Unido,Londres,Reino Unido,0,Hindú,,0
Blume,Freudwilerstrasse 6; Uster; 8615; Suiza,Uster,Suiza,1,Suiza; Cocina de mercado,,0
Casa Caminada,Obergass 68; Fürstenau; 7414; Suiza,Fürstenau,Suiza,1,Regional; Cocina de temporada,Familiar,0
Scheidels Restaurant zum Kranz,Offenburger Straße 18; Kenzingen; 79341; Alemania,Kenzingen,Alemania,1,Clásica; Cocina casera,,0
Sommerau,Sommerau 1; Bonndorf im Schwarzwald; 79848; Alemania,Bonndorf im Schwarzwald,Alemania,1,Cocina de temporada; Tradicional,Terraza agradable,0
Le Charme de la Semois,rue de Liboichant 12; Alle; 5550; Bélgica,Alle,Bélgica,1,Tradicional; Clásica,Terraza agradable;Familiar,0
Jeux de Goûts,Rue de Bohan 91; Orchimont; 5550; Bélgica,Orchimont,Bélgica,1,Cocina de temporada; Regional,,0
Singburi,Unit 7; Montacute Yards; 185‑186 Shoreditch High Street; Londres; E1 6HU; Reino Unido,Londres,Reino Unido,1,Thai,,0
St. JOHN Bread and Wine,94-96 Commercial Street; Spitalfields; Londres; E1 6LZ; Reino Unido,Londres,Reino Unido,1,Inglesa tradicional,Un clásico,0
Smokestak,35 Sclater Street; Shoreditch; Londres; E1 6LB; Reino Unido,Londres,Reino Unido,1,Carnes a la parrilla; Barbacoa,Grupos,0
Morchella,84-86 Rosebery Avenue; Islington; Londres; EC1R 4QY; Reino Unido,Londres,Reino Unido,2,Cocina mediterránea,Comer solo,0
Brutto,35-37 Greenhill Rents; Clerkenwell; Londres; EC1M 6BN; Reino Unido,Londres,Reino Unido,1,Italiana,Grupos,0
Yr Hen Printworks,Carrier's Lane; Cardigan; SA43 1FA; Reino Unido,Cardigan,Reino Unido,1,Moderna,Romántico,0
manteca,49-51 Curtain Road; Shoreditch; Londres; EC2A 3PT; Reino Unido,Londres,Reino Unido,1,Italiana,Grupos,0
Wirtshus zum Wyberg,Oberteufenerstrasse 1; Freienstein-Teufen; 8428; Suiza,Freienstein-Teufen,Suiza,1,Clásica; Cocina de temporada,Cocina local,0
Antica Trattoria la Grotta dal 1918,Via Tignano 3; Loc. Mongardino Grotta; Sasso Marconi; 40037; Italia,Sasso Marconi,Italia,0,Cocina de Emilia; Regional,Familiar;Cocina local,0
Goodbye Horses,21 Halliford Street; Islington; Londres; N1 3HB; Reino Unido,Londres,Reino Unido,1,Inglesa tradicional,,0
Café Spice Namasté,1-2 Lower Dock Walk; Royal Albert Wharf; Londres; E16 2GT; Reino Unido,Londres,Reino Unido,0,Hindú,,0
Osteria La Solita Zuppa,Via Porsenna 21; Chiusi; 53043; Italia,Chiusi,Italia,0,Toscana; Tradicional,Familiar;Cocina local,0
Terminus,Callicannesweg 16; Watou; 8978; Bélgica,Watou,Bélgica,1,Francesa clásica; Regional,Productos locales,0
Le Mana,625 avenue du Maréchal-de-Lattre-de-Tassigny; Saint-André-lez-Lille; 59350; Francia,Saint-André-lez-Lille,Francia,1,Moderna,,0
Miga,1 Mare Street; Hackney; Londres; E8 4RP; Reino Unido,Londres,Reino Unido,1,Coreana,,0
Westerns Laundry,34 Drayton Park; Holloway; Londres; N5 1PB; Reino Unido,Londres,Reino Unido,1,Inglesa moderna,Grupos,0
Plaquemine Lock,139 Graham Street; Islington; Londres; N1 8LB; Reino Unido,Londres,Reino Unido,1,Criolla; Cajún,,0
Fracia,Località Fracia; Teglio; 23036; Italia,Teglio,Italia,1,Cocina de Valtellina; Tradicional,Cocina local,0
Calong,35 Stoke Newington Church Street; Hackney; Londres; N16 0NX; Reino Unido,Londres,Reino Unido,1,Coreana,,0
Oren,89 Shacklewell Lane; Dalston; Londres; E8 2EB; Reino Unido,Londres,Reino Unido,1,Cocina mediterránea; Cocina de Oriente Medio,,0
Fischerstube,Marktgasse 9; Weesen; 8872; Suiza,Weesen,Suiza,2,Pescados y mariscos; Cocina de temporada,Familiar,0
Zum Kreuz,Hohlengraben 1; Sankt Märgen; 79274; Alemania,Sankt Märgen,Alemania,1,Regional; Cocina de temporada,,0
La Marelle Café,Rue des Trieux 36; Blaregnies; 7040; Bélgica,Blaregnies,Bélgica,1,Tradicional; Cocina de mercado,Grupos,0
Sel et Poivre,rue de la Fontaine 3; Hollain; 7620; Bélgica,Hollain,Bélgica,1,Cocina de mercado,,0
Au Cœur de Lacuisine,rue du Fond des Naux 7; Lacuisine; 6821; Bélgica,Lacuisine,Bélgica,1,Regional; Clásica,,0
Rēpu,944 avenue de la République; Marcq-en-Barœul; 59700; Francia,Marcq-en-Barœul,Francia,1,Moderna; Tradicional,Familiar,0
Balsamique,13 place du Général-de-Gaulle; Wambrechies; 59118; Francia,Wambrechies,Francia,1,Moderna,,0
Cadet,57 Newington Green; Islington; Londres; N16 9PX; Reino Unido,Londres,Reino Unido,1,Inglesa moderna; Cocina mediterránea,,0
Mambow,78 Lower Clapton Road; Clapton; Londres; E5 0RN; Reino Unido,Londres,Reino Unido,1,Malaya,,0
Farang,72 Highbury Park; Highbury; Londres; N5 2XE; Reino Unido,Londres,Reino Unido,1,Thai,Grupos,0
Primeur,116 Petherton Road; Canonbury; Londres; N5 2RT; Reino Unido,Londres,Reino Unido,1,Inglesa moderna,Comer solo,0
Les 2 Garçons,14 Middle Lane; Crouch End; Londres; N8 8PL; Reino Unido,Londres,Reino Unido,1,Francesa,,0
Zur Krone,Mussbach 6; Freiamt; 79348; Alemania,Freiamt,Alemania,1,Regional; Clásica,,0
Gasthaus Schwanen,Talstraße 9; Stühlingen; 79780; Alemania,Stühlingen,Alemania,1,Regional; Cocina de temporada,,0
Da Sapì,via Giuseppe Mazzini 36; Esine; 25040; Italia,Esine,Italia,1,Cocina de Lombardía; Actual,Cocina local,0
Jai Ho,Unit 1 The Clevelands Centre; Sapphire Road; Bishop's Cleeve; GL52 7AH; Reino Unido,Bishop's Cleeve,Reino Unido,1,Hindú,,0
Provender,17 High Street; Redbridge; Londres; E11 2AA; Reino Unido,Londres,Reino Unido,1,Francesa,,0
Osteria Numero 2,Via Ghisiolo 2/a; Stradella; 46051; Italia,Stradella,Italia,0,Italiana; Clásica,Familiar;Cocina local,0
Farmgate Lismore,Main Street; Lismore; P51 NH95; Irlanda,Lismore,Irlanda,1,Tradicional,,0
Altavilla,Via Monti 46; Bianzone; 23030; Italia,Bianzone,Italia,1,Cocina de Valtellina; Regional,Cocina local,0
Da Gregorio,strada provinciale 101 136; Morrano Nuovo; 05018; Italia,Morrano Nuovo,Italia,1,Cocina de Umbría; Tradicional,Familiar;Cocina local,0
Romanè,Via Cipro 106; Roma; 00136; Italia,Roma,Italia,0,Romana; Cocina del Lazio,Familiar,0
La Scarpetta,Via Veglia 11; Sankt Moritz; 7500; Suiza,Sankt Moritz,Suiza,1,Italiana contemporánea,,0
Trattoria di Via Serra,Via Luigi Serra 9/b; Bolonia; 40129; Italia,Bolonia,Italia,0,Cocina de Emilia; Tradicional,Familiar;Cocina local,0
Aldridge Lodge,Aldridge Lodge; Duncannon; Y34 W650; Irlanda,Duncannon,Irlanda,1,Regional,,0
Osteria Bartolini,Piazza Malpighi 16; Bolonia; 40123; Italia,Bolonia,Italia,0,Pescados y mariscos; Cocina mediterránea,Cocina local,0
Ahimè,Via San Gervasio 6/e; Bolonia; 40121; Italia,Bolonia,Italia,1,Regional,Productos locales,0
L'Acquario,Via Vittorio Emanuele 69; Castiglione del Lago; 06061; Italia,Castiglione del Lago,Italia,1,Cocina de Umbría; Tradicional,Familiar;Cocina local,0
La Trattoria,Via Maistra 215; Pontresina; 7504; Suiza,Pontresina,Suiza,1,Italiana,Romántico,0
La Table du Boucher,rue d'Havré 49; Mons; 7000; Bélgica,Mons,Bélgica,1,Carnes a la parrilla; Francesa clásica,Un clásico;Familiar,0
La Petite Gayole,Place de Thuillies 12; Thuillies; 6536; Bélgica,Thuillies,Bélgica,1,Tradicional; Francesa,,0
Le Faitout,place de la Résistance 1; Baudour; 7331; Bélgica,Baudour,Bélgica,1,Tradicional; Francesa,Familiar,0
Gina,92 Station Road; Chingford; E4 7BA; Reino Unido,Chingford,Reino Unido,1,Inglesa tradicional,Terraza agradable,0
La Bucaccia,Via Ghibellina 17; Cortona; 52044; Italia,Cortona,Italia,0,Toscana,Cocina local,0
Trattoria Pennestri,Via Giovanni Da Empoli 5; Roma; 00154; Italia,Roma,Italia,1,Cocina del Lazio; Cocina de temporada,Cocina local,0
Hosteria Grappolo d'Oro,Piazza della Cancelleria 80; Roma; 00186; Italia,Roma,Italia,0,Romana; Tradicional,Familiar;Grupos,0
53 Untitled,Via del Monte della Farina 53; Roma; 00186; Italia,Roma,Italia,1,Italiana contemporánea; Italiana,Merece la espera,0
D'Chuchi,Brunnengasse 3; Schaffhausen; 8200; Suiza,Schaffhausen,Suiza,1,Moderna; Cocina de mercado,Comer solo;Favorito del inspector,0
L'Osteria della Trippa,Via Goffredo Mameli 15; Roma; 00153; Italia,Roma,Italia,1,Cocina del Lazio; Tradicional,Cocina local,0
Rössle,Hauptstraße 19; Elzach; 79215; Alemania,Elzach,Alemania,1,Regional; Internacional,Cocina local,0
Bagù,Avenue de Ragnies 14; Thuin; 6530; Bélgica,Thuin,Bélgica,1,Cocina de temporada; Francesa,,0
Al Cambio,Via Stalingrado 150; Bolonia; 40128; Italia,Bolonia,Italia,1,Cocina de Emilia; Tradicional,Familiar;Cocina local,0
Green T.,Via del Piè di Marmo 28; Roma; 00186; Italia,Roma,Italia,1,China; Asiática contemporánea,Comer solo,0
Gaston Vouzote,boulevard des Canadiens 27; Dottignies; 7711; Bélgica,Dottignies,Bélgica,1,Clásica,Familiar,0
La Fermette des Pins,rue du Lustre 39; Buvrinnes; 7133; Bélgica,Buvrinnes,Bélgica,1,Clásica; Cocina de temporada,Familiar;Grupos,0
Parc Le'h,1 rue de la Forêt; Dudelange; 3471; Luxemburgo,Dudelange,Luxemburgo,1,Moderna,Familiar,0
Renée,12 place Paul-Asseman; Dunkerque; 59140; Francia,Dunkerque,Francia,1,Tradicional,Productos locales,0
The Inn at Welland,Hook Bank; Drake Street; Welland; WR13 6LN; Reino Unido,Welland,Reino Unido,1,Inglesa moderna,,0
Everett's,22 High Street; Waterford; X91 Y983; Irlanda,Waterford,Irlanda,1,Moderna,,0
Il Cedro,Via di Camaldoli 20; Moggiona; 52014; Italia,Moggiona,Italia,0,Toscana,Familiar;Cocina local,0
Domenico dal 1968,via Satrico 21; Roma; 00183; Italia,Roma,Italia,1,Romana; Cocina del Lazio,Cocina local,0
Restaurant Schlüssel - Schlüsselstube,Oberdorfstrasse 5; Mels; 8887; Suiza,Mels,Suiza,1,Regional; Suiza,,0
Gasthof zur Sonne,Hauptstraße 57; Tengen; 78250; Alemania,Tengen,Alemania,1,Regional; Cocina de mercado,,0
Cul de Poule,avenue Wanderpepen 44; Binche; 7130; Bélgica,Binche,Bélgica,1,Francesa moderna,,0
Horse & Groom,Bourton on the Hill; GL56 9AQ; Reino Unido,Bourton on the Hill,Reino Unido,1,Inglesa tradicional,Cocina local,0
L'800,Via Centese 33; Argelato; 40050; Italia,Argelato,Italia,1,Cocina de Emilia; Tradicional,Familiar;Grupos,0
Gasthof zum goldenen Kreuz,Zürcherstrasse 134; Frauenfeld; 8500; Suiza,Frauenfeld,Suiza,1,Cocina de mercado; Tradicional,,0
The Yurt,Rosara Nurseries; The Park; North Aston; OX25 6HL; Reino Unido,North Aston,Reino Unido,1,Inglesa moderna,Productos locales,0
Schäck's Adler,Waldkircher Straße 2; Elzach; 79215; Alemania,Elzach,Alemania,1,Regional; Clásica,Cocina local,0
Sargasso,Unit 13; Harbour Arm; Stone Pier; Margate; CT9 1AP; Reino Unido,Margate,Reino Unido,1,Moderna,Terraza agradable,0
De Vous à Nous,rue de Grand Bry 42; Montigny-le-Tilleul; 6110; Bélgica,Montigny-le-Tilleul,Bélgica,1,Francesa moderna,,0
Osteria Uno,140 Hinemoa Street; Birkenhead; Auckland; 0626; Nueva Zelanda,Auckland,Nueva Zelanda,1,Italiana,,0
Atelier,292 Karangahape Road; Auckland Central; Auckland; 1010; Nueva Zelanda,Auckland,Nueva Zelanda,1,Francesa contemporánea,,0
Hummingbird,22 Courtenay Place; Te Aro; Wellington; 6011; Nueva Zelanda,Wellington,Nueva Zelanda,1,Europea contemporánea,Grupos,0
Gatherings,Unit 5; 2 Papanui Road; Merivale; Christchurch; 8014; Nueva Zelanda,Christchurch,Nueva Zelanda,1,Neozelandesa,Comer solo,0
The Athens Yacht Club,179 Victoria Street; Christchurch Central City; Christchurch; 8014; Nueva Zelanda,Christchurch,Nueva Zelanda,1,Griega,Familiar;Grupos,0
Bistro Saine,1F; 51 Albert Street; Auckland Central; Auckland; 1010; Nueva Zelanda,Auckland,Nueva Zelanda,1,Francesa,Romántico,0
Apéro Food & Wine,280 Karangahape Road; Auckland Central; Auckland; 1010; Nueva Zelanda,Auckland,Nueva Zelanda,1,Francesa,,0
Goat,12 Wyndham Street; Auckland Central; Auckland; 1010; Nueva Zelanda,Auckland,Nueva Zelanda,1,Hindú,Grupos,0
Indian Alley,3/290 Wakefield Street; Te Aro; Wellington; 6011; Nueva Zelanda,Wellington,Nueva Zelanda,1,Hindú,,0
Londo,Unit 6; 2 Papanui Road; Merivale; Christchurch; 8014; Nueva Zelanda,Christchurch,Nueva Zelanda,1,Europea contemporánea,Comer solo;Familiar,0
Cicio Cacio,167 Riddiford Street; Newtown; Wellington; 6021; Nueva Zelanda,Wellington,Nueva Zelanda,1,Italiana,Grupos,0
Earl,128 Lichfield Street; Christchurch Central City; Christchurch; 8011; Nueva Zelanda,Christchurch,Nueva Zelanda,1,Europea,Familiar,0
Bianca,4/2 Robert Street; Ellerslie; Auckland; 1051; Nueva Zelanda,Auckland,Nueva Zelanda,1,Neozelandesa,,0
Parro,359 Dominion Road; Mount Eden; Auckland; 1024; Nueva Zelanda,Auckland,Nueva Zelanda,1,Cocina mediterránea,Merece la espera,0
Odeon,165 Gloucester Street; Christchurch Central City; Christchurch; 8011; Nueva Zelanda,Christchurch,Nueva Zelanda,1,Cocina mediterránea,Familiar,0
1154 Pastaria,132 Cuba Street; Te Aro; Wellington; 6011; Nueva Zelanda,Wellington,Nueva Zelanda,0,Italiana,,0
The Monday Room,161 High Street; Christchurch Central City; Christchurch; 8011; Nueva Zelanda,Christchurch,Nueva Zelanda,1,Neozelandesa,Romántico;Familiar,0
Soul Quarter,219 High Street; Christchurch Central City; Christchurch; 8011; Nueva Zelanda,Christchurch,Nueva Zelanda,1,Internacional,Romántico;Familiar,0
Milenta,210/218 Victoria Street West; Auckland Central; Auckland; 1010; Nueva Zelanda,Auckland,Nueva Zelanda,1,Latinoamericana,Familiar,0
Tempero,352 Karangahape Road; Auckland Central; Auckland; 1010; Nueva Zelanda,Auckland,Nueva Zelanda,1,Latinoamericana,Grupos,0
Cazador,854 Dominion Road; Mount Eden; Auckland; 1041; Nueva Zelanda,Auckland,Nueva Zelanda,1,Neozelandesa,Familiar,0
Fire And Slice,7 Wakefield Avenue; Sumner; Christchurch; 8081; Nueva Zelanda,Christchurch,Nueva Zelanda,1,Pizza,Cocina local,0
Paloma Taqueria,28 Helwick Street; Wānaka; 9305; Nueva Zelanda,Wānaka,Nueva Zelanda,1,Mexicana,Terraza agradable;Familiar,0
Roca,1F; The Terrace; 126 Oxford Terrace; Christchurch Central City; Christchurch; 8011; Nueva Zelanda,Christchurch,Nueva Zelanda,1,Cocina mediterránea,Familiar,0
Gemmayze Street,Shop 16; St. Kevin's Arcade; 183 Karangahape Road; Auckland Central; Auckland; 1010; Nueva Zelanda,Auckland,Nueva Zelanda,1,Libanesa,Grupos,0
A'mano,6/150 Lichfield Street; Christchurch Central City; Christchurch; 8011; Nueva Zelanda,Christchurch,Nueva Zelanda,1,Italiana,Familiar,0
Boda,13F; Mövenpick Hotel; 8 Customs Street East; Auckland Central; Auckland; 1010; Nueva Zelanda,Auckland,Nueva Zelanda,1,Coreana contemporánea,,0
Pasta & Cuore,409 Mount Eden Road; Mount Eden; Auckland; 1024; Nueva Zelanda,Auckland,Nueva Zelanda,1,Italiana,Familiar;Cocina local,0
Muttonbird,33 Ardmore Street; Wānaka; 9305; Nueva Zelanda,Wānaka,Nueva Zelanda,1,Neozelandesa,Grupos,0
Treehouse,3 Reece Crescent; Wānaka; 9305; Nueva Zelanda,Wānaka,Nueva Zelanda,1,Neozelandesa,Familiar;Cocina local,0
Francesca,93 Ardmore Street; Wānaka; 9305; Nueva Zelanda,Wānaka,Nueva Zelanda,1,Italiana,Familiar,0
Aosta,18 Buckingham Street; Arrowtown; 9302; Nueva Zelanda,Arrowtown,Nueva Zelanda,1,Italiana,Grupos,0
Bombay Palace (Wānaka),1F; 145 Ardmore Street; Wānaka; 9305; Nueva Zelanda,Wānaka,Nueva Zelanda,1,Hindú,Terraza agradable;Familiar,0
Sundays,Country Lane; 26 Hansen Road; Frankton; Queenstown; 9300; Nueva Zelanda,Queenstown,Nueva Zelanda,1,Italiana,Familiar;Cocina local,0
The Cow (Queenstown),Cow Lane; Queenstown; 9300; Nueva Zelanda,Queenstown,Nueva Zelanda,1,Italiana,Familiar;Cocina local,0
Tian Nan Xing Minced Pork Noodle,Kaki Bukit 511 Market & Food Centre; #01-10; 511 Bedok North Street 3; Singapore; 460511; Singapur,Singapore,Singapur,0,Street food,,0
Fico,1300 East Coast Parkway; Singapore; 468964; Singapur,Singapore,Singapur,1,Italiana,Terraza agradable,0
Yi Pin Wei Braised Duck．Kway Chap,Tampines Round Market & Food Centre; #01-40; 137 Tampines Street 11; Singapore; 521137; Singapur,Singapore,Singapur,0,Street food,Cocina local,0
Boon Keng Road Fish Head Bee Hoon,Blk 416; #01-53; Bedok North Avenue 2; Singapore; 460416; Singapur,Singapore,Singapur,0,Street food,Cocina local,0
Rajarani Thosai,Tampines Round Market & Food Centre; #01-33; 137 Tampines Street 11; Singapore; 521137; Singapur,Singapore,Singapur,0,Street food,Cocina local,0
Seng Kee Black Chicken Herbal Soup,Kaki Bukit 511 Market & Food Centre; #01-31/32; 511 Bedok North Street 3; Singapore; 460511; Singapur,Singapore,Singapur,0,Street food,Cocina local,0
Sin Heng Claypot Bak Koot Teh,#01-01; 439 Joo Chiat Road; Singapore; 427652; Singapur,Singapore,Singapur,1,Cocina de Singapur,Cocina local,0
Nam Sing Hokkien Fried Mee,51 Old Airport Road Food Centre; #01-32; 51 Old Airport Road; Singapore; 390051; Singapur,Singapore,Singapur,0,Street food,,0
Cumi Bali,50 Tras Street; Singapore; 078989; Singapur,Singapore,Singapur,1,Indonesia,Familiar,0
To-Ricos Kway Chap,51 Old Airport Road Food Centre; #01-135/136; 51 Old Airport Road; Singapore; 390051; Singapur,Singapore,Singapur,0,Street food,Cocina local,0
Hoo Kee Bak Chang,Amoy Street Food Centre; #01-18; 7 Maxwell Road; Singapore; 069111; Singapur,Singapore,Singapur,0,Street food,,0
Xiu Ji Ikan Bilis Yong Tau Fu,Chinatown Complex Market & Food Centre; #02-87/88; 335 Smith Street; Singapore; 050335; Singapur,Singapore,Singapur,0,Street food,Cocina local,0
Sik Bao Sin,592 Geylang Road; Singapore; 389531; Singapur,Singapore,Singapur,1,Cocina de Singapur,,0
Whole Earth,76 Peck Seah Street; Singapore; 079331; Singapur,Singapore,Singapur,1,Vegetariana,Familiar;Cocina local,0
Heng Kee,Hong Lim Market and Food Centre; #01-58; Blk 531A; Upper Cross Street; Singapore; 051531; Singapur,Singapore,Singapur,0,Street food,Cocina local,0
Lao Fu Zi Fried Kway Teow,51 Old Airport Road Food Centre; #01-12; 51 Old Airport Road; Singapore; 390051; Singapur,Singapore,Singapur,0,Street food,Merece la espera;Cocina local,0
J2 Famous Crispy Curry Puff,Amoy Street Food Centre; #01-21; 7 Maxwell Road; Singapore; 069111; Singapur,Singapore,Singapur,0,Street food,Cocina local,0
A Noodle Story,Amoy Street Food Centre; #01-39; 7 Maxwell Road; Singapore; 069111; Singapur,Singapore,Singapur,0,Street food,,0
Sin Huat Seafood Restaurant,659/661 Lorong 35 Geylang; Singapore; 389589; Singapur,Singapore,Singapur,1,Street food,Cocina local,0
Tai Wah Pork Noodle,Hong Lim Market and Food Centre; #02-16; Blk 531A; Upper Cross Street; Singapore; 051531; Singapur,Singapore,Singapur,0,Street food,Cocina local,0
Tian Tian Hainanese Chicken Rice,Maxwell Food Centre; #01-10/11; 1 Kadayanallur Street; Singapore; 069184; Singapur,Singapore,Singapur,0,Street food,Merece la espera,0
Yhingthai Palace,#01-04; 36 Purvis Street; Singapore; 188613; Singapur,Singapore,Singapur,1,Thai,Grupos,0
King of Laksa,Stall S3; #02-100; 118 Aljunied Avenue 2; Singapore; 380118; Singapur,Singapore,Singapur,0,Street food,Cocina local,0
Jalan Sultan Prawn Mee,2 Jalan Ayer; Lorong 1 Geylang; Singapore; 389141; Singapur,Singapore,Singapur,0,Street food,,0
Lian He Ben Ji Claypot,Chinatown Complex Market & Food Centre; #02-198/199; 335 Smith Street; Singapore; 050335; Singapur,Singapore,Singapur,0,Street food,,0
Han Kee,Amoy Street Food Centre; #02-129; 7 Maxwell Road; Singapore; 069111; Singapur,Singapore,Singapur,0,Street food,Cocina local,0
Ji Ji Noodle House,Hong Lim Market and Food Centre; #02-48/49; Blk 531A; Upper Cross Street; Singapore; 051531; Singapur,Singapore,Singapur,0,Street food,Cocina local,0
Outram Park Fried Kway Teow Mee,Hong Lim Market and Food Centre; #02-17; Blk 531A; Upper Cross Street; Singapore; 051531; Singapur,Singapore,Singapur,0,Street food,Merece la espera,0
Un-Yang-Kor-Dai,#01-02; 57 South Bridge Road; Singapore; 058688; Singapur,Singapore,Singapur,1,Thai,,0
Song Fa Bak Kut Teh (New Bridge Road),#01-01; 11 New Bridge Road; Singapore; 059386; Singapur,Singapore,Singapur,0,Cocina de Singapur,Merece la espera;Cocina local,0
Kok Sen,2/4 Keong Saik Road; Singapore; 089112; Singapur,Singapore,Singapur,1,Cocina de Singapur,Grupos,0
Jungle,10 Ann Siang Hill; Singapore; 069789; Singapur,Singapore,Singapur,1,Thai,Familiar,0
Cheok Kee,Geylang Bahru Market & Food Centre; #01-35; 69 Geylang Bahru; Singapore; 330069; Singapur,Singapore,Singapur,0,Street food,,0
Da Shi Jia Big Prawn Mee,89 Killiney Road; Singapore; 239534; Singapur,Singapore,Singapur,0,Cocina de Singapur,,0
Bismillah Biryani (Little India),50 Dunlop Street; Singapore; 209379; Singapur,Singapore,Singapur,0,Street food,Cocina local,0
Na Na Curry,115 Bukit Merah View Market & Hawker Centre; #01-47; Blk 115 Bukit Merah View; Singapore; 151115; Singapur,Singapore,Singapur,0,Street food,Cocina local,0
Koh Brother Pig's Organ Soup,Tiong Bahru Market; #02-29; 30 Seng Poh Road; Singapore; 168898; Singapur,Singapore,Singapur,0,Street food,,0
Spinach Soup,Geylang Bahru Market & Food Centre; #01-12; 69 Geylang Bahru; Singapore; 330069; Singapur,Singapore,Singapur,0,Street food,,0
Chai Chuan Tou Yang Rou Tang,115 Bukit Merah View Market & Hawker Centre; #01-51; Blk 115 Bukit Merah View; Singapore; 151115; Singapur,Singapore,Singapur,0,Street food,Merece la espera,0
Beach Road Fish Head Bee Hoon,Whampoa Makan Place; #01-46; 90/91 Whampoa Drive 91; Singapore; 320091; Singapur,Singapore,Singapur,0,Street food,,0
Zhi Wei Xian Zion Road Big Prawn Noodle,Zion Riverside Food Centre; #04; 70 Zion Road; Singapore; 247792; Singapur,Singapore,Singapur,0,Street food,,0
Hong Heng Fried Sotong Prawn Mee,Tiong Bahru Market; #02-01; 30 Seng Poh Road; Singapore; 168898; Singapur,Singapore,Singapur,0,Street food,,0
Tiong Bahru Hainanese Boneless Chicken Rice,Tiong Bahru Market; #02-82; 30 Seng Poh Road; Singapore; 168898; Singapur,Singapore,Singapur,0,Street food,,0
Xiangyee,101 Killiney Road; Singapore; 239544; Singapur,Singapore,Singapur,1,Cocina de Hunan,Grupos,0
No.18 Zion Road Fried Kway Teow,Zion Riverside Food Centre; #017; 70 Zion Road; Singapore; 247792; Singapur,Singapore,Singapur,0,Street food,Merece la espera;Cocina local,0
Yong Chun Wan Ton Noodle,115 Bukit Merah View Market & Hawker Centre; #01-56; Blk 115 Bukit Merah View; Singapore; 151115; Singapur,Singapore,Singapur,0,Street food,Cocina local,0
Singapore Fried Hokkien Mee,Whampoa Makan Place; #01-32/33; 90/91 Whampoa Drive 91; Singapore; 320091; Singapur,Singapore,Singapur,0,Street food,,0
Kelantan Kway Chap · Pig Organ Soup,Berseh Food Centre; #02-39; 166 Jalan Besar; Singapore; 208877; Singapur,Singapore,Singapur,0,Street food,,0
Hui Wei Chilli Ban Mian,Geylang Bahru Market & Food Centre; #01-58; 69 Geylang Bahru; Singapore; 330069; Singapur,Singapore,Singapur,0,Street food,,0
Delhi Lahori,Tekka Centre; #01-266; 665 Buffalo Road; Singapore; 210665; Singapur,Singapore,Singapur,0,Street food,Merece la espera,0
Kitchenman Nasi Lemak,CT Hub; #01-08/13; 2 Kallang Avenue; Singapore; 339407; Singapur,Singapore,Singapur,0,Malaya,Familiar;Cocina local,0
Chey Sua Carrot Cake,127 Toa Payoh West Market & Food Centre; #02-30; Blk 127; Lorong 1 Toa Payoh; Singapore; 310127; Singapur,Singapore,Singapur,0,Street food,,0
Jason Penang Cuisine,ABC Brickworks Market & Food Centre; #01-112; Blk 6 Jalan Bukit Merah; Singapore; 150006; Singapur,Singapore,Singapur,0,Street food,Cocina local,0
Ar Er Soup,ABC Brickworks Market & Food Centre; #01-141; Blk 6 Jalan Bukit Merah; Singapore; 150006; Singapur,Singapore,Singapur,0,Street food,,0
Fu Ming Cooked Food,Redhill Market; #01-49; 85 Redhill Lane; Singapore; 150085; Singapur,Singapore,Singapur,0,Street food,,0
Hai Nan Xing Zhou Beef Noodle,Kim Keat Palm Market & Food Centre; #01-06; 22 Lorong 7 Toa Payoh; Singapore; 310022; Singapur,Singapore,Singapur,0,Street food,Cocina local,0
Kwee Heng,Newton Food Centre; #01-13; 500 Clemenceau Avenue North; Singapore; 229495; Singapur,Singapore,Singapur,0,Street food,,0
Hong Kong Yummy Soup,Alexandra Village Food Centre; #01-51; Blk 120 Bukit Merah Lane 1; Singapore; 150120; Singapur,Singapore,Singapur,0,Street food,Cocina local,0
Jia Xiang,Redhill Market; #01-35; 85 Redhill Lane; Singapore; 150085; Singapur,Singapore,Singapur,0,Street food,,0
Heng,Newton Food Centre; #01-28; 500 Clemenceau Avenue North; Singapore; 229495; Singapur,Singapore,Singapur,0,Street food,,0
Chef Kang's Noodle House,Blk C; #01-34; Jackson Square; 11 Lorong 3 Toa Payoh; Singapore; 319579; Singapur,Singapore,Singapur,0,Street food,Cocina local,0
Alliance Seafood,Newton Food Centre; #01-27; 500 Clemenceau Avenue North; Singapore; 229495; Singapur,Singapore,Singapur,0,Street food,,0
Boon Tong Kee (Balestier Road),399; 401; 403 Balestier Road; Singapore; 329801; Singapur,Singapore,Singapur,0,Cocina de Singapur,Grupos;Cocina local,0
Kwang Kee Teochew Fish Porridge,Newton Food Centre; #01-20; 500 Clemenceau Avenue North; Singapore; 229495; Singapur,Singapore,Singapur,0,Street food,Cocina local,0
Lixin Teochew Fishball Noodles,Kim Keat Palm Market & Food Centre; #01-20; Blk 19 Toa Payoh Lor 7; Singapore; 310019; Singapur,Singapore,Singapur,0,Street food,Merece la espera,0
Hup Kee Fried Oyster Omelette,Newton Food Centre; #01-73; 500 Clemenceau Avenue North; Singapore; 229495; Singapur,Singapore,Singapur,0,Street food,Merece la espera,0
Wok Hei Hor Fun,Redhill Market; #01-94; 85 Redhill Lane; Singapore; 150085; Singapur,Singapore,Singapur,0,Street food,,0
Song Kee Teochew Fish Porridge,Newton Food Centre; #01-37; 500 Clemenceau Avenue North; Singapore; 229495; Singapur,Singapore,Singapur,0,Street food,,0
Adam Rd Noo Cheng Big Prawn Noodle,Adam Food Centre; #01-27; 2 Adam Road; Singapore; 289876; Singapur,Singapore,Singapur,0,Street food,Cocina local,0
Bahrakath Mutton Soup,Adam Food Centre; #01-10; 2 Adam Road; Singapore; 289876; Singapur,Singapore,Singapur,0,Street food,Cocina local,0
Selamat Datang Warong Pak Sapari,Adam Food Centre; #01-09 ; 2 Adam Road; Singapore; 289876; Singapur,Singapore,Singapur,0,Street food,Cocina local,0
Ru Ji Kitchen,Holland Drive Market & Food Centre; #02-28/29; 44 Holland Drive; Singapore; 270044; Singapur,Singapore,Singapur,0,Street food,Cocina local,0
Margaret Drive Sin Kee Chicken Rice,Block 40; Stall 5; #01-39; Holland Drive; Singapore; 270040; Singapur,Singapore,Singapur,0,Street food,Merece la espera,0
Chuan Kee Boneless Braised Duck,20 Ghim Moh Road Market & Food Centre; #01-04; Blk 20; Ghim Moh Road; Singapore; 270020; Singapur,Singapore,Singapur,0,Street food,,0
Song Fish Soup,Clementi 448 Food Centre; #01-38; 448 Clementi Ave 3; Singapore; 120448; Singapur,Singapore,Singapur,0,Street food,,0
New Lucky Claypot Rice,Holland Drive Market & Food Centre; #02-19; 44 Holland Drive; Singapore; 270044; Singapur,Singapore,Singapur,0,Street food,Cocina local,0
MP Thai (Vision Exchange),Vision Exchange; #02-41/42; 2 Venture Drive; Singapore; 608526; Singapur,Singapore,Singapur,1,Thai,Familiar;Cocina local,0
Hai Nan Zai,Chong Pang Market and Food Centre; #01-129; 105 Yishun Ring Road; Singapore; 760105; Singapur,Singapore,Singapur,0,Street food,,0
Ji De Lai Hainanese Chicken Rice,Chong Pang Market and Food Centre; #01-152; 105 Yishun Ring Road; Singapore; 760105; Singapur,Singapore,Singapur,0,Street food,Cocina local,0
Zai Shun Curry Fish Head,#01-205; 253 Jurong East Steet 24; Singapore; 600253; Singapur,Singapore,Singapur,0,Street food,Cocina local,0
Joo Siah Bak Koot Teh,Blk 349; #01-1215 Jurong East Avenue 1; Singapore; 600349; Singapur,Singapore,Singapur,0,Street food,,0
Fei Fei Roasted • Noodle,Yuhua Village Market and Food Centre; #01-28; Blk 254; Jurong East Street 24; Singapore; 600254; Singapur,Singapore,Singapur,0,Street food,Cocina local,0
Lai Heng Handmade Teochew Kueh,Yuhua Market & Hawker Centre; #01-218; Blk 347; Jurong East Avenue 1; Jurong East; Singapore; 600347; Singapur,Singapore,Singapur,0,Street food,,0
Heng Heng Cooked Food,Yuhua Village Market and Food Centre; #01-12; Blk 254; Jurong East Street 24; Singapore; 600254; Singapur,Singapore,Singapur,0,Street food,,0
Soh Kee Cooked Food,Jurong West 505 Market & Food Centre; #01-44; Blk 505; Jurong West Street 52; Singapore; 640505; Singapur,Singapore,Singapur,0,Street food,Cocina local,0
Tai Seng Fish Soup,Taman Jurong Market & Food Centre; #03-145; 3 Yung Sheng Road; Jurong West; Singapore; 618499; Singapur,Singapore,Singapur,0,Street food,,0
Dudu Cooked Food,Jurong West 505 Market & Food Centre; #01-19; Blk 505; Jurong West Street 52; Singapore; 640505; Singapur,Singapore,Singapur,0,Street food,Cocina local,0
Jian Bo Tiong Bahru Shui Kueh,Jurong West 505 Market & Food Centre; #01-27; Blk 505; Jurong West Street 52; Singapore; 640505; Singapur,Singapore,Singapur,0,Street food,Cocina local,0
Hai Kah Lang (Taman Cheras),44 Jalan Kaskas 2; Taman Cheras; Kuala Lumpur; 56100; Malasia,Kuala Lumpur,Malasia,1,Pescados y mariscos,,0
Sao Nam,25 Tengkat Tong Shin; Bukit Bintang; Kuala Lumpur; 50200; Malasia,Kuala Lumpur,Malasia,1,Vietnamita,Familiar,0
Congkak (Bukit Bintang),24 Jalan Beremi; Bukit Bintang; Kuala Lumpur; 50200; Malasia,Kuala Lumpur,Malasia,1,Malaya,Cocina local,0
De. Wan 1958 (Taman U Thant),Level 2-2; The LINC KL; 360 Jalan Tun Razak; Taman U Thant; Kuala Lumpur; 50400; Malasia,Kuala Lumpur,Malasia,2,Malaya,Grupos,0
Lai Foong Lala Noodles,99 Jalan Sultan; Kuala Lumpur City Centre; Kuala Lumpur; 50000; Malasia,Kuala Lumpur,Malasia,0,Noodles,Familiar;Cocina local,0
Anak Baba (Brickfields),159 Jalan Sultan Abdul Samad; Brickfields; Kuala Lumpur; 50470; Malasia,Kuala Lumpur,Malasia,0,Malaya; Peranakan,Cocina local,0
Gulainya,44-G; Plaza Damansara; Jalan Medan Setia 2; Bukit Damansara; Kuala Lumpur; 50490; Malasia,Kuala Lumpur,Malasia,1,Peranakan,Cocina local,0
Aliyaa,48 Jalan Medan Setia 2; Bukit Damansara; Kuala Lumpur; 50490; Malasia,Kuala Lumpur,Malasia,1,Cocina de Sri Lanka,,0
Simmer House,226 Guangsi Road; Cianjhen District; Kaohsiung; Taiwán,Kaohsiung,Taiwán,1,Taiwanesa,,0
Thai Yuan,53 Lingya 2nd Road; Lingya District; Kaohsiung; Taiwán,Kaohsiung,Taiwán,1,Thai,,0
Caizong Li,159 Chenggong 1st Road; Lingya District; Kaohsiung; 80249; Taiwán,Kaohsiung,Taiwán,0,Small eats,Cocina local,0
Mi Yuan Tzu Steamed Glutinous Rice,30 Nanhai Street; Sinsing District; Kaohsiung; Taiwán,Kaohsiung,Taiwán,0,Small eats,Cocina local,0
Chun Lan Gua Bao,5 Fusing 1st Road; Sinsing District; Kaohsiung; Taiwán,Kaohsiung,Taiwán,0,Small eats,Merece la espera,0
Liang Chia Pig Knuckle,229 Yangming Road; Sanmin District; Kaohsiung; Taiwán,Kaohsiung,Taiwán,0,Small eats,Cocina local,0
NIU LAO DA (Zihciang 2nd Road),18 Zihciang 2nd Road; Cianjin District; Kaohsiung; Taiwán,Kaohsiung,Taiwán,1,Taiwanesa,Familiar;Grupos,0
Yung Yen,528 Chenggong 1st Road; Cianjin District; Kaohsiung; Taiwán,Kaohsiung,Taiwán,1,Taiwanesa,Familiar;Cocina local,0
Hou Chi Duck Rice,201 Zihciang 1st Road; Sanmin District; Kaohsiung; Taiwán,Kaohsiung,Taiwán,0,Small eats,,0
Bei Gang Tsai Rice Tube (Yancheng),166 Hesi Road; Yancheng District; Kaohsiung; Taiwán,Kaohsiung,Taiwán,0,Small eats,Cocina local,0
Chao Ming,53 Zihciang 1st Road; Cianjin District; Kaohsiung; Taiwán,Kaohsiung,Taiwán,1,Taiwanesa,,0
Cianjin Braised Pork Rice,26 Datong 2nd Road; Cianjin District; Kaohsiung; Taiwán,Kaohsiung,Taiwán,0,Small eats,Cocina local,0
Hung Chi Rice Shop,96 Liwun Road; Zuoying District; Kaohsiung; Taiwán,Kaohsiung,Taiwán,0,Small eats,Comer solo,0
Erge Shih Tang,145 Cinghai Road; Gushan District; Kaohsiung; Taiwán,Kaohsiung,Taiwán,1,Taiwanesa,,0
Yang Bao Bao (Chaoming Road),106 Chaoming Road; Nanzih District; Kaohsiung; 814; Taiwán,Kaohsiung,Taiwán,0,Raviolis,,0
Ibu Kitchen,629; Section 2; Jhongshan Road; Meinong District; Kaohsiung; Taiwán,Kaohsiung,Taiwán,1,Taiwanesa,Familiar;Grupos,0
Hsiu Ming,41 Yongping Street; Cishan District; Kaohsiung; Taiwán,Kaohsiung,Taiwán,0,Small eats,Cocina local,0
Liao Chi Migao,119 Ciaonan Road; Ciaotou District; Kaohsiung; Taiwán,Kaohsiung,Taiwán,0,Small eats,Merece la espera;Cocina local,0
Ciao Zai Tou Huang's Braised Pork Rice (Ciaotou),106 Ciaonan Road; Ciaotou District; Kaohsiung; 825; Taiwán,Kaohsiung,Taiwán,0,Small eats,Cocina local,0
Joes (Gangshan),111 Hehua Road; Gangshan District; Kaohsiung; 820; Taiwán,Kaohsiung,Taiwán,1,Taiwanesa,Cocina local,0
Hu Dong Beef,107; Section 1; Zhongshan Road; Hunei District; Kaohsiung; Taiwán,Kaohsiung,Taiwán,1,Taiwanesa,Familiar;Cocina local,0
BAA Wanli Goat,36 Singnan Street; South District; Tainan; Taiwán,Tainan,Taiwán,1,Taiwanesa,,0
Shian Jeng Shrimp Bawan,609 Yunong Road; East District; Tainan; Taiwán,Tainan,Taiwán,0,Small eats,,0
Lien Wu Chiao Lamb Soup,361; Jhongjheng Road; Xinhua District; Tainan; Taiwán,Tainan,Taiwán,0,Small eats,Cocina local,0
San Hao Yi Kung Tao Angelica Duck,2; Section 1; Fucian Road; Central West District; Tainan; Taiwán,Tainan,Taiwán,0,Small eats,Merece la espera,0
Cheng Shi,12; Lane 702; Section 1; Simen Road; West Central District; Tainan; Taiwán,Tainan,Taiwán,0,Noodles,Cocina local,0
Amei,98; Section 2; Mincyuan Road; West Central District; Tainan; Taiwán,Tainan,Taiwán,1,Taiwanesa,Grupos,0
Hao Nung Chia Migao,66; Section 2; Jiankang Road; South District; Tainan; Taiwán,Tainan,Taiwán,0,Small eats,Cocina local,0
Fu Tai Table Third Generation,219; Section 2; Minzu Road; West Central District; Tainan; Taiwán,Tainan,Taiwán,0,Small eats,Merece la espera,0
Yeh Jia Calamari Rice Noodle Soup,142; Section 2; Guohua Street; West Central District; Tainan; Taiwán,Tainan,Taiwán,0,Small eats,Merece la espera;Cocina local,0
Yeh San Duck Thick Soup,216 Linsen Road; Section 2; East District; Tainan; Taiwán,Tainan,Taiwán,0,Small eats,,0
Yuan Zai Hui (Guohua Street),99; Section 2; Guohua Street; West Central District; Tainan; Taiwán,Tainan,Taiwán,0,Small eats,Cocina local,0
Kaiyuan Red-cook Spanish Mackerel,307 Kaiyuan Road; North District; Tainan; Taiwán,Tainan,Taiwán,0,Small eats,Cocina local,0
Lo Cheng Migao,241; Section 2; Minzu Road; West Central District; Tainan; Taiwán,Tainan,Taiwán,0,Small eats,Cocina local,0
Zhu-Ji Dong Tsai Ya,47 Jhongshan Road; West Central District; Tainan; Taiwán,Tainan,Taiwán,0,Street food,,0
CHAN CHI,59 Dong'an Road; East District; Tainan; Taiwán,Tainan,Taiwán,0,Taiwanesa,,0
No Name Lamb Soup,144; Section 2; Fucian Road; West Central District; Tainan; 700; Taiwán,Tainan,Taiwán,0,Small eats,Cocina local,0
Yi Wei Pin,Shop 111 & 112; Yong Le Market; 177-179; Section 3; Guohua Street; West Central District; Tainan; Taiwán,Tainan,Taiwán,0,Small eats,Cocina local,0
Eat to Fat,3; Lane 125; Sinmel Street; West Central District; Tainan; Taiwán,Tainan,Taiwán,1,Taiwanesa,,0
Dayong Street No Name Congee,85 Dayong Street; West Central District; Tainan; Taiwán,Tainan,Taiwán,0,Congee,Cocina local,0
Po Jen Tang,27; Lane 300; Section 2; Simen Road; West Central District; Tainan; Taiwán,Tainan,Taiwán,0,Taiwanesa,,0
Jai Mi Ba,159-1 Bao-an Road; West Central District; Tainan; Taiwán,Tainan,Taiwán,1,Noodles,Merece la espera,0
Shang Hao Chih Beef Soup,6; Section 1; Beian Road; North District; Tainan; Taiwán,Tainan,Taiwán,0,Small eats,Cocina local,0
A Hsing Congee,289; Section 3; Minzu Road; West Central District; Tainan; Taiwán,Tainan,Taiwán,0,Congee,Cocina local,0
Huang Chia Shrimp Roll,268 Sihe Road; Central West District; Tainan; Taiwán,Tainan,Taiwán,0,Small eats,Merece la espera,0
A Xing Shi Mu Yu,311 Wunsian Road; North District; Tainan; Taiwán,Tainan,Taiwán,0,Small eats,Cocina local,0
Small Park Danzai Noodles,321; Section 2; Simen Road; West Central District; Tainan; Taiwán,Tainan,Taiwán,0,Noodles,Cocina local,0
A Wen Rice Cake,74 Boa-an Road; Central West District; Tainan; Taiwán,Tainan,Taiwán,0,Small eats,Cocina local,0
Hsi Lo Tien Beef Soup,98 Gongyuan South Road; North District; Tainan; Taiwán,Tainan,Taiwán,0,Small eats,Cocina local,0
Xie Shopkeeper,5; Lane 23; Yunhe Road; Anping District; Tainan; Taiwán,Tainan,Taiwán,1,Small eats,Cocina local,0
Chang Ying Seafood House,484 Cianli; Sanliaowan; Beimen District; Tainan; 727; Taiwán,Tainan,Taiwán,1,Small eats,Familiar,0
Bếp Mẹ ỉn (Le Thanh Ton Street),136 Le Thanh Ton Street; Ben Thanh Ward; Ho Chi Minh City; 700000; Vietnam,Ho Chi Minh City,Vietnam,0,Vietnamita,Cocina local,0
La Lola,82 Ly Tu Trong Street; Ben Thanh Ward; Ho Chi Minh City; 71009; Vietnam,Ho Chi Minh City,Vietnam,1,Cocina mediterránea,Familiar,0
No Name Noodles,69 Shifu Road; Central District; Taichung; 400; Taiwán,Taichung,Taiwán,0,Noodles,Cocina local,0
Chay Garden (Xuan Hoa),52 Vo Van Tan Street; Xuan Hoa Ward; Ho Chi Minh City; 700000; Vietnam,Ho Chi Minh City,Vietnam,0,Vegetariana,Terraza agradable,0
Moon Pavilion,2F; Miyahara; 20 Zhongshan Road; Central District; Taichung; Taiwán,Taichung,Taiwán,1,Taiwanesa,Familiar,0
A Kun Mian,142 Pingdeng Street; Central District; Taichung; 400; Taiwán,Taichung,Taiwán,0,Noodles,Merece la espera,0
Taichung Meatball,529; Section 3; Fuxing Road; South District; Taichung; 402; Taiwán,Taichung,Taiwán,0,Small eats,Cocina local,0
Niou Jia Juang,19 Xinfeng Street; Dongshi District; Taichung; Taiwán,Taichung,Taiwán,1,Cocina de Hakka,Grupos,0
Fu Kuei Ting,31; Lane 18; Section 2; Sanmin Road; Central District; Taichung; 400; Taiwán,Taichung,Taiwán,0,Taiwanesa,,0
Fu Din Wang (Central),560; Section 1; Taiwan Boulevard; Central District; Taichung; 400; Taiwán,Taichung,Taiwán,0,Taiwanesa,,0
Chin Chih Yuan (Central),170 Chenggong Road; Central District; Taichung; 400; Taiwán,Taichung,Taiwán,0,Taiwanesa,,0
Fu Juang Yuan,203; Section 1; Meicun Road; West District; Taichung; 403; Taiwán,Taichung,Taiwán,0,Taiwanesa,,0
Ajisai,102 Zhongxing Street; West District; Taichung; 403; Taiwán,Taichung,Taiwán,0,Noodles,,0
Küisine (West),1; Lane 24; Mofan Street; West District; Taichung; Taiwán,Taichung,Taiwán,1,Asiática,Familiar,0
Night School Braised Pork Rice,109 Jingcheng Road; West District; Taichung; Taiwán,Taichung,Taiwán,0,Small eats,Cocina local,0
Kung Fu Shanghai Fish Ball,380 Zhongmei Street; West District; Taichung; Taiwán,Taichung,Taiwán,0,Small eats,,0
Don Moo,317 Yingcai Road; North District; Taichung; Taiwán,Taichung,Taiwán,0,Small eats,Cocina local,0
Shanghai Food (Nantun),537; Section 2; Gongyi Road; Nantun District; Taichung; 408; Taiwán,Taichung,Taiwán,0,Dim Sum,,0
Ke Kou Beef Noodles,911 Dadun Road; Xitun District; Taichung; 407; Taiwán,Taichung,Taiwán,0,Noodles,Cocina local,0
House of Dawn,104 Dadun 18th Street; Xitun District; Taichung; Taiwán,Taichung,Taiwán,0,Vegetariana,,0
Lou's (Nantun),65; Section 3; Xiangshang Road; Nantun District; Taichung; Taiwán,Taichung,Taiwán,1,Taiwanesa,Merece la espera,0
Li Xiao Lou,50; Lane 293; Section 2; Xitun Road; Xitun District; Taichung; Taiwán,Taichung,Taiwán,1,Taiwanesa,Cocina local,0
Superman,349; Section 1; Beixin Road; Xindian District; New Taipei; 231031; Taiwán,New Taipei,Taiwán,1,Small eats,Merece la espera,0
Lai Kang Shan,10 Jianguo Road; Xindian District; New Taipei; Taiwán,New Taipei,Taiwán,0,Small eats,Cocina local,0
Bei Ya Duck Thick Soup,169 Guangming Street; Xindian District; New Taipei; Taiwán,New Taipei,Taiwán,0,Small eats,Cocina local,0
Feng Chi Goose,170 Pingxi Road; Shalu District; Taichung; Taiwán,Taichung,Taiwán,1,Taiwanesa,Cocina local,0
San Tung,19; Lane 133; Zhongyang Road; Xindian District; New Taipei; Taiwán,New Taipei,Taiwán,1,China,Grupos,0
Bitan Chiao Tou Goose,127; Section 1; Beixin Road; Xindian District; New Taipei; Taiwán,New Taipei,Taiwán,1,Small eats,Comer solo,0
Hsiung Chi Scallion Pancake,Gongguan Night Market; 2; Lane 108; Section 4; Luosifu Road; Zhongzheng District; Taipei; Taiwán,Taipei,Taiwán,0,Street food,Merece la espera,0
Sinchao Rice Shoppe,2F; Breeze Xin Yi; 68; Section 5; Zhongxiao East Road; Xinyi District; Taipei; 110; Taiwán,Taipei,Taiwán,1,Taiwanesa,,0
Tsai Chia Beef Noodles,12; Alley 16; Lane 153; Section 3; Xiulang Road; Zhonghe District; New Taipei; Taiwán,New Taipei,Taiwán,0,Noodles,Merece la espera,0
Pàng,181 Wenchang Street; Da'an District; Taipei; Taiwán,Taipei,Taiwán,1,Mexicana,,0
Open Smile,441 Zhuangjing Road; Xinyi District; Taipei; Taiwán,Taipei,Taiwán,0,Small eats,Cocina local,0
GARDEN h,22 Zhiguang Street; Yonghe District; New Taipei; Taiwán,New Taipei,Taiwán,1,Cocina de Hakka; Jiangzhe,Familiar;Grupos,0
Lao Shih Kuan Noodles,81-12 Zhennan Street; Qingshui District; Taichung; 406; Taiwán,Taichung,Taiwán,0,Noodles,Cocina local,0
Yonghe Chia Hsiang Soy Milk,57 Minzhi Street; Yonghe District; New Taipei; Taiwán,New Taipei,Taiwán,0,Small eats,Cocina local,0
Hang Zhou Xiao Long Bao (Da'an),17 & 19; Section 2; Hangzhou South Road; Da'an District; Taipei; 106; Taiwán,Taipei,Taiwán,1,Dim Sum,Merece la espera,0
Noon Turnip Cake,8 Riverbank Boulevard; Hengshan Township; Hsinchu County; Taiwán,Hsinchu County,Taiwán,0,Small eats,,0
Din Tai Fung (Xinyi Road),277; Section 2; Xinyi Road; Da'an District; Taipei; 110; Taiwán,Taipei,Taiwán,1,Cocina de Shanghái,Merece la espera;Cocina local,0
Yu Yu 1969,48 Liaoning Street; Zhongshan District; Taipei; Taiwán,Taipei,Taiwán,1,Taiwanesa,,0
Jin Shang Hsuan,111; Lane 155; Dunhua North Road; Songshan District; Taipei; Taiwán,Taipei,Taiwán,1,Taiwanesa,Familiar;Grupos,0
SÒNG JHAO,72 Fuxing Street; Yonghe District; New Taipei; Taiwán,New Taipei,Taiwán,0,Taiwanesa,,0
Tsui Feng Yuan,5; Lane 8; Section 3; Bade Road; Songshan District; Taipei; 105; Taiwán,Taipei,Taiwán,1,Cantonesa,Grupos,0
Talking Heads,25 Siwei Road; Da'an District; Taipei; Taiwán,Taipei,Taiwán,1,Cocina de Hunan; Jiangzhe,,0
Toriaezu Curry,146 Sanmin Road; Songshan District; Taipei; Taiwán,Taipei,Taiwán,1,Curry,Comer solo,0
Tableau by Craig Yang,33; Lane 78; Section 1; Anhe Road; Da'an District; Taipei; Taiwán,Taipei,Taiwán,1,Creativa,,0
Chi Chia Chuang (Changchun Road),55 Changchun Road; Zhongshan District; Taipei; 104; Taiwán,Taipei,Taiwán,1,Taiwanesa,Grupos,0
A-ba's Taro Ball,1; Lane 18; Baoping Road; Yonghe District; New Taipei; Taiwán,New Taipei,Taiwán,0,Small eats,Cocina local,0
Soft Power,21; Alley 30; Lane 135; Section 2; Minquan East Road; Zhongshan District; Taipei; Taiwán,Taipei,Taiwán,0,Small eats,,0
Shang Hao,1; Lane 8; Minzhi Street; Zhonghe District; New Taipei; Taiwán,New Taipei,Taiwán,0,Small eats,Merece la espera,0
Tsou Chi Cai Bao (Zhongzheng Road),49 Zhongzheng Road; Beipu Township; Hsinchu County; 314002; Taiwán,Hsinchu County,Taiwán,0,Small eats,Cocina local,0
MoonMoonFood (Qingdao East Road),6-2 Qingdao East Road; Zhongzheng District; Taipei; 100; Taiwán,Taipei,Taiwán,1,Taiwanesa,Merece la espera,0
Su Lai Chuan,4; Lane 176; Section 3; Heping West Road; Wanhua District; Taipei; Taiwán,Taipei,Taiwán,0,Small eats,,0
Clavius,120 Fujin Street; Songshan District; Taipei; Taiwán,Taipei,Taiwán,1,Vegetariana,Familiar,0
Ang Gu,35 Guangfu Road; Guanxi Township; Hsinchu County; Taiwán,Hsinchu County,Taiwán,0,Noodles,Cocina local,0
Lao Shan Dong Homemade Noodles,Shop 15; B1; 70 Xining South Road; Wanhua District; Taipei; 108; Taiwán,Taipei,Taiwán,0,Noodles,,0
Wu Wang Tsai Chi,Nanjichang Night Market; 29; Lane 313; Section 2; Zhonghua Road; Zhongzheng District; Taipei; 100; Taiwán,Taipei,Taiwán,0,Street food,Merece la espera,0
Yuan Fang Guabao,Huaxi Street Night Market; Stall 161; 17-2 Huaxi Street; Wanhua District; Taipei; 108; Taiwán,Taipei,Taiwán,0,Street food,Cocina local,0
Yeh Chia Pork Ribs Medicinal Herbs Soup,441; Section 2; Zhongshan Road; Banqiao District; New Taipei; Taiwán,New Taipei,Taiwán,0,Small eats,Cocina local,0
Unnamed Clay Oven Roll,Nanjichang Night Market; Stall 74; Lane 311; Section 2; Zhonghua Road; Zhongzheng District; Taipei; Taiwán,Taipei,Taiwán,0,Street food,,0
Bò Kho Gánh,029 Lot H; Ngo Gia Tu Apartment; Su Van Hanh Street; Vuon Lai Ward; Ho Chi Minh City; 700000; Vietnam,Ho Chi Minh City,Vietnam,0,Street food,Cocina local,0
Wang's Broth,Huaxi Street Night Market; Stall 153; 17-4 Huaxi Street; Wanhua District; Taipei; Taiwán,Taipei,Taiwán,0,Small eats,Cocina local,0
Serenity (Zhongzheng),1; Lane 1; Zhenjiang Street; Zhongzheng District; Taipei; 100; Taiwán,Taipei,Taiwán,1,Vegetariana,,0
Bebu,1; Lane 16; Gongyuan Street; Beipu Township; Hsinchu County; Taiwán,Hsinchu County,Taiwán,1,Cocina de Hakka,Cocina local,0
Abba Hakka,118 Zhongshan Road; Sanxia District; New Taipei; Taiwán,New Taipei,Taiwán,1,Cocina de Hakka,,0
Nhà Tú,129/4 Vo Van Tan Street; Xuan Hoa Ward; Ho Chi Minh City; 722700; Vietnam,Ho Chi Minh City,Vietnam,0,Vietnamita,Cocina local,0
Yi Jia Zi,79 Kangding Road; Wanhua District; Taipei; 108; Taiwán,Taipei,Taiwán,0,Small eats,Cocina local,0
Bún Riêu Yến,1346 Truong Sa Street; Tan Son Hoa Ward; Ho Chi Minh City; 700000; Vietnam,Ho Chi Minh City,Vietnam,0,Street food,Cocina local,0
Inn's+ (Shuangcheng Street),8; Lane 28; Shuangcheng Street; Zhongshan District; Taipei; Taiwán,Taipei,Taiwán,1,Taiwanesa,Grupos,0
Da-Qiao-Tou Tube Rice Pudding (Yanping North Road),41; Section 3; Yanping North Road; Datong District; Taipei; Taiwán,Taipei,Taiwán,0,Small eats,Cocina local,0
Phở Miến Gà Kỳ Đồng,14/5 Bis Ky Dong Street; Xuan Hoa Ward; Ho Chi Minh City; 700000; Vietnam,Ho Chi Minh City,Vietnam,0,Street food,Cocina local,0
Yi Ge Rice Vermicelli,621 Fuchang Street; Qionglin Township; Hsinchu County; Taiwán,Hsinchu County,Taiwán,0,Small eats,Cocina local,0
Jen Ho Yuan,2F; 112; Section 2; Zhongshan North Road; Zhongshan District; Taipei; Taiwán,Taipei,Taiwán,1,Cocina de Yunnan,Grupos,0
Da One Gone Lamb,2; Lane 112; Siwei Road; Banqiao District; New Taipei; Taiwán,New Taipei,Taiwán,0,Small eats,,0
Mặn Mòi (An Khánh),32 D11 Street; An Khanh Ward; Ho Chi Minh City; 721400; Vietnam,Ho Chi Minh City,Vietnam,1,Vietnamita,Grupos,0
Huang Chi Lu Rou Fan,28; Lane 183; Section 2; Zhongshan North Road; Zhongshan District; Taipei; Taiwán,Taipei,Taiwán,0,Small eats,Cocina local,0
Hsiao Cho Chih Chia,420 Jilin Road; Zhongshan District; Taipei; Taiwán,Taipei,Taiwán,1,Taiwanesa,Cocina local,0
HUGH dessert dining,56; Lane 136; Section 3; Chongqing North Road; Datong District; Taipei; Taiwán,Taipei,Taiwán,1,Creativa,,0
Bánh Xèo 46A,46 Dinh Cong Trang Street; Tan Dinh Ward; Ho Chi Minh City; 710776; Vietnam,Ho Chi Minh City,Vietnam,0,Vietnamita,,0
Mai Mien Yen Tsai,106 Anxi Street; Datong District; Taipei; 103; Taiwán,Taipei,Taiwán,0,Noodles,Merece la espera;Cocina local,0
Phở Phượng,25 Hoang Sa Street; Saigon Ward; Ho Chi Minh City; 71007; Vietnam,Ho Chi Minh City,Vietnam,0,Street food,,0
Phở Hương Bình,148 Vo Thi Sau Street; Xuan Hoa Ward; Ho Chi Minh City; 700000; Vietnam,Ho Chi Minh City,Vietnam,0,Noodles,Cocina local,0
Shinjiko Shijimi Chukasoba Kohaku,2-1-3 Nishirokugo; Ota-ku; Tokyo; 144-0056; Japón,Tokyo,Japón,0,Ramen,Comer solo,0
Phở Lệ (An Đông),413-415 Nguyen Trai Street; An Dong Ward; Ho Chi Minh City; 749741; Vietnam,Ho Chi Minh City,Vietnam,0,Noodles,Comer solo;Cocina local,0
Dian Xiao Er (Datong North Road),27 Datong North Road; Sanchong District; New Taipei; Taiwán,New Taipei,Taiwán,0,Small eats,Merece la espera;Cocina local,0
Chung Chia Sheng Jian Bao,Shilin Night Market; 38 Xiaodong Street; Shilin District; Taipei; Taiwán,Taipei,Taiwán,0,Street food,,0
Jhen Pin,97; Section 1; Fuxing Road; Xinzhuang District; New Taipei; Taiwán,New Taipei,Taiwán,0,Small eats,Cocina local,0
Bánh Cuốn Tây Hồ 127,127 Dinh Tien Hoang Street; Tan Dinh Ward; Ho Chi Minh City; 710000; Vietnam,Ho Chi Minh City,Vietnam,0,Vietnamita,Merece la espera,0
Sung Chu Yuan,546 Yonggong Road; Shilin District; Taipei; Taiwán,Taipei,Taiwán,1,Taiwanesa,Familiar;Grupos,0
San Chieh Mei Nung Chia Le,23 Daping Road; Wanli District; New Taipei; Taiwán,New Taipei,Taiwán,1,Taiwanesa,,0
Guang Xing Pork Knuckle,124 Ren'ai Street; Sanchong District; New Taipei; Taiwán,New Taipei,Taiwán,0,Small eats,Cocina local,0
Hồng Phát (Bàn Cờ),389-391 Vo Van Tan Street; Ban Co Ward; Ho Chi Minh City; 70000; Vietnam,Ho Chi Minh City,Vietnam,0,Noodles,Cocina local,0
Homemade Ramen Muginae,6-11-10 Minamioi; Shinagawa-ku; Tokyo; 140-0013; Japón,Tokyo,Japón,0,Ramen,Merece la espera;Comer solo,0
Chị Mơ,23C Le Van Mien Street; An Khanh Ward; Ho Chi Minh City; 700000; Vietnam,Ho Chi Minh City,Vietnam,1,Vietnamita,Familiar,0
Hung Chin,312; Section 3; Kehu Road; Zhudong Township; Hsinchu County; Taiwán,Hsinchu County,Taiwán,1,Cocina de Hakka,Familiar;Cocina local,0
Le Monde Gourmand,2-17-15 Midorigaoka; Meguro-ku; Tokyo; 152-0034; Japón,Tokyo,Japón,1,Francesa,Comer solo,0
ARROCERÍA La Panza,1-15-8 Ginza; Chuo-ku; Tokyo; 104-0061; Japón,Tokyo,Japón,1,Española,,0
Bún Bò Huế 14B,14B Street 46; Vinh Hoi Ward; Ho Chi Minh City; 754000; Vietnam,Ho Chi Minh City,Vietnam,0,Street food,,0
Chukasoba Ginza Hachigou,3-14-2 Ginza; Chuo-ku; Tokyo; 104-0061; Japón,Tokyo,Japón,0,Ramen,Comer solo,0
Sushi Mikata,4-1-4 Mita; Minato-ku; Tokyo; 108-0073; Japón,Tokyo,Japón,1,Sushi,Comer solo,0
Le Nougat,6-12-2 Ginza; Chuo-ku; Tokyo; 104-0061; Japón,Tokyo,Japón,1,Francesa,,0
GINZA KATSUKAMI II,4F; Kojun Bldg; 6-8-7 Ginza; Chuo-ku; Tokyo; 104-0061; Japón,Tokyo,Japón,1,Tonkatsu,Comer solo,0
TRATTORIA BUCA'MASSIMO,1-24-11 Tomioka; Koto-ku; Tokyo; 135-0047; Japón,Tokyo,Japón,1,Italiana,,0
Ramen Break Beats,4-21-19 Meguro; Meguro-ku; Tokyo; 153-0063; Japón,Tokyo,Japón,0,Ramen,Comer solo,0
Yakitori Abe,3-3-4 Kamiosaki; Shinagawa-ku; Tokyo; 141-0021; Japón,Tokyo,Japón,1,Yakitori,Comer solo,0
le bistrot des bleus,2F; EAT PLAY WORKS; 5-4-16 Hiro; Shibuya-ku; Tokyo; 150-0012; Japón,Tokyo,Japón,1,Francesa,Comer solo,0
Tiệm Cơm Thố Chuyên Ký,67 Ton That Dam Street; Saigon Ward; Ho Chi Minh City; 70000; Vietnam,Ho Chi Minh City,Vietnam,0,Cantonesa,Cocina local,0
Arrocería Sal y Amor,B1F; 12-19 Daikanyamacho; Shibuya-ku; Tokyo; 150-0034; Japón,Tokyo,Japón,1,Española,,0
Shan Guo Tang,188 Zhuangjing South Road; Zhubei City; Hsinchu County; Taiwán,Hsinchu County,Taiwán,1,Vegetariana,Familiar,0
HOPPERS,7-1 Nihombashikabutocho; Chuo-ku; Tokyo; 103-0026; Japón,Tokyo,Japón,1,Cocina de Sri Lanka,,0
AUDACE,3-8-1 Kamimeguro; Meguro-ku; Tokyo; 153-0051; Japón,Tokyo,Japón,1,Italiana,,0
Cục Gạch Quán,10 Dang Tat Street; Tan Dinh Ward; Ho Chi Minh City; 71008; Vietnam,Ho Chi Minh City,Vietnam,1,Vietnamita,Grupos,0
Phở Chào,52 Nguyen Cong Tru Street; Thanh My Tay Ward; Ho Chi Minh City; 72323; Vietnam,Ho Chi Minh City,Vietnam,0,Noodles,Cocina local,0
falò,B1F; 14-10 Daikanyamacho; Shibuya-ku; Tokyo; 150-0034; Japón,Tokyo,Japón,1,Italiana,,0
Bánh Canh Cua Bà Ba,84/6 Nguyen Bieu Street; Cho Quan Ward; Ho Chi Minh City; 700000; Vietnam,Ho Chi Minh City,Vietnam,0,Street food,Cocina local,0
L'AS,4-16-3 Minamiaoyama; Minato-ku; Tokyo; 107-0062; Japón,Tokyo,Japón,1,Francesa; Actual,Comer solo,0
Phở Minh (Sài Gòn),63/6 Pasteur Street; Saigon Ward; Ho Chi Minh City; 710000; Vietnam,Ho Chi Minh City,Vietnam,0,Noodles,Cocina local,0
Phở Hoàng (Nguyen Tri Phuong Street),460 Nguyen Tri Phuong Street; Vuon Lai Ward; Ho Chi Minh City; 740500; Vietnam,Ho Chi Minh City,Vietnam,0,Noodles,Cocina local,0
Hum Garden,32 D10 Street; An Khanh Ward; Ho Chi Minh City; 700000; Vietnam,Ho Chi Minh City,Vietnam,1,Vegetariana,Terraza agradable,0
Cơm Tấm Ba Ghiền,84 Dang Van Ngu Street; Phu Nhuan Ward; Ho Chi Minh City; 725000; Vietnam,Ho Chi Minh City,Vietnam,0,Street food,Cocina local,0
BISTRO GLOUTON,2-33-7 Ikejiri; Setagaya-ku; Tokyo; 154-0001; Japón,Tokyo,Japón,1,Francesa,Comer solo,0
Lien,3-5-22 Ikejiri; Setagaya-ku; Tokyo; 154-0001; Japón,Tokyo,Japón,1,Francesa,Comer solo,0
Sol Kitchen & Bar (Ben Thanh),112 Ly Tu Trong Street; Ben Thanh Ward; Ho Chi Minh City; 700000; Vietnam,Ho Chi Minh City,Vietnam,1,Latinoamericana,,0
Yaesu Unagi Hashimoto,1-5-10 Yaesu; Chuo-ku; Tokyo; 103-0028; Japón,Tokyo,Japón,1,Unagi / Anguila,Comer solo;Cocina local,0
Kuhara,2-25-38 Higashi; Shibuya-ku; Tokyo; 150-0011; Japón,Tokyo,Japón,1,Japonesa,,0
Ma Cuisine,B1F; 1-2-14 Nishiazabu; Minato-ku; Tokyo; 106-0031; Japón,Tokyo,Japón,1,Francesa,Comer solo;Grupos,0
Osobano Kouga,2-14-5 Nishiazabu; Minato-ku; Tokyo; 106-0031; Japón,Tokyo,Japón,0,Soba,Comer solo;Cocina local,0
Les Copains de DOMINIQUE BOUCHET,B1F; 5-1-8 Ginza; Chuo-ku; Tokyo; 104-0061; Japón,Tokyo,Japón,1,Francesa,,0
Biriyani Osawa,B1F; 1-15-12 Uchikanda; Chiyoda-ku; Tokyo; 101-0047; Japón,Tokyo,Japón,0,Hindú,Comer solo,0
Shou Wu EAT,31 Chenggong 2nd Street; Zhubei City; Hsinchu County; Taiwán,Hsinchu County,Taiwán,1,Cocina de Hakka,Familiar,0
Night Market,2-6-6 Shibuya; Shibuya-ku; Tokyo; 150-0002; Japón,Tokyo,Japón,1,Cocina del Sudeste Asiático,Comer solo,0
Monsoon,20 Chenggong 1st; Zhubei city; Hsinchu County; Taiwán,Hsinchu County,Taiwán,1,Vegetariana,Comer solo,0
Tang Tsao Yuan,113 Taike Road; Zhubei City; Hsinchu County; Taiwán,Hsinchu County,Taiwán,1,Noodles,Familiar,0
Cat House,63 Xida Road; East District; Hsinchu City; Taiwán,Hsinchu City,Taiwán,0,Noodles,,0
Yuan Wei Duck Noodle,59 Shengli Road; East District; Hsinchu City; Taiwán,Hsinchu City,Taiwán,0,Small eats,Cocina local,0
Hibino Chukashokudo,1-33-11 Uehara; Shibuya-ku; Tokyo; 151-0064; Japón,Tokyo,Japón,1,China,Grupos,0
He Jih Hsiang (Minzu Road),163 Minzu Road; East District; Hsinchu City; Taiwán,Hsinchu City,Taiwán,0,Small eats,,0
SANTOSHAM,2F; 3-2 Kandaogawamachi; Chiyoda-ku; Tokyo; 101-0052; Japón,Tokyo,Japón,0,Hindú,Comer solo,0
DIALOGUE,3-23-21 Kitazawa; Setagaya-ku; Tokyo; 155-0031; Japón,Tokyo,Japón,1,Francesa,,0
Sugita,3-8-3 Kotobuki; Taito-ku; Tokyo; 111-0042; Japón,Tokyo,Japón,0,Tonkatsu,Comer solo,0
noura,4-10-6 Asakusa; Taito-ku; Tokyo; 111-0032; Japón,Tokyo,Japón,1,Francesa,,0
Shinrakuki,2-7 Wakaba; Shinjuku-ku; Tokyo; 160-0011; Japón,Tokyo,Japón,1,China,Familiar;Grupos,0
RAMEN MATSUI,4-25-10 Yotsuya; Shinjuku-ku; Tokyo; 160-0004; Japón,Tokyo,Japón,0,Ramen,Comer solo,0
Asakusa Hirayama,1-3-14 Nishiasakusa; Taito-ku; Tokyo; 111-0035; Japón,Tokyo,Japón,1,Soba,Comer solo;Cocina local,0
Ponta Honke,3-23-3 Ueno; Taito-ku; Tokyo; 110-0005; Japón,Tokyo,Japón,1,Yoshoku,Comer solo;Grupos,0
Sobakappo Nagano,2-20-6 Higashimukojima; Sumida-ku; Tokyo; 131-0032; Japón,Tokyo,Japón,1,Soba,Comer solo;Cocina local,0
Kinoshita,3-37-1 Yoyogi; Shibuya-ku; Tokyo; 151-0053; Japón,Tokyo,Japón,1,Francesa,,0
Loiseau de France,15 Ichigayafunagawaramachi; Shinjuku-ku; Tokyo; 162-0826; Japón,Tokyo,Japón,1,Francesa; Tradicional,,0
Shutei Tanaka,3-25-7 Sumida; Sumida-ku; Tokyo; 131-0031; Japón,Tokyo,Japón,1,Yakitori,Comer solo,0
Jiu Tian Fu,436 Xida Road; North District; Hsinchu City; Taiwán,Hsinchu City,Taiwán,0,Noodles,,0
Dongmen Rice Noodle Soup,Shop 1116 & 1117; Dongmen Market; 86 Datong Road; East District; Hsinchu City; Taiwán,Hsinchu City,Taiwán,0,Small eats,Cocina local,0
Nung Wei Hsiao Chu,56; Lane 92; Section 3; Jingguo Road; Xiangshan District; Hsinchu City; Taiwán,Hsinchu City,Taiwán,1,Cocina de Hakka,Familiar,0
Garden.V,136; Section 1; Dongda Road; East District; Hsinchu City; Taiwán,Hsinchu City,Taiwán,1,Jiangzhe,Familiar;Grupos,0
Hashimoto,2-5-7 Suido; Bunkyo-ku; Tokyo; 112-0005; Japón,Tokyo,Japón,0,Unagi / Anguila,Un clásico;Cocina local,0
wokotote,2-35-1 Nezu; Bunkyo-ku; Tokyo; 113-0031; Japón,Tokyo,Japón,1,Japonesa,Comer solo,0
Tachiguisushi Sushikawa,1-62-6 Sasazuka; Shibuya-ku; Tokyo; 151-0073; Japón,Tokyo,Japón,1,Sushi,Comer solo,0
Yakitori SANKA,2F; 64-4 Yaraicho; Shinjuku-ku; Tokyo; 162-0805; Japón,Tokyo,Japón,1,Yakitori,Comer solo,0
Shiosoba Jiku,4-14-7 Takaidohigashi; Suginami-ku; Tokyo; 168-0072; Japón,Tokyo,Japón,0,Ramen,Merece la espera;Comer solo,0
Mejiro Zorome,B1F; 3-3-1 Mejiro; Toshima-ku; Tokyo; 171-0031; Japón,Tokyo,Japón,1,Unagi / Anguila,Comer solo;Cocina local,0
Negima,B1F; 2-31-19 Kitaotsuka; Toshima-ku; Tokyo; 170-0004; Japón,Tokyo,Japón,1,Japonesa,Comer solo,0
Soba Osame,3-21-5 Shimochiai; Shinjuku-ku; Tokyo; 161-0033; Japón,Tokyo,Japón,1,Soba,Comer solo;Cocina local,0
Mejiro Shunkotei,2F; Trad Mejiro; 2-39-1 Mejiro; Toshima-ku; Tokyo; 171-0031; Japón,Tokyo,Japón,1,Yoshoku,Familiar,0
Japanese Ramen Gokan,2-57-2 Higashiikebukuro; Toshima-ku; Tokyo; 170-0013; Japón,Tokyo,Japón,0,Ramen,Comer solo,0
Tori Yamaguchi,618 Kumecho; Kashihara; Nara; 634-0063; Japón,Nara,Japón,1,Yakitori,Comer solo,0
Neighbourwood,3427 Jalan Kulim; Taman Bukit Mas; Bukit Mertajam; Seberang Perai; 14000; Malasia,Seberang Perai,Malasia,1,Europea contemporánea,Familiar,0
Kamigata Rainbow,4-6-3 Katsuyama; Tennoji-ku; Osaka; 543-0043; Japón,Osaka,Japón,0,Ramen,Comer solo,0
Shuko Osaka Manpukudou,3-4-14 Oimazatonishi; Higashinari-ku; Osaka; 537-0014; Japón,Osaka,Japón,1,Japonesa,,0
Ueroku wine,4-15 Higashikozucho; Tennoji-ku; Osaka; 543-0021; Japón,Osaka,Japón,1,Española,Comer solo,0
Chukashunsai Morimoto,B1F; 1-4-14 Shinsaibashisuji; Chuo-ku; Osaka; 542-0085; Japón,Osaka,Japón,1,China,,0
Oribe,1-6-18 Shimmachi; Nishi-ku; Osaka; 550-0013; Japón,Osaka,Japón,1,Teppanyaki; Okonomiyaki,Comer solo;Cocina local,0
Tonkatsu KATSU Hana,2-2-11 Kitakyuhojimachi; Chuo-ku; Osaka; 541-0057; Japón,Osaka,Japón,0,Tonkatsu,Comer solo,0
La bonne tâche,4-1-8 Nishitemma; Kita-ku; Osaka; 530-0047; Japón,Osaka,Japón,1,Francesa,,0
Kyomachibori Nakamura,1-17-9 Kyomachibori; Nishi-ku; Osaka; 550-0003; Japón,Osaka,Japón,1,Tonkatsu,Comer solo,0
Ramen Kuon,B2F; Semba Centar Bldg Sangokan; 1-4-3 Sembachuo; Chuo-ku; Osaka; 541-0055; Japón,Osaka,Japón,0,Ramen,Comer solo,0
Sumibi Iwata,3-5-8 Miyakojimanakadori; Miyakojima-ku; Osaka; 534-0022; Japón,Osaka,Japón,1,Yakitori,,0
Macauda,2-1-3 Tokiwamachi; Chuo-ku; Osaka; 540-0028; Japón,Osaka,Japón,1,Italiana,Comer solo,0
Daidokoro Kamiya,1-10-12 Kyomachibori; Nishi-ku; Osaka; 550-0003; Japón,Osaka,Japón,1,Izakaya,Comer solo,0
Tonkatsu Fujii,1-11-5 Sembayashi; Asahi-ku; Osaka; 535-0012; Japón,Osaka,Japón,0,Tonkatsu,Comer solo,0
PRESTAU,2-17-17 Shimmachi; Nishi-ku; Osaka; 550-0013; Japón,Osaka,Japón,1,Italiana,Comer solo,0
Sakamoto Sushi,1-23-13 Nishikujo; Konohana-ku; Osaka; 554-0012; Japón,Osaka,Japón,2,Sushi,Comer solo,0
Oudon Yomogi,2-10-6 Sagisu; Fukushima-ku; Osaka; 553-0002; Japón,Osaka,Japón,1,Udon,Comer solo;Grupos,0
kushiage 010,4F; 1-1-41 Sonezakishinchi; Kita-ku; Osaka; 530-0002; Japón,Osaka,Japón,1,Kushiage,Comer solo;Cocina local,0
Ayamuya,5-17-39 Fukushima; Fukushima-ku; Osaka; 553-0003; Japón,Osaka,Japón,1,Yakitori,Comer solo,0
Shokudo Akari,2F; 1-6-27 Sonezakishinchi; Kita-ku; Osaka; 530-0002; Japón,Osaka,Japón,1,Izakaya,Comer solo,0
Az,B1F; 4-4-8 Nishitemma; Kita-ku; Osaka; 530-0047; Japón,Osaka,Japón,1,China,Comer solo,0
Sushidokoro Kaihara,5-4 Ikedacho; Kita-ku; Osaka; 530-0033; Japón,Osaka,Japón,1,Sushi,Comer solo,0
tanpopo,6F; 1-10-16 Sonezakishinchi; Kita-ku; Osaka; 530-0002; Japón,Osaka,Japón,1,Teppanyaki; Okonomiyaki,Comer solo;Cocina local,0
il luogo di TAKEUCHI,5-1-26 Fukushima; Fukushima-ku; Osaka; 553-0003; Japón,Osaka,Japón,1,Italiana,Comer solo,0
Chukasoba Mugen,5-5-10 Ebie; Fukushima-ku; Osaka; 553-0001; Japón,Osaka,Japón,0,Ramen,Comer solo,0
AKA to SHIRO,3F; 1-1-41 Sonezakishinchi; Kita-ku; Osaka; 530-0002; Japón,Osaka,Japón,1,Sushi,Comer solo;Grupos,0
Sumisho Mikuriya,5-10-4 Nishitemma; Kita-ku; Osaka; 530-0047; Japón,Osaka,Japón,1,Yakitori,,0
Green House Prawn Mee & Loh Mee (223 Jalan Burma),223 Jalan Burma; George Town; 10050; Malasia,George Town,Malasia,0,Street food,,0
Communal Table by Gēn,68 Lebuh Presgrave; George Town; 10300; Malasia,George Town,Malasia,1,Malaya,,0
Rasa Rasa,59 Gat Lebuh Chulia; George Town; 10300; Malasia,George Town,Malasia,0,Peranakan,Familiar,0
Teksen,18 & 20 Lebuh Carnarvon; George Town; 10100; Malasia,George Town,Malasia,1,Cantonesa,Merece la espera;Grupos,0
Ivy's Nyonya Cuisine,100-104 Jalan Kedah; George Town; 10050; Malasia,George Town,Malasia,1,Peranakan,Familiar;Cocina local,0
Moh Teng Pheow Nyonya Koay,Jalan Masjid; off Lebuh Chulia; George Town; 10200; Malasia,George Town,Malasia,0,Small eats,,0
Ryoriya Otaya,456-2 Temmacho; Shimogyo-ku; Kyoto; 600-8024; Japón,Kyoto,Japón,1,Japonesa,Comer solo,0
Tan,106-13 Gokencho; Higashiyama-ku; Kyoto; 605-0036; Japón,Kyoto,Japón,1,Japonesa,Productos locales,0
Muromachi Kaji,185 Nakanonocho; Shimogyo-ku; Kyoto; 600-8435; Japón,Kyoto,Japón,1,Izakaya,Comer solo,0
Choshoku Kishin,555 Komatsucho; Higashiyama-ku; Kyoto; 605-0811; Japón,Kyoto,Japón,0,Japonesa,Comer solo,0
DEUX FILLES,199-2 Ayazaimokucho; Shimogyo-ku; Kyoto; 600-8072; Japón,Kyoto,Japón,1,Francesa,,0
Washoku Haru,230-2 Shimmeicho; Shimogyo-ku; Kyoto; 600-8092; Japón,Kyoto,Japón,1,Japonesa,Comer solo,0
Asperge Blanche,313-2 Yokosuwancho; Shimogyo-ku; Kyoto; 600-8179; Japón,Kyoto,Japón,1,Francesa,,0
Komedokoro Inamoto,534-1 Yawatacho; Shimogyo-ku; Kyoto; 600-8455; Japón,Kyoto,Japón,1,Izakaya,Comer solo,0
Juu-go,71-6 Jodoji Kamiminamidacho; Sakyo-ku; Kyoto; 606-8405; Japón,Kyoto,Japón,0,Soba,Comer solo;Productos locales,0
Saryo Tesshin,321-2 Shinnyodocho; Nakagyo-ku; Kyoto; 604-0853; Japón,Kyoto,Japón,0,Soba,Comer solo,0
Vegan Ramen UZU,146 Umenokicho; Nakagyo-ku; Kyoto; 604-0905; Japón,Kyoto,Japón,1,Ramen,Comer solo,0
NOODLE SHOP RENNOSUKE,56-32 Murasakino Shimokashiwanocho; Kita-ku; Kyoto; 603-8313; Japón,Kyoto,Japón,0,Ramen,Comer solo,0
Bistro Yanagihara,358 Shimizucho; Nakagyo-ku; Kyoto; 604-0911; Japón,Kyoto,Japón,1,Francesa,,0
Ramen Touhichi,8-6 Yamabana Itchodacho; Sakyo-ku; Kyoto; 606-8007; Japón,Kyoto,Japón,0,Ramen,Comer solo,0
Shichiku Kiko,16 Shichiku Shimotakedonocho; Kita-ku; Kyoto; 603-8412; Japón,Kyoto,Japón,1,Japonesa,Comer solo,0
KASHIWAI,3-3 Koyama Shimochikawaracho; Kita-ku; Kyoto; 603-8132; Japón,Kyoto,Japón,0,Sushi,Cocina local,0
Shigetsu,68 Sagatenryuji Susukinobabacho; Ukyo-ku; Kyoto; 616-8385; Japón,Kyoto,Japón,1,Shojin,Un clásico;Grupos,0
Cô Chủ Nhỏ,36 Phan Tu Street; Ngu Hanh Son Ward; Da Nang; 550000; Vietnam,Da Nang,Vietnam,0,Street food,Cocina local,0
Wuwei Natural Food,290 Island Ring South Boulevard; Siming; Xiamen; China Continental,Xiamen,China Continental,1,Vegetariana,Terraza agradable,0
Bánh Xèo 76,85A Le Van Huu Street; Ngu Hanh Son Ward; Da Nang; 550000; Vietnam,Da Nang,Vietnam,0,Vietnamita,Cocina local,0
Quán Nhân,83 Phan Tu Street; Ngu Hanh Son Ward; Da Nang; 550000; Vietnam,Da Nang,Vietnam,0,Street food,Cocina local,0
Rang,384 Vo Nguyen Giap Street; Ngu Hanh Son Ward; Da Nang; 550000; Vietnam,Da Nang,Vietnam,1,Hindú,Romántico,0
Indian Aroma,69 Hoai Thanh Street; Ngu Hanh Son Ward; Da Nang; 550000; Vietnam,Da Nang,Vietnam,0,Hindú,Grupos,0
Quê Xưa (Hòa Cường),165-167 Nui Thanh Street; Hoa Cuong Ward; Da Nang; 550000; Vietnam,Da Nang,Vietnam,0,Vietnamita,Grupos;Cocina local,0
Bé Ni 2,228 Vo Nguyen Giap Street; An Hai Ward; Da Nang; 550000; Vietnam,Da Nang,Vietnam,1,Pescados y mariscos,Grupos,0
Lê Gia Khang (Ngũ Hành Sơn),19 Le Quang Dao Street; Ngu Hanh Son Ward; Da Nang; 550000; Vietnam,Da Nang,Vietnam,0,Noodles,Cocina local,0
Thìa Gỗ,53 Phan Thuc Duyen Street; Ngu Hanh Son Ward; Da Nang; 50507; Vietnam,Da Nang,Vietnam,0,Vietnamita,Terraza agradable,0
Phú Hồng,19 Yen Bai Street; Hai Chau Ward; Da Nang; 550000; Vietnam,Da Nang,Vietnam,0,Street food,,0
Mỳ Quảng Sứa Hồng Vân,59 Le Hong Phong Street; Hai Chau Ward; Da Nang; 550000; Vietnam,Da Nang,Vietnam,0,Street food,,0
Bà Vui,55 Le Hong Phong Street; Hai Chau Ward; Da Nang; 550000; Vietnam,Da Nang,Vietnam,0,Vietnamita,Cocina local,0
Shamballa,277 Tran Hung Dao Street; An Hai Ward; Da Nang; 550000; Vietnam,Da Nang,Vietnam,1,Vegetariana,Grupos,0
Bún Bò Bà Rơi (Hoà Cường),5 Phan Thanh Tai Street; Hoa Cuong Ward; Da Nang; 550000; Vietnam,Da Nang,Vietnam,0,Noodles,Cocina local,0
Bà Đông,145 Huynh Thuc Khang Street; Hai Chau Ward; Da Nang; 550000; Vietnam,Da Nang,Vietnam,0,Noodles,Cocina local,0
Bún Chả Cá Hờn,113/03 Nguyen Chi Thanh Street; Hai Chau Ward; Da Nang; 550000; Vietnam,Da Nang,Vietnam,0,Noodles,Cocina local,0
Ngọc Chi,202 Hoang Dieu Street; Hoa Cuong Ward; Da Nang; 50000; Vietnam,Da Nang,Vietnam,0,Vegetariana,Grupos,0
Ăn Thôi,114 Bach Dang Street; Hai Chau Ward; Da Nang; 550000; Vietnam,Da Nang,Vietnam,0,Vietnamita,Familiar,0
Bún Chả Cá 109,109 Nguyen Chi Thanh Street; Hai Chau Ward; Da Nang; 550000; Vietnam,Da Nang,Vietnam,0,Noodles,Cocina local,0
Bánh Xèo Tôm Nhảy Cô Ba,248 Trung Nu Vuong Street; Hoa Cuong Ward; Da Nang; 550000; Vietnam,Da Nang,Vietnam,0,Vietnamita,Cocina local,0
Bún Bò Huế Bà Thương,23 Tran Quoc Toan Street; Hai Chau Ward; Da Nang; 550000; Vietnam,Da Nang,Vietnam,0,Noodles,Cocina local,0
Bánh Bèo - Bánh đập,251 Phan Chau Trinh Street; Hai Chau Ward; Da Nang; 550000; Vietnam,Da Nang,Vietnam,0,Street food,,0
Nam Hìn (Phan Thanh Street),46 Phan Thanh Street; Thanh Khe Ward; Da Nang; 550000; Vietnam,Da Nang,Vietnam,0,Vietnamita,Cocina local,0
ARP,35 Taejong-ro 99 beon-gil; Yeongdo-gu; Busan; 49035; Corea del Sur,Busan,Corea del Sur,0,Vegana,Comer solo,0
Nagahama Mangetsu,57 Udong 1-ro; Haeundae-gu; Busan; 48088; Corea del Sur,Busan,Corea del Sur,0,Ramen,Merece la espera,0
Haemok,8 Gunam-ro 24 beon-gil; Haeundae-gu; Busan; 48094; Corea del Sur,Busan,Corea del Sur,1,Japonesa,Merece la espera,0
100.1.Pyeongnaeng,29 Namcheonbada-ro 10 beon-gil; Suyeong-gu; Busan; 48314; Corea del Sur,Busan,Corea del Sur,0,Naengmyeon,Cocina local,0
Hanwolgwan,10 Gwangan-ro 62 beon-gil; Suyeong-gu; Busan; 48303; Corea del Sur,Busan,Corea del Sur,0,Gomtang,Cocina local,0
Cor Pasta bar,2F; 13 Dongseong-ro 25 beon-gil; Busanjin-gu; Busan; 47305; Corea del Sur,Busan,Corea del Sur,0,Italiana,Comer solo,0
Moemiljip,2F; Orange Plaza; 23 Marine city 3-ro; Haeundae-gu; Busan; 48118; Corea del Sur,Busan,Corea del Sur,0,Memil guksu,,0
Jeongjitgan,6 Bibong-ro; Saha-gu; Busan; 49419; Corea del Sur,Busan,Corea del Sur,0,Dwaeji gukbap,Cocina local,0
Shunsai Kubo,17 Yangdal-ro 4 beon-gil; Buk-gu; Busan; 46517; Corea del Sur,Busan,Corea del Sur,0,Unagi / Anguila; Japonesa,Familiar,0
Wang Lu (Pudong),01-02; 3F; New Bund 31 Mall; No.15; Lane 666; West Haiyang Road; Pudong; Shanghai; China Continental,Shanghai,China Continental,1,China,Familiar,0
Gebangsikdang,17 Seolleung-ro 131-gil; Gangnam-gu; Seoul; 06060; Corea del Sur,Seoul,Corea del Sur,0,Gejang,Comer solo,0
Plu,3 Soi Phra Phinit; Suan Phlu Road; Thung Maha Mek; Sathon; Bangkok; 10120; Tailandia,Bangkok,Tailandia,1,Thai,,0
ALT.a,109 Bogwang-ro; Yongsan-gu; Seoul; 04391; Corea del Sur,Seoul,Corea del Sur,0,Vegana; China,Comer solo,0
Jeongmyeon,88 Neungdong-ro 13-gil; Gwangjin-gu; Seoul; 05012; Corea del Sur,Seoul,Corea del Sur,0,Noodles,Merece la espera,0
Neungdong Minari,28 Hangang-daero 40-gil; Yongsan-gu; Seoul; 04386; Corea del Sur,Seoul,Corea del Sur,0,Gomtang,Merece la espera,0
Sobakeeri Suzu,98 Dongho-ro 12-gil; Jung-gu; Seoul; 04608; Corea del Sur,Seoul,Corea del Sur,0,Soba,Merece la espera,0
Hwanggeum Kongbat,9 Mapo-daero 16-gil; Mapo-gu; Seoul; 04205; Corea del Sur,Seoul,Corea del Sur,0,Dubu,Cocina local,0
Seoryung,10 Sowol-ro; Jung-gu; Seoul; 04527; Corea del Sur,Seoul,Corea del Sur,0,Memil guksu,Cocina local,0
Unagino Toyokawa,3-3-12 Tomio Motomachi; Nara; Nara; 631-0078; Japón,Nara,Japón,0,Unagi / Anguila,Comer solo,0
Ike Edoyakiunagi Asahitei,29 Haibara Shimoidani; Uda; Nara; 633-0241; Japón,Nara,Japón,1,Unagi / Anguila,Comer solo;Grupos,0
le content,1-3-8 Ayameike Minami; Nara; Nara; 631-0033; Japón,Nara,Japón,1,Francesa,Grupos,0
Noto Toto Teuchisoba Tabiki,1-3-6 Horyuji Nishi; Ikarugacho; Ikoma-gun; Nara; 636-0114; Japón,Nara,Japón,0,Soba,Comer solo;Productos locales,0
PIZZERIA TRATTORIA MAGAZZINO,172-1 Kamada; Kashiba; Nara; 639-0227; Japón,Nara,Japón,0,Pizza,Familiar;Grupos,0
Sosakukushinomise Rindo,224-1 Tsujimachi; Ikoma; Nara; 630-0212; Japón,Nara,Japón,1,Kushiage,Comer solo,0
toi Inshokuten,30-3 Hanashibacho; Nara; Nara; 630-8266; Japón,Nara,Japón,0,Hindú,Merece la espera,0
Masala an TAKUMI,2281 Nakamachi; Nara; Nara; 631-0052; Japón,Nara,Japón,1,Hindú,,0
A VOTRE SANTE,6-26 Shinasahigaoka; Ikoma; Nara; 630-0253; Japón,Nara,Japón,1,Francesa,Grupos,0
YAMAOKA PIZZA,455 Onitoricho; Ikoma; Nara; 630-0237; Japón,Nara,Japón,0,Pizza,Terraza agradable;Familiar,0
Habakuk,Alley 4; Phan Huy Chu Street; Hoan Kiem Ward; Hanoi; 11021; Vietnam,Hanoi,Vietnam,1,Europea contemporánea,Comer solo,0
Luk Lak,4A Le Thanh Tong Street; Hoan Kiem Ward; Hanoi; 000084; Vietnam,Hanoi,Vietnam,1,Vietnamita,Grupos,0
Phở 10 Lý Quốc Sư (Hoàn Kiếm),10 Ly Quoc Su Street; Hoan Kiem Ward; Hanoi; 11006; Vietnam,Hanoi,Vietnam,0,Noodles,Cocina local,0
Bún Chả Chan,114 Mai Hac De Street; Hai Ba Trung Ward; Hanoi; 11606; Vietnam,Hanoi,Vietnam,0,Noodles,Comer solo;Cocina local,0
Mr Bảy Miền Tây,79 Hang Dieu Street; Hoan Kiem Ward; Hanoi; 11000; Vietnam,Hanoi,Vietnam,0,Vietnamita,Cocina local,0
Chả Cá Thăng Long (6B Duong Thanh Street),6B Duong Thanh Street; Hoan Kiem Ward; Hanoi; 11016; Vietnam,Hanoi,Vietnam,0,Vietnamita,Cocina local,0
Ưu Đàm,55 Nguyen Du Street; Cua Nam Ward; Hanoi; 10000; Vietnam,Hanoi,Vietnam,0,Vegetariana,Familiar;Grupos,0
Phở Hà Hàng Hòm,15P; Hang Hom Street; Hoan Kiem Ward; Hanoi; 111000; Vietnam,Hanoi,Vietnam,0,Noodles,,0
Phở Gà Nguyệt,5B Phu Doan Street; Hoan Kiem Ward; Hanoi; 100000; Vietnam,Hanoi,Vietnam,0,Street food,Cocina local,0
Miến Lươn Chân Cầm (Hoàn Kiếm),1 Chan Cam Street; Hoan Kiem Ward; Hanoi; 11006; Vietnam,Hanoi,Vietnam,0,Noodles,Cocina local,0
Phở Gia Truyền (Hoàn Kiếm),49 Bat Dan Street; Hoan Kiem Ward; Hanoi; 10000; Vietnam,Hanoi,Vietnam,0,Street food,Merece la espera;Cocina local,0
Hà Thành Mansion,14 Ngo Van So Street; Cua Nam Ward; Hanoi; 100000; Vietnam,Hanoi,Vietnam,1,Vietnamita,Familiar;Cocina local,0
Bánh Cuốn Gia Truyền Thanh Vân (Hang Ga Street),14 Hang Ga Street; Hoan Kiem Ward; Hanoi; 110000; Vietnam,Hanoi,Vietnam,0,Street food,Cocina local,0
Bun Cha Ta (Nguyen Huu Huan Street),21 Nguyen Huu Huan Street; Hoan Kiem Ward; Hanoi; 100000; Vietnam,Hanoi,Vietnam,0,Noodles,Familiar,0
The East,5B Tong Duy Tan Street; Hoan Kiem Ward; Hanoi; 100000; Vietnam,Hanoi,Vietnam,1,Vietnamita,Familiar,0
Phở Khôi Hói,50 Hang Vai Street; Hoan Kiem Ward; Hanoi; 11014; Vietnam,Hanoi,Vietnam,0,Street food,Cocina local,0
Miến Lươn Đông Thịnh,87 Hang Dieu Street; Hoan Kiem Ward; Hanoi; 111000; Vietnam,Hanoi,Vietnam,0,Noodles,Cocina local,0
Phở Bò Lâm,48 Hang Vai Street; Hoan Kiem Ward; Hanoi; 100000; Vietnam,Hanoi,Vietnam,0,Street food,Cocina local,0
Mammom,23 Phan Dinh Phung Street; Ba Dinh Ward; Hanoi; 100000; Vietnam,Hanoi,Vietnam,1,Vietnamita,Familiar;Grupos,0
Xới Cơm,107; Lane 36; Lang Ha Street; Lang Ward; Hanoi; 100000; Vietnam,Hanoi,Vietnam,0,Vietnamita,Familiar;Cocina local,0
1946 Cua Bac,3 Yen Thanh Alley; 61 Cua Bac Street; Ba Dinh Ward; Hanoi; 100000; Vietnam,Hanoi,Vietnam,0,Vietnamita,Familiar;Cocina local,0
Tuyết Bún Chả 34,34 Hang Than Street; Ba Dinh Ward; Hanoi; 100000; Vietnam,Hanoi,Vietnam,0,Street food,Comer solo;Cocina local,0
Chào Bạn (98 To Ngoc Van Street),98 To Ngoc Van Street; Tay Ho Ward; Hanoi; 11207; Vietnam,Hanoi,Vietnam,0,Vietnamita,Cocina local,0
MN Santa Inés,Ávalos 360; Buenos Aires; C1427DGD; Argentina,Buenos Aires,Argentina,0,Fusión; Actual,Cocina local,0
La Alacena Trattoria,Gascón 1401; Buenos Aires; C1181ADA; Argentina,Buenos Aires,Argentina,0,Italiana,Familiar,0
Mengano,Jose Antonio Cabrera 5172; Buenos Aires; C1414BGT; Argentina,Buenos Aires,Argentina,1,Actual,Comer solo,0
ANAFE,Virrey Avilés 3216; Buenos Aires; C1426EEH; Argentina,Buenos Aires,Argentina,0,Actual,Familiar,0
Caseros,Avenida Caseros 486; Buenos Aires; C1152AAN; Argentina,Buenos Aires,Argentina,0,Tradicional; Cocina casera,Terraza agradable,0
Ácido,Charlone 999; Buenos Aires; C1427BXU; Argentina,Buenos Aires,Argentina,1,Actual,,0
Ajo Negro - Mar de Tapas,Avenida Córdoba 6237; Buenos Aires; C1427BZC; Argentina,Buenos Aires,Argentina,1,Moderna,,0
Reliquia,Angel Justiniano Carranza 1601; Buenos Aires; C1414COQ; Argentina,Buenos Aires,Argentina,1,Argentina,,0
Bis Bistró,Vicente López 1661 Local 12; Buenos Aires; C1018ABA; Argentina,Buenos Aires,Argentina,1,Actual,,0
Chuchú,Avenida del Libertador 405; Buenos Aires; C1001ABE; Argentina,Buenos Aires,Argentina,1,Argentina; Tradicional,,0
Garabato Bistro,O'Higgins 3424; Buenos Aires; C1429BBN; Argentina,Buenos Aires,Argentina,1,Actual; Tradicional,,0
Metate,Av. Crispin Ceseña S/N; El Tezal; Cabo San Lucas; 23454; Mexico,Cabo San Lucas,Mexico,1,Mexicana,,0
Cocina de Campo by Agricole,Carr. a Los Cabos Km. 59; El Pescadero; 23300; Mexico,El Pescadero,Mexico,1,Actual,Productos locales,0
Flora's Field Kitchen,Flora Farms; Ánimas Bajas; San José del Cabo; 23407; Mexico,San José del Cabo,Mexico,1,Actual,Productos locales,0
peasants FEAST,487 Atterdag Rd.; Solvang; CA; 93463; Estados Unidos,Solvang,Estados Unidos,1,Americana,,0
Sama Sama Kitchen,1208 State St.; Santa Barbara; CA; 93101; Estados Unidos,Santa Barbara,Estados Unidos,1,Asiática,,0
Corazon Cocina,38 W. Victoria St.; #122; Santa Barbara; CA; 93101; Estados Unidos,Santa Barbara,Estados Unidos,1,Mexicana; Pescados y mariscos,,0
HumoySal,Km. 108; Zona Playitas; Ensenada; 22860; Mexico,Ensenada,Mexico,1,Pescados y mariscos; Mexicana,,0
Bettina,1014 Coast Village Rd.; Santa Barbara; CA; 93108; Estados Unidos,Santa Barbara,Estados Unidos,1,Pizza; Italiana,,0
Sabina,Av. Adolfo López Mateos 917; Zona Centro; Ensenada; 22800; Mexico,Ensenada,Mexico,1,Pescados y mariscos; Mexicana,Cocina local,0
Yafa,Junipero St.; Carmel-by-the-Sea; CA; 93923; Estados Unidos,Carmel-by-the-Sea,Estados Unidos,1,Cocina mediterránea; Cocina de Oriente Medio,,0
Casa Marcelo,Av. Riveroll 771; Zona Centro; Ensenada; 22800; Mexico,Ensenada,Mexico,1,Mexicana,Cocina local,0
La Concheria,Av. Miramar 637-9; Zona Centro; Ensenada; 22800; Mexico,Ensenada,Mexico,1,Mexicana; Pescados y mariscos,,0
Villa Torél,Santo Tomás Wineries; Km. 94.7 Federal Hwy. No. 3; Villa de Juárez; 22766; Mexico,Villa de Juárez,Mexico,3,Mexicana; Actual,Romántico,0
Maligne,600 Broadway Ave.; Seaside; CA; 93955; Estados Unidos,Seaside,Estados Unidos,2,Californiana,,0
La Cocina de Doña Esthela,Rancho San Marcos; El Porvenir; 22755; Mexico,El Porvenir,Mexico,0,Mexicana,Cocina local,0
Carmelita Molino y Cocina,Jiménez 7771; Independencia; Tijuana; 22055; Mexico,Tijuana,Mexico,1,Mexicana,Productos locales;Cocina local,0
Fauna,México 3 Km. #73; Ensenada; 22750; Mexico,Ensenada,Mexico,2,Mexicana; Actual,,0
Cesarina,4161 Voltaire St.; San Diego; CA; 92107; Estados Unidos,San Diego,Estados Unidos,1,Italiana,,0
LOLA 55,1290 F St.; San Diego; CA; 92101; Estados Unidos,San Diego,Estados Unidos,0,Mexicana,,0
Ciccia Osteria,2233 Logan Ave.; San Diego; CA; 92113; Estados Unidos,San Diego,Estados Unidos,1,Italiana; Milanesa,,0
Morning Glory,550 W. Date St.; San Diego; CA; 92101; Estados Unidos,San Diego,Estados Unidos,1,Americana,,0
Cucina Urbana,505 Laurel St.; San Diego; CA; 92101; Estados Unidos,San Diego,Estados Unidos,1,Italiana,,0
Colapasta,1241 5th St.; Santa Monica; CA; 90401; Estados Unidos,Santa Monica,Estados Unidos,1,Italiana,,0
Mentone,174 Aptos Village Way; Aptos; CA; 95003; Estados Unidos,Aptos,Estados Unidos,1,Italiana; Californiana,,0
Atelier Manna,1076 N. Coast Hwy. 101; Ste. 101; Encinitas; CA; 92024; Estados Unidos,Encinitas,Estados Unidos,1,Californiana,Productos locales,0
Lalibela,1025 S. Fairfax Ave.; Los Angeles; CA; 90019; Estados Unidos,Los Angeles,Estados Unidos,1,Etíope,Grupos,0
Lugya'h,4301 W. Jefferson Blvd.; Los Angeles; CA; 90016; Estados Unidos,Los Angeles,Estados Unidos,0,Mexicana,Grupos,0
Komal,3655 S. Grand Ave.; Los Angeles; CA; 90007; Estados Unidos,Los Angeles,Estados Unidos,0,Mexicana,,0
Jon & Vinny’s,412 N. Fairfax Ave.; Los Angeles; CA; 90036; Estados Unidos,Los Angeles,Estados Unidos,1,Italo-Americana,Familiar;Cocina local,0
Pollo a la Brasa,764 S. Western Ave.; Los Angeles; CA; 90005; Estados Unidos,Los Angeles,Estados Unidos,0,Peruana,Merece la espera;Cocina local,0
Liu's Cafe,3915 1/2 W. 6th St.; Los Angeles; CA; 90020; Estados Unidos,Los Angeles,Estados Unidos,0,China; Taiwanesa,Merece la espera,0
Ramen & Tsukemen TAO,10488 Valley View St.; Buena Park; CA; 90620; Estados Unidos,Buena Park,Estados Unidos,0,Japonesa; Ramen,Cocina local,0
Dha Rae Oak,1106 S. Western Ave.; Los Angeles; CA; 90006; Estados Unidos,Los Angeles,Estados Unidos,1,Coreana; Cocina especializada en pato,Familiar,0
Phở 79,9941 Hazard Ave.; Garden Grove; CA; 92844; Estados Unidos,Garden Grove,Estados Unidos,0,Vietnamita; Noodles,Familiar,0
Pizzeria Mozza,641 N. Highland Ave.; Los Angeles; CA; 90036; Estados Unidos,Los Angeles,Estados Unidos,1,Pizza; Italiana,Grupos,0
Langer's,704 S. Alvarado St.; Los Angeles; CA; 90057; Estados Unidos,Los Angeles,Estados Unidos,1,Deli; Americana,Un clásico;Cocina local,0
Rocio's Mexican Kitchen,7891 Garfield Ave.; Bell Gardens; CA; 90201; Estados Unidos,Bell Gardens,Estados Unidos,0,Mexicana; Regional,Familiar;Cocina local,0
Amor y Tacos,13333 South St.; Cerritos; CA; 90703; Estados Unidos,Cerritos,Estados Unidos,1,Mexicana,Grupos;Cocina local,0
Heritage Barbecue,31721 Camino Capistrano; San Juan Capistrano; CA; 92675; Estados Unidos,San Juan Capistrano,Estados Unidos,1,Barbacoa; Regional,Terraza agradable;Cocina local,0
Sonoratown,208 E. 8th St.; Los Angeles; CA; 90014; Estados Unidos,Los Angeles,Estados Unidos,0,Mexicana,Merece la espera;Cocina local,0
Pizzeria Bianco Los Angeles,1320 E. 7th St.; Los Angeles; CA; 90021; Estados Unidos,Los Angeles,Estados Unidos,1,Pizza; Italo-Americana,Merece la espera,0
Little Fish Melrose Hill,5035 Melrose Ave.; Los Angeles; CA; 90038; Estados Unidos,Los Angeles,Estados Unidos,1,Pescados y mariscos,Cocina local,0
Little Fish,1606 W. Sunset Blvd.; Los Angeles; CA; 90026; Estados Unidos,Los Angeles,Estados Unidos,0,Americana,Cocina local,0
Maccheroni Republic,332 S. Broadway; Los Angeles; CA; 90013; Estados Unidos,Los Angeles,Estados Unidos,1,Italo-Americana,Terraza agradable;Grupos,0
Mae Malai Thai House of Noodles,5445 Hollywood Blvd.; Unit A and B; Los Angeles; CA; 90027; Estados Unidos,Los Angeles,Estados Unidos,0,Thai,Cocina local,0
Grá,1524 Pizarro St.; Los Angeles; CA; 90026; Estados Unidos,Los Angeles,Estados Unidos,1,Pizza,Grupos,0
Pine & Crane,1521 Griffith Park Blvd.; Los Angeles; CA; 90026; Estados Unidos,Los Angeles,Estados Unidos,0,Asiática; Taiwanesa,Familiar;Cocina local,0
The Factory Kitchen,1300 Factory Pl.; Ste. 101; Los Angeles; CA; 90013; Estados Unidos,Los Angeles,Estados Unidos,1,Italiana; Regional,Cocina local,0
Lynx,427 S. Hewitt St.; Los Angeles; CA; 90013; Estados Unidos,Los Angeles,Estados Unidos,1,Pizza,,0
Quarter Sheets,1305 Portia St.; Los Angeles; CA; 90026; Estados Unidos,Los Angeles,Estados Unidos,1,Pizza,Merece la espera;Tendencia,0
Kismet,4648 Hollywood Blvd.; Los Angeles; CA; 90027; Estados Unidos,Los Angeles,Estados Unidos,1,Cocina de Oriente Medio,Familiar;Cocina local,0
Tsubaki,1356 Allison Ave.; Los Angeles; CA; 90026; Estados Unidos,Los Angeles,Estados Unidos,1,Japonesa; Izakaya,Romántico,0
Lola Gaspar,211 W. 2nd St.; Santa Ana; CA; 92701; Estados Unidos,Santa Ana,Estados Unidos,1,Mexicana,Grupos,0
Moo's Craft Barbecue,2118 N. Broadway; Los Angeles; CA; 90031; Estados Unidos,Los Angeles,Estados Unidos,1,Barbacoa; Regional,,0
Carnes Asadas Pancho Lopez,3328 Pasadena Ave.; Los Angeles; CA; 90031; Estados Unidos,Los Angeles,Estados Unidos,0,Mexicana,Terraza agradable;Cocina local,0
Outerlands,4001 Judah St.; San Francisco; CA; 94122; Estados Unidos,San Francisco,Estados Unidos,1,Californiana,Productos locales,0
Adana Restaurant,6918 San Fernando Rd.; Glendale; CA; 91201; Estados Unidos,Glendale,Estados Unidos,1,Cocina de Oriente Medio,Familiar;Cocina local,0
CHAAK Kitchen,215 El Camino Real; Tustin; CA; 92780; Estados Unidos,Tustin,Estados Unidos,1,Mexicana; Regional,,0
Luna Mexican Kitchen,1495 The Alameda; San Jose; CA; 95126; Estados Unidos,San Jose,Estados Unidos,1,Mexicana; Regional,,0
Villa's Tacos,5455 N. Figueroa St.; Ste. 123; Los Angeles; CA; 90042; Estados Unidos,Los Angeles,Estados Unidos,0,Mexicana,,0
Anchor Oyster Bar,579 Castro St.; San Francisco; CA; 94114; Estados Unidos,San Francisco,Estados Unidos,1,Pescados y mariscos; Italo-Americana,,0
Kitchen Istanbul,349 Clement St.; San Francisco; CA; 94118; Estados Unidos,San Francisco,Estados Unidos,1,Turca; Californiana,,0
Ipoh Kopitiam,1411 S. Garfield Ave.; Ste. 104; Alhambra; CA; 91801; Estados Unidos,Alhambra,Estados Unidos,1,Malaya,,0
Petiscos,399 S. 1st St.; San Jose; CA; 95113; Estados Unidos,San Jose,Estados Unidos,1,Portuguesa; Regional,,0
Sichuan Impression,235 W. Main St.; Ste. B; Alhambra; CA; 91801; Estados Unidos,Alhambra,Estados Unidos,1,China; Cocina de Sichuan,Familiar;Cocina local,0
Longo Seafood,7540 Garvey Ave.; Rosemead; CA; 91770; Estados Unidos,Rosemead,Estados Unidos,1,China; Dim Sum,Familiar;Cocina local,0
Chengdu Taste,828 W. Valley Blvd.; Alhambra; CA; 91803; Estados Unidos,Alhambra,Estados Unidos,1,China; Cocina de Sichuan,Cocina local,0
Bansang,1560 Fillmore St.; San Francisco; CA; 94115; Estados Unidos,San Francisco,Estados Unidos,1,Coreana; Actual,,0
Dumpling Home,298 Gough St.; San Francisco; CA; 94102; Estados Unidos,San Francisco,Estados Unidos,0,China; Raviolis,,0
Lunasia Dim Sum House,500 W. Main St.; Alhambra; CA; 91801; Estados Unidos,Alhambra,Estados Unidos,1,China; Dim Sum,Familiar;Cocina local,0
Okane,669 Townsend St.; San Francisco; CA; 94103; Estados Unidos,San Francisco,Estados Unidos,1,Japonesa; Izakaya,,0
Playa,41 Throckmorton Ave.; Mill Valley; CA; 94941; Estados Unidos,Mill Valley,Estados Unidos,1,Mexicana; Actual,,0
Sea Harbour,3939 Rosemead Blvd.; Rosemead; CA; 91770; Estados Unidos,Rosemead,Estados Unidos,1,China; Dim Sum,Familiar;Cocina local,0
Union,37 Union St.; Pasadena; CA; 91103; Estados Unidos,Pasadena,Estados Unidos,1,Italiana,,0
Trestle,531 Jackson St.; San Francisco; CA; 94133; Estados Unidos,San Francisco,Estados Unidos,1,Actual; Californiana,,0
Village Sake,19 Bolinas Rd.; Fairfax; CA; 94930; Estados Unidos,Fairfax,Estados Unidos,1,Japonesa,,0
Yank Sing,101 Spear St.; San Francisco; CA; 94105; Estados Unidos,San Francisco,Estados Unidos,1,China; Dim Sum,,0
PITAK GOHAN,2-2-13 Nakazaki; Kita-ku; Osaka; 530-0016; Japón,Osaka,Japón,1,Thai,,0
Tonkatsu Minato,2-9-26 Shimanochi; Chuo-ku; Osaka; 542-0082; Japón,Osaka,Japón,0,Tonkatsu,,0
Fuyacho Kuraku,618 Tachibanacho; Nakagyo-ku; Kyoto; 604-0944; Japón,Kyoto,Japón,1,Izakaya,,0
KOKAGE,56-2 Murasakino Monzencho; Kita-ku; Kyoto; 603-8216; Japón,Kyoto,Japón,0,Soba,,0
Ramen Hayato,1-2-2 Minamimorimachi; Kita-ku; Osaka; 530-0054; Japón,Osaka,Japón,0,Ramen,Merece la espera;Comer solo,0
Sumiyakisosaitoriya Hitomi,96 Okikucho; Sakyo-ku; Kyoto; 606-8376; Japón,Kyoto,Japón,0,Yakitori,Comer solo,0
Ramenya Fujitora,15-7 Uzumasayasui Tsujinochicho; Ukyo-ku; Kyoto; 616-8076; Japón,Kyoto,Japón,0,Ramen,,0
Sobakiri Gaku,7-1-54 Tanimachi; Chuo-ku; Osaka; 542-0012; Japón,Osaka,Japón,0,Soba,Comer solo,0
DIVA,6-1-29 Tenjimbashi; Kita-ku; Osaka; 530-0041; Japón,Osaka,Japón,1,Francesa,,0
Chikuyuan Taro no Atsumori,242-12 Yoancho; Kamigyo-ku; Kyoto; 602-8022; Japón,Kyoto,Japón,0,Soba,Comer solo,0
Sobakiri Arabompu,4-1-11 Nishitemma; Kita-ku; Osaka; 530-0047; Japón,Osaka,Japón,0,Soba,Comer solo,0
Naniwa Okina,4-1-18 Nishitemma; Kita-ku; Osaka; 530-0047; Japón,Osaka,Japón,0,Soba,Comer solo,0
Suigyo Murabayashi,B1F; 1-2-17 Dojima; Kita-ku; Osaka; 530-0003; Japón,Osaka,Japón,1,Izakaya,Comer solo,0
Sushitsune,2-4-3 Tenjimbashi; Kita-ku; Osaka; 530-0041; Japón,Osaka,Japón,1,Sushi,Comer solo;Cocina local,0
Aozora blue,4-5-8 Hiranomachi; Chuo-ku; Osaka; 541-0046; Japón,Osaka,Japón,0,Udon,Comer solo,0
Jukuseibuta Kawamura,57-1 Takehana Nishinoguchicho; Yamashina-ku; Kyoto; 607-8089; Japón,Kyoto,Japón,0,Tonkatsu,Comer solo;Familiar,0
Kikunoi Mugesambo,524 Washiocho; Higashiyama-ku; Kyoto; 605-0072; Japón,Kyoto,Japón,1,Japonesa,Comer solo,0
Sobakiri Karani,2-11-26 Sagisu; Fukushima-ku; Osaka; 553-0002; Japón,Osaka,Japón,0,Soba,Comer solo,0
gastroteka bimendi,1-5-9 Utsubohommachi; Nishi-ku; Osaka; 550-0004; Japón,Osaka,Japón,1,Española,Comer solo,0
Benikurage,5-4 Hommachibashi; Chuo-ku; Osaka; 540-0029; Japón,Osaka,Japón,1,Izakaya,Comer solo,0
au soleil couchant,1-14-25 Shitennoji; Tennoji-ku; Osaka; 543-0051; Japón,Osaka,Japón,1,Francesa,,0
Osteria La Cicerchia,3F; 2-3-4 Kyomachibori; Nishi-ku; Osaka; 550-0003; Japón,Osaka,Japón,1,Italiana,Comer solo,0
Ayamedo,2-2-26 Andojimachi; Chuo-ku; Osaka; 542-0061; Japón,Osaka,Japón,0,Soba,Comer solo,0
Sakeya Sakana Yoshimura,1-13-21 Tenjimbashi; Kita-ku; Osaka; 530-0041; Japón,Osaka,Japón,1,Izakaya,Comer solo,0
Udondokoro Shigemi,4-7-7 Nishitemma; Kita-ku; Osaka; 530-0047; Japón,Osaka,Japón,0,Udon,Comer solo;Cocina local,0
Soba Rojina,691 Maruyacho; Nakagyo-ku; Kyoto; 604-0917; Japón,Kyoto,Japón,0,Soba,Comer solo,0
Gombei,254 Giommachi Kitagawa; Higashiyama-ku; Kyoto; 605-0073; Japón,Kyoto,Japón,0,Soba,Comer solo,0
Gion Yorozuya,555-1 Komatsucho; Higashiyama-ku; Kyoto; 605-0811; Japón,Kyoto,Japón,0,Udon,Comer solo;Cocina local,0
Oito,253 Giommachi Kitagawa; Higashiyama-ku; Kyoto; 605-0073; Japón,Kyoto,Japón,1,Oden,Merece la espera;Comer solo,0
KORISU,101 Rokurocho; Higashiyama-ku; Kyoto; 605-0813; Japón,Kyoto,Japón,1,Yoshoku,,0
BOCCA del VINO,138-9 Saitocho; Shimogyo-ku; Kyoto; 600-8012; Japón,Kyoto,Japón,1,Italiana,,0
bistrot neuf,1-4-17 Tohei; Chuo-ku; Osaka; 542-0063; Japón,Osaka,Japón,1,Francesa,,0
Mendokoro Subete,2-17-12 Momodani; Ikuno-ku; Osaka; 544-0034; Japón,Osaka,Japón,0,Ramen,Comer solo,0
Kombu to Men Kiichi,2F; 74-2 Nishiitsutsuji Higashimachi; Kamigyo-ku; Kyoto; 602-8478; Japón,Kyoto,Japón,0,Ramen,Comer solo,0
Tenboshi,7-10-9 Tenjimbashi; Kita-ku; Osaka; 531-0041; Japón,Osaka,Japón,1,Tempura,Comer solo,0
Oryori Amenimomakezu,4-10-17 Nishitemma; Kita-ku; Osaka; 530-0047; Japón,Osaka,Japón,1,Japonesa,Comer solo;Grupos,0
Sambongi Shoten,478 Shincho; Kamigyo-ku; Kyoto; 602-0866; Japón,Kyoto,Japón,1,Izakaya,Comer solo,0
Izakaya Tokitame,6-9-17 Fukushima; Fukushima-ku; Osaka; 553-0003; Japón,Osaka,Japón,1,Izakaya,Comer solo,0
Donostia,1F; Daibiruhonkan; 3-6-32 Nakanoshima; Kita-ku; Osaka; 530-0005; Japón,Osaka,Japón,1,Española,Comer solo,0
Sobadokoro Toki,1-3-4 Dojima; Kita-ku; Osaka; 530-0003; Japón,Osaka,Japón,0,Soba,Comer solo,0
Chukasoba Uemachi,A-22 Uemachi; Chuo-ku; Osaka; 540-0005; Japón,Osaka,Japón,0,Ramen,Merece la espera;Comer solo,0
Mugito Mensuke,3-4-12 Toyosaki; Kita-ku; Osaka; 531-0072; Japón,Osaka,Japón,0,Ramen,Merece la espera;Comer solo,0
via del emme,7-7-10 Fukushima; Fukushima-ku; Osaka; 553-0003; Japón,Osaka,Japón,1,Italiana,,0
JIBUNDOKI,4-5-11 Minamikyuhojimachi; Chuo-ku; Osaka; 541-0058; Japón,Osaka,Japón,1,Teppanyaki; Okonomiyaki,Comer solo;Cocina local,0
Teuchisoba Kanei,11-1 Murasakino Higashifujinomoricho; Kita-ku; Kyoto; 603-8223; Japón,Kyoto,Japón,0,Soba,Comer solo,0
Bistro Cerisier,1-3 Tanaka Shimoyanagicho; Sakyo-ku; Kyoto; 606-8204; Japón,Kyoto,Japón,1,Francesa,Comer solo,0
Lapintaika,499 Kitamonzencho; Sakyo-ku; Kyoto; 606-8352; Japón,Kyoto,Japón,1,Italiana,Comer solo,0
Canton Shunsai Ikki,17-5 Tsukimicho; Higashiyama-ku; Kyoto; 605-0829; Japón,Kyoto,Japón,1,China,Comer solo,0
sonoba,533-3 Motoshiogamacho; Shimogyo-ku; Kyoto; 600-8119; Japón,Kyoto,Japón,0,Soba,Comer solo,0
Izugen,391 Takeyacho; Takakuradori Ayanokojisagaru; Shimogyo-ku; Kyoto; 600-8093; Japón,Kyoto,Japón,0,Sushi,Cocina local,0
Itsutsu,28 Murasakino Unrinincho; Kita-ku; Kyoto; 603-8214; Japón,Kyoto,Japón,0,Soba,Comer solo,0
Muginoyoake,12-5 Nishishichijo Kakegoshicho; Shimogyo-ku; Kyoto; 600-8881; Japón,Kyoto,Japón,0,Ramen,Comer solo,0
Nikomi Kimura,6-18-6 Tanimachi; Chuo-ku; Osaka; 542-0012; Japón,Osaka,Japón,1,Izakaya,Comer solo,0
Tempura Kozaki,4-11-38 Matsuzakicho; Abeno-ku; Osaka; 545-0053; Japón,Osaka,Japón,1,Tempura,Comer solo,0
Ogimachi Udonya Asuro,3-8-3 Tenjimbashi; Kita-ku; Osaka; 530-0041; Japón,Osaka,Japón,0,Udon,Merece la espera;Comer solo,0
Kyogoku Kaneyo,456 Matsugaecho; Nakagyo-ku; Kyoto; 604-8034; Japón,Kyoto,Japón,0,Unagi / Anguila,Comer solo,0
Kushikatsu Gojoya,2-1-11 Uchihiranomachi; Chuo-ku; Osaka; 540-0037; Japón,Osaka,Japón,0,Kushiage,Comer solo;Cocina local,0
Saketosakana DNA,559-1 Torocho; Shimogyo-ku; Kyoto; 600-8401; Japón,Kyoto,Japón,1,Izakaya,Comer solo,0
Kanesho,155-2 Tokiwacho; Higashiyama-ku; Kyoto; 605-0079; Japón,Kyoto,Japón,0,Unagi / Anguila,Comer solo,0
Izuu,367 Kiyomotocho; Higashiyama-ku; Kyoto; 605-0084; Japón,Kyoto,Japón,0,Sushi,Un clásico;Cocina local,0
Eitaroya,448 Tatsunoikecho; Nakagyo-ku; Kyoto; 604-8176; Japón,Kyoto,Japón,1,Izakaya,Comer solo,0
Sushizen,41-2 Koromonotanacho; Nakagyo-ku; Kyoto; 604-8203; Japón,Kyoto,Japón,0,Sushi,Comer solo;Cocina local,0
Ikkon Uehara,232-9 Kamigoryokamiecho; Kita-ku; Kyoto; 603-8147; Japón,Kyoto,Japón,1,Japonesa,Comer solo,0
Insalata's,120 Sir Francis Drake Blvd.; San Anselmo; CA; 94960; Estados Unidos,San Anselmo,Estados Unidos,1,Cocina mediterránea,,0
Dai Ho,9148 Las Tunas Dr.; Temple City; CA; 91780; Estados Unidos,Temple City,Estados Unidos,1,Taiwanesa,Familiar;Cocina local,0
Eat Joy Food,18888 Labin Ct.; Rowland Heights; CA; 91748; Estados Unidos,Rowland Heights,Estados Unidos,1,Taiwanesa,Cocina local,0
Los Carnalitos,30200 Industrial Pkwy. S.W.; Hayward; CA; 94544; Estados Unidos,Hayward,Estados Unidos,0,Mexicana; Regional,,0
Spinning Bones,1205 Park St.; Alameda; CA; 94501; Estados Unidos,Alameda,Estados Unidos,1,Californiana,,0
LaoXi Noodle House,600 Live Oak Ave.; Arcadia; CA; 91007; Estados Unidos,Arcadia,Estados Unidos,0,China; Regional,Familiar;Cocina local,0
Luscious Dumplings,919 W. Duarte Rd.; Monrovia; CA; 91016; Estados Unidos,Monrovia,Estados Unidos,0,China,,0
Soba Ichi,2311A Magnolia St.; Oakland; CA; 94607; Estados Unidos,Oakland,Estados Unidos,1,Japonesa,,0
ICÚ,Venustiano Carranza 210; Zona Romántica; Puerto Vallarta; 48380; Mexico,Puerto Vallarta,Mexico,1,Mexicana,Romántico,0
Horn Barbecue,464 8th St.; Oakland; CA; 94607; Estados Unidos,Oakland,Estados Unidos,1,Barbacoa,,0
Joodooboo,4201 Market St.; Oakland; CA; 94608; Estados Unidos,Oakland,Estados Unidos,1,Coreana; Californiana,Cocina local,0
MAMA Oakland,388 Grand Ave.; Oakland; CA; 94610; Estados Unidos,Oakland,Estados Unidos,1,Italiana; Actual,,0
Tacos Oscar,420 40th St.; Oakland; CA; 94609; Estados Unidos,Oakland,Estados Unidos,0,Mexicana; Actual,,0
Teni East Kitchen,4015 Broadway; Oakland; CA; 94611; Estados Unidos,Oakland,Estados Unidos,0,Birmana,,0
Jo's Modern Thai,3725 MacArthur Blvd.; Oakland; CA; 94619; Estados Unidos,Oakland,Estados Unidos,1,Thai; Californiana,,0
FOB Kitchen,5179 Telegraph Ave.; Oakland; CA; 94609; Estados Unidos,Oakland,Estados Unidos,1,Filipina; Actual,,0
New Dumpling,10064 San Pablo Ave.; El Cerrito; CA; 94530; Estados Unidos,El Cerrito,Estados Unidos,0,China; Raviolis,,0
Top Hatters Kitchen,855 MacArthur Blvd.; San Leandro; CA; 94577; Estados Unidos,San Leandro,Estados Unidos,1,Actual; Vietnamita,,0
Ippuku,2130 Center St.; Berkeley; CA; 94704; Estados Unidos,Berkeley,Estados Unidos,1,Japonesa,,0
Great China,2190 Bancroft Way; Berkeley; CA; 94704; Estados Unidos,Berkeley,Estados Unidos,1,China,,0
Stockhome,220 Western Ave.; Petaluma; CA; 94952; Estados Unidos,Petaluma,Estados Unidos,1,Escandinava,,0
Comal,2020 Shattuck Ave.; Berkeley; CA; 94704; Estados Unidos,Berkeley,Estados Unidos,1,Mexicana,,0
Mariscos Jalisco,753 E. Holt Ave.; Pomona; CA; 91767; Estados Unidos,Pomona,Estados Unidos,1,Mexicana; Regional,Un clásico;Cocina local,0
Khom Loi,7385 Healdsburg Ave.; Sebastopol; CA; 95472; Estados Unidos,Sebastopol,Estados Unidos,1,Thai,,0
El Molino Central,11 Central Ave.; Sonoma; CA; 95476; Estados Unidos,Sonoma,Estados Unidos,1,Mexicana,,0
Glen Ellen Star,13648 Arnold Dr.; Glen Ellen; CA; 95442; Estados Unidos,Glen Ellen,Estados Unidos,1,Californiana; Pizza,,0
Pho Momma,9555 Folsom Blvd.; Ste. A; Sacramento; CA; 95827; Estados Unidos,Sacramento,Estados Unidos,0,Vietnamita,,0
Ciccio,6770 Washington St.; Yountville; CA; 94599; Estados Unidos,Yountville,Estados Unidos,1,Italiana; Pizza,,0
Nixtaco,1805 Cirby Way; Ste. 12; Roseville; CA; 95661; Estados Unidos,Roseville,Estados Unidos,1,Mexicana,,0
PalReal,C. Lope de Vega 113; Arcos Vallarta; Guadalajara; 44130; Mexico,Guadalajara,Mexico,1,Mexicana,,0
Tacos Y Gorditas Elvira,Mercado Alcalde Local 127; Centro Barranquitas; 44100 Guadalajara; Jal.; Mexico; Guadalajara; 44100; Mexico,Guadalajara,Mexico,0,Mexicana,Merece la espera;Cocina local,0
Tacos Charly,Av. San Fernando 201; Toriello Guerra; Tlalpan; 14050; Mexico,Tlalpan,Mexico,0,Mexicana,,0
Taquería Los Milanesos,Veracruz 156; Álvaro Obregón; 01080; Mexico,Álvaro Obregón,Mexico,0,Mexicana,Cocina local,0
Los Consentidos del Barrio,Manzanas 27-B; Tlacoquemecatl del Valle; Benito Juárez; 03200; Mexico,Benito Juárez,Mexico,0,Mexicana,,0
El Vilsito,Av. Universidad 248; Narvarte; Benito Juárez; 03020; Mexico,Benito Juárez,Mexico,0,Mexicana,,0
Siembra Tortillería,Av. Isaac Newton 300; Polanco; Miguel Hildalgo; 11560; Mexico,Miguel Hidalgo,Mexico,0,Mexicana,,0
Molino El Pujol,Benjamín Hill; 146; Hipódromo Condesa; Cuauhtémoc; 06100; Mexico,Cuauhtémoc,Mexico,0,Mexicana,,0
Comal Oculto,C. Gob. Protasio Tagle 66A; Miguel Hildalgo; 11850; Mexico,Miguel Hidalgo,Mexico,0,Mexicana,Merece la espera,0
Comedor Jacinta,Virgilio 40; Polanco; Miguel Hildalgo; 11550; Mexico,Miguel Hidalgo,Mexico,1,Mexicana; Tradicional,,0
Hong Da Xing Li Fan Dian,8 Dongfeng Alley; Jiaojiang; Taizhou; China Continental,Taizhou,China Continental,1,Taizhóu,,0
Shen Ji Mai Xia Mian Pi Dian,2 Wangyang Road; Linhai; Taizhou; China Continental,Taizhou,China Continental,0,Noodles,Cocina local,0
Xiao Bai Cai,23 Changda Road North; Xihu; Hangzhou; China Continental,Hangzhou,China Continental,1,Zhejiang,Familiar,0
Little Pigtail Noodle Shop,10 Changda Road South; Xihu; Hangzhou; China Continental,Hangzhou,China Continental,0,Noodles,Merece la espera,0
He Wei Xiao Chao,121 Guoqing Road; Tiantai ; Taizhou; China Continental,Taizhou,China Continental,0,Taizhóu,Grupos,0
Heng Qian Kou Huang Zhu Ying San Xian Mian,11 Jiaotong West Road; Yueqing; Wenzhou; China Continental,Wenzhou,China Continental,0,Noodles,Cocina local,0
Ma Er Si Fang Cai,159 Fengshan Road; Shangcheng; Hangzhou; China Continental,Hangzhou,China Continental,1,Cocina de Hangzhou,Cocina local,0
Sun Guo Hua Qing Jiang San Xian Mian (Renmin North Road),21 Renmin North Road; Yueqing; Wenzhou; China Continental,Wenzhou,China Continental,0,Noodles,Merece la espera,0
Jiu Wei,379 Gongren East Road; Jiaojiang; Taizhou; China Continental,Taizhou,China Continental,1,Zhejiang,Familiar,0
Lao Huang Chao Ma Ci,9 Donghu Road; Linhai; Taizhou; China Continental,Taizhou,China Continental,0,Small eats,Cocina local,0
Chang Ren Hun Tun Pu,195 Jiefang Street; Lucheng; Wenzhou; China Continental,Wenzhou,China Continental,0,Dim Sum,Cocina local,0
Juan Juan Zao Dian Dian,124 Donming Road; Lucheng; Wenzhou; China Continental,Wenzhou,China Continental,0,Small eats,Cocina local,0
Ma Lu Qiao Jiang Tang Mian,306 East Zhongshan Road; Jiaojiang; Taizhou; China Continental,Taizhou,China Continental,0,Noodles,Cocina local,0
Xiu Cai Yang Rou Mian,3-9 Dongping Alley; Shangcheng; Hangzhou; China Continental,Hangzhou,China Continental,0,Noodles,Merece la espera,0
Ge Lang Guan,130-135; Building 1; My Babini Shopping Mall; 698 Xiaohe Road; Gongshu; Hangzhou; China Continental,Hangzhou,China Continental,1,Zhejiang,Cocina local,0
Xun Wei Jiang Nan,207 Yunhe Yingxiang; 336 Yanjia Road; Shangcheng; Hangzhou; China Continental,Hangzhou,China Continental,1,Cocina de Ningbó,,0
The Taste of Huzhou,No. 12; Lane 1422; Xietu Road; Xuhui; Shanghai; China Continental,Shanghai,China Continental,0,Noodles,Merece la espera,0
Qing Chun Perma,181 Baileqiao; Xihu; Hangzhou; China Continental,Hangzhou,China Continental,1,Vegetariana,Merece la espera,0
He Shan Mian Jia,1190 Hutai Road; Jing'an; Shanghai; China Continental,Shanghai,China Continental,0,Noodles,Cocina local,0
Ning Hai Shi Fu,LG2-15D; T5; Vanke Center; 988 Shenchang Road; Minhang; Shanghai; China Continental,Shanghai,China Continental,1,Cocina de Ningbó,Grupos,0
Lao Di Fang Mian Guan,107 Sinan Road; Huangpu; Shanghai; China Continental,Shanghai,China Continental,0,Noodles,Cocina local,0
YongFu Mini (Pudong),Shop 910; 9F; L+Mall; 899 South Pudong Road; Pudong; Shanghai; China Continental,Shanghai,China Continental,1,Cocina de Ningbó,Merece la espera,0
Rongjia Noodles Soup with Yellow Croaker (Jingan),L105A-1; 688 Plaza; 688 West Nanjing Road; Jingan; Shanghai; China Continental,Shanghai,China Continental,1,Noodles,,0
Ho Hung Kee,L324; South Building; HKRI Taikoo Hui; 288 Shimen Yi Road; Jingan; Shanghai; 400040; China Continental,Shanghai,China Continental,1,Noodles y Congee,,0
Mi Thai,2F; 195 Anfu Road; Xuhui; Shanghai; China Continental,Shanghai,China Continental,1,Thai,,0
Lu Bo Lang,115 Yuyuan Old Street; City God Temple; Huangpu; Shanghai; China Continental,Shanghai,China Continental,1,Cocina de Shanghái,Familiar;Grupos,0
Lan Xin (Jinxian Road),130 Jinxian Road; Huangpu; Shanghai; China Continental,Shanghai,China Continental,0,Cocina de Shanghái,Merece la espera;Cocina local,0
Wu Ming Lao Lu Mian,533 Zhonghua Road; Qinhuai; Nanjing; China Continental,Nanjing,China Continental,0,Noodles,Cocina local,0
Tai Hu San Bai Guan,22-23 Fenglefang; Yancheng Food street; Wujin; Changzhou; China Continental,Changzhou,China Continental,1,Cocina de Jiangsu,Familiar,0
Chun,124 Jinxian Road; Huangpu; Shanghai; China Continental,Shanghai,China Continental,0,Cocina de Shanghái,Merece la espera;Cocina local,0
Ru Yuan,87 Xianxue Street; Tianning; Changzhou; China Continental,Changzhou,China Continental,1,Cocina de Jiangsu,Familiar,0
Qing Wa Xiang (Tianning),130 Xiejiatang; Xintang North Road; Tianning; Changzhou; China Continental,Changzhou,China Continental,0,Cocina de Jiangsu,Familiar;Cocina local,0
Gusu Fusion,28 Pingqiaozhi Street; Gusu; Suzhou; China Continental,Suzhou,China Continental,0,Cantonesa; Cocina de Jiangsu,Familiar,0
Liuyuanchun Teahouse,1F; Shangri-La Hotel; 472 Wenchang West Road; Hanjiang; Yangzhou; China Continental,Yangzhou,China Continental,0,Dim Sum,Cocina local,0
Chang Xian De (Tianning),Room B-102; Building No. 1; Maxiang Gongyu; 10 Ma Lane; Tianning; Changzhou; China Continental,Changzhou,China Continental,0,Small eats,Cocina local,0
Jiu Yan (Hehai East Road),Inside Dino-Valley Hotspring; 58 Hehai East Road; Xinbei; Changzhou; China Continental,Changzhou,China Continental,1,Cocina de Jiangsu,Familiar,0
South Garden,5 Yupei Alley; Zhonglou; Changzhou; China Continental,Changzhou,China Continental,1,Cocina de Jiangsu,Terraza agradable,0
Cui Jie Xiao Chi,195 Heyan Road; Gulou; Nanjing; China Continental,Nanjing,China Continental,0,Small eats,Merece la espera,0
Cai Gen Xiang Xiao Guan,26 Yuandong Street; Guangling; Yangzhou; China Continental,Yangzhou,China Continental,0,Huaiyanesa,Familiar,0
Lao Chen Jia,10 Shilinsi Lane; Gusu; Suzhou; China Continental,Suzhou,China Continental,1,Cocina de Jiangsu,Cocina local,0
Li Ji Qing Zhen Guan,1 Dading Lane; Qinhuai; Nanjing; China Continental,Nanjing,China Continental,0,Dim Sum,Cocina local,0
Bai Sheng Ren Jia (Wuzhong),45 Dongqing Road; Wuzhong; Suzhou; China Continental,Suzhou,China Continental,1,Cocina de Jiangsu,Grupos,0
A Cheng,66 Fenghuang Street; Gusu; Suzhou; China Continental,Suzhou,China Continental,1,Cocina de Jiangsu,Familiar,0
Fu Lin Xuan (Jiqingmen Street),188 Jiqingmen Street; Jianye; Nanjing; China Continental,Nanjing,China Continental,1,Cocina de Jiangsu,Cocina local,0
Hou Pin Xiao Yuan,Room 113; Block 5; Jiangsu Intelligent Manufacturing New City Park; 50 Xinglong Street; Jianye; Nanjing; China Continental,Nanjing,China Continental,1,Huaiyanesa,Familiar;Cocina local,0
Shuang Dong,368 Wenchang Middle Road; Guangling; Yangzhou; China Continental,Yangzhou,China Continental,1,Huaiyanesa,Familiar;Cocina local,0
Yu Cheng,31 Xuxiang Group; Baocheng Community; Hanjiang; Yangzhou; China Continental,Yangzhou,China Continental,1,Huaiyanesa,Cocina local,0
Ge Jia Wu Farmer’s House,7-17 Gejia Cove; Shushan Village; Dashishan Road; Huqiu; Suzhou; China Continental,Suzhou,China Continental,1,Cocina de Jiangsu,Cocina local,0
Qiang Ye Fan Dian,636 Changbai Street; Qinhuai; Nanjing; 210000; China Continental,Nanjing,China Continental,1,Cantonesa; Cocina de Jiangsu,Cocina local,0
Liu She Ji,7-12 Siwangting Road; Guangling; Yangzhou; China Continental,Yangzhou,China Continental,0,Noodles,Cocina local,0
Tong De Xing (Jiayu Fang),6 Jiayu Fang; Renmin Road; Gusu; Suzhou; China Continental,Suzhou,China Continental,0,Noodles,,0
Wan Tai Xing,670 Shiquan Street; Gusu; Suzhou; 215000; China Continental,Suzhou,China Continental,0,Noodles,Cocina local,0
Hui Pu Pai Dang,130 Huipu Road; Linhai; Taizhou; China Continental,Taizhou,China Continental,1,Taizhóu,Cocina local,0
Guoping Seafood,466-2 Guoda Rongyuan; Gongren West Road; Tiantai; Taizhou; China Continental,Taizhou,China Continental,1,Taizhóu,Grupos,0
Yan Ji Gao Tou Pu,68-70 Wanghe Road; Yueqing; Wenzhou; China Continental,Wenzhou,China Continental,0,Small eats,Cocina local,0
Dou Lai Fan Dian,2F; 666 Chenhui Road; Xiaoshan; Hangzhou; China Continental,Hangzhou,China Continental,1,Cocina de Hangzhou,Grupos;Cocina local,0
Rong Cun (Gucheng Street),Longtan'ao Shangwang Village; Gucheng Street; Linhai; Taizhou; China Continental,Taizhou,China Continental,1,Taizhóu,Familiar;Cocina local,0
Tang A Yi Bian Shi,53 Huipu Road; Linhai; Taizhou; China Continental,Taizhou,China Continental,0,Dim Sum,Cocina local,0
Yangzhou Yan (38 Changchun Road),38 Changchun Road; Hanjiang; Yangzhou; China Continental,Yangzhou,China Continental,1,Huaiyanesa,Familiar;Grupos,0
Fan Shui Chang Yu Mian (North Jiefang Road),2-57 North Jiefang Road; Guangling; Yangzhou; China Continental,Yangzhou,China Continental,0,Noodles,Cocina local,0
Ayu Renjiashao,Building 2; No. 5199; North Section of Binhai Avenue; Longwan; Wenzhou; China Continental,Wenzhou,China Continental,1,Zhejiang,Grupos;Cocina local,0
Xiao Shan Wei Dao,1586-1 Nanxiu Road; Xiaoshan; Hangzhou; China Continental,Hangzhou,China Continental,1,Cocina de Hangzhou,Cocina local,0
Fullie's Seafood House,1-7 Jiazhi Street; Jiaojiang; Taizhou; China Continental,Taizhou,China Continental,1,Zhejiang,Familiar,0
Yangjia Shantou Mai Mian Lao Dian (Canghe Lane),23 Canghe Lane; Lucheng; Wenzhou; China Continental,Wenzhou,China Continental,0,Noodles,Cocina local,0
He Jiu Jia,107a Longhua Building; Chezhan Avenue; Lucheng; Wenzhou; China Continental,Wenzhou,China Continental,1,Zhejiang,Familiar;Grupos,0
Zheng Zhengliang Seafood (Nantang Street),B1 Level; Building 2 & 3; Impression Nantang; Nantang Street; Lucheng; Wenzhou; China Continental,Wenzhou,China Continental,1,Pescados y mariscos,Familiar;Grupos,0
Bai Nian Hun Tun Lao Dian,12-13 Beitouqiao East Alley; Longwan; Wenzhou; China Continental,Wenzhou,China Continental,0,Dim Sum,Cocina local,0
Jin Hong Lao Zi Hao Zhu Zang Fen,29 Donglian Building; Renmin East Road; Lucheng; Wenzhou; China Continental,Wenzhou,China Continental,0,Noodles,Cocina local,0
Yi Qin Shou Da Mian,Building 28; Huayuan Xincun; Jiaojiang; Taizhou; China Continental,Taizhou,China Continental,0,Noodles,Cocina local,0
Li Ji Gu Tou Tang,16 Huayuan Road; Jiaojiang; Taizhou; China Continental,Taizhou,China Continental,0,Small eats,Cocina local,0
Wang Ri Shun Hao (Shangcheng),418 Zhongshan South Road; Shangcheng; Hangzhou; China Continental,Hangzhou,China Continental,0,Small eats,Cocina local,0
Nan Feng Fan Dian,819 Renmin Road; Xiaoshan; Hangzhou; China Continental,Hangzhou,China Continental,1,Cocina de Hangzhou,Cocina local,0
Yue Ji (Binjiang),4F; Building 1; Phase 1; Star Avenue; 228 Jiangnan Avenue; Binjiang; Hangzhou; China Continental,Hangzhou,China Continental,1,Zhejiang,Familiar,0
Datou Yingshi Xiaoguan,101; Building 7; 45 Tiaozhouwan; Shangcheng; Hangzhou; China Continental,Hangzhou,China Continental,1,Cocina de Hangzhou,,0
Bao Zhong Bao Shi Fu,224 Qingtai Street; Shangcheng; Hangzhou; China Continental,Hangzhou,China Continental,1,Cocina de Hangzhou,Cocina local,0
Fu Yuan Ju (Shangcheng),35 Hefang Street; Shangcheng; Hangzhou; China Continental,Hangzhou,China Continental,1,Cocina de Hangzhou,Cocina local,0
Zhi Zhu,69 Tianzhu Road; Xihu; Hangzhou; China Continental,Hangzhou,China Continental,0,Vegetariana,,0
Rong Xian Mian Guan (Qianjiang Road),629 Qianjiang Road; Shangcheng; Hangzhou; China Continental,Hangzhou,China Continental,0,Noodles,Cocina local,0
Xiao Dian Huang,205-207; 2F; Building 8; Greenland Central Plaza; Daguan Road; Gongshu; Hangzhou; China Continental,Hangzhou,China Continental,1,Zhejiang,Familiar;Cocina local,0
Xiao Lao Hun Tun,12 Sipailou; Ziyang Street; Shangcheng; Hangzhou; China Continental,Hangzhou,China Continental,0,Dim Sum,Cocina local,0
Fang Lao Da (Shangcheng),629 Jiangcheng Road; Shangcheng; Hangzhou; China Continental,Hangzhou,China Continental,0,Noodles,Cocina local,0
Fu Xing Mian Wang (Hedong Road),178 Hedong Road; Gongshu; Hangzhou; China Continental,Hangzhou,China Continental,0,Noodles,Merece la espera;Cocina local,0
King's Choice (Huyu Road),102; Building B; 38 Huyu Road; Shangcheng; Hangzhou; China Continental,Hangzhou,China Continental,1,Cocina de Hangzhou,Familiar;Cocina local,0
Tan,L 1-2; 106 Songyunlou; Jiu Qu Bridge Square; Yuyuan Garden Malls; Huangpu; Shanghai; China Continental,Shanghai,China Continental,1,Cocina de Sichuan,Familiar,0
Cong's Kitchen,158 Luhe Road; Huangpu; Shanghai; 200001; China Continental,Shanghai,China Continental,1,Cocina de Shanghái,Grupos,0
Polux,No. 5; Xintiandi Beili; Lane 181; Taicang Road; Huangpu; Shanghai; China Continental,Shanghai,China Continental,1,Francesa,Familiar,0
Nanxiang Steamed Bun,85 Yuyuan Road; City God Temple; Huangpu; Shanghai; China Continental,Shanghai,China Continental,0,Dim Sum,Grupos;Cocina local,0
Rong Cuisine (Huangpu),1-2F; 128 Taicang Road; Huangpu; Shanghai; China Continental,Shanghai,China Continental,1,Taizhóu,Familiar,0
Yangzhou Fan Dian (Huangpu),345 Middle Fujian Road; Huangpu; Shanghai; China Continental,Shanghai,China Continental,1,Huaiyanesa,Familiar;Cocina local,0
Qiao Ai Lai Lai Xiao Long (Huangpu),506 Tianjin Road; Huangpu; Shanghai; China Continental,Shanghai,China Continental,0,Dim Sum,Cocina local,0
Mao Long,134 Jinxian Road; Huangpu; Shanghai; China Continental,Shanghai,China Continental,1,Cocina de Shanghái,Cocina local,0
Zhi He Lao Ya Fen Si Tang,Building 1; Jiankang Xincun; 60 Changbai Street; Qinhuai; Nanjing; China Continental,Nanjing,China Continental,0,Noodles,Cocina local,0
Jingmei Wuxi Noodles (Yanping Road),128 Yanping Road; Jingan; Shanghai; China Continental,Shanghai,China Continental,0,Noodles,Cocina local,0
Bei Men Niu Xie Geng,580 Chicheng Road; Tiantai; Taizhou; China Continental,Taizhou,China Continental,0,Small eats,Cocina local,0
Mr. Liang Seafood,158 Hailong Road; Jiaojiang; Taizhou; China Continental,Taizhou,China Continental,1,Taizhóu,,0
Yu Ji Seafood,Office Building; Batou Village; Chengdong Street; Yueqing; Wenzhou; China Continental,Wenzhou,China Continental,1,Zhejiang,Familiar,0
Tong Ma Ma (Xihu),2 Fengshang Road; Xihu; Hangzhou; China Continental,Hangzhou,China Continental,0,Zhejiang,Cocina local,0
The Lakeside Veggie,L2-016-017; Sunny Walk; 230 Ruiping Road; Xuhui; Shanghai; China Continental,Shanghai,China Continental,1,Vegetariana,,0
Xiao Tao Mian Guan,222 Jiashan Road; Xuhui; Shanghai; China Continental,Shanghai,China Continental,0,Noodles,Cocina local,0
Shi Wei Xian (Shangcheng),96 Guangfu Road; Shangcheng; Hangzhou; China Continental,Hangzhou,China Continental,1,Cocina de Hangzhou,Familiar;Cocina local,0
Ye Long Jing,98 Longjing Road; Xihu; Hangzhou; China Continental,Hangzhou,China Continental,1,Zhejiang,Familiar;Grupos,0
Lao Tai Zhou,No. 18; Lane 31; Xintai Road; Jiaojiang; Taizhou; China Continental,Taizhou,China Continental,0,Zhejiang,Cocina local,0
Xiao Cai Yuan,2F; Blue Sky; 219 Ningkang West Road; Yueqing; Wenzhou; China Continental,Wenzhou,China Continental,1,Zhejiang,Cocina local,0
Lao Wen Zhou Hun Tun Dan,59 Dongyou Road; Lucheng; Wenzhou; China Continental,Wenzhou,China Continental,0,Dim Sum,Cocina local,0
Xiao Zhu Fan Dian,2 South Changdai Road; Xihu; Hangzhou; China Continental,Hangzhou,China Continental,1,Zhejiang,Grupos;Cocina local,0
Run Feng He Niu Za,499 Feixia South Road; Lucheng; Wenzhou; China Continental,Wenzhou,China Continental,0,Noodles,Cocina local,0
Shuang Jing Tou,A1-10; Well Well; 55 Xueyuan West Road; Lucheng; Wenzhou; China Continental,Wenzhou,China Continental,1,Zhejiang,Grupos,0
Qing Tao,226-1 Siyanjing; Hupao Road; Xihu; Hangzhou; China Continental,Hangzhou,China Continental,1,Zhejiang,,0
Wei Chen Xiao Chi,Nanfuqiao Lane; Hengjie Road; Huangyan; Taizhou; China Continental,Taizhou,China Continental,0,Noodles,Cocina local,0
Xin Liu He,37 Yile Road; Xihu; Hangzhou; China Continental,Hangzhou,China Continental,1,Cocina de Hangzhou,Cocina local,0
Mao Chang Lao Mian Guan,34 Longxia Road; Ouhai; Wenzhou; China Continental,Wenzhou,China Continental,0,Noodles,Cocina local,0
Xue Miao Zhu Zang Fen,Room 102; Building 4; Dongning Zutuan; Xialupu 2nd District; Lucheng; Wenzhou; China Continental,Wenzhou,China Continental,0,Noodles,Cocina local,0
Jin Wen Yu Yuan (Huiyuan Road),83 Huiyuan Road; Lucheng; Wenzhou; China Continental,Wenzhou,China Continental,0,Small eats,Cocina local,0
Zhang Yuan Chui Fan (Yanyu Road),208 Yanyu Road; Jiaojiang; Taizhou; China Continental,Taizhou,China Continental,0,Small eats,Cocina local,0
Rong Jia Xiao Chi (Ziyang Street),76 Ziyang Street; Linhai; Taizhou; China Continental,Taizhou,China Continental,0,Taizhóu,Familiar,0
Lai Cui Mian Guan (Ji Mao Road),315 Ji Mao Road; Xihu; Hangzhou; China Continental,Hangzhou,China Continental,0,Noodles,Familiar;Cocina local,0
Definitely Fresh (Xihu),2F; Meifan Plaza Proya; 588 Xixi Road; Xihu; Hangzhou; 310000; China Continental,Hangzhou,China Continental,1,Zhejiang,Familiar,0
Er Ba Jiu Su Mian Guan,289 Tianzhu Road; Xihu; Hangzhou; China Continental,Hangzhou,China Continental,0,Vegetariana,Cocina local,0
Hui Xin Xiao Chi Dian (Deyuan Road),83-1 Deyuan Road; Gongshu; Hangzhou; China Continental,Hangzhou,China Continental,0,Dim Sum,Cocina local,0
Wu Zi Mian Guan,116 Huansha Road; Shangcheng; Hangzhou; China Continental,Hangzhou,China Continental,0,Noodles,Cocina local,0
A Yong Mian Guan (Dongshufang Road),309 Dongshufang Road; Pudong; Shanghai; China Continental,Shanghai,China Continental,0,Noodles,,0
Blossom,L501; Plaza 66; 1266 West Nanjing Road; Jingan; Shanghai; China Continental,Shanghai,China Continental,1,Chao Zhou,Familiar,0
157 Shi Fang,Unit 101-102; Building T10; IM Shanghai; 1398 Kaixuan Road; Changning; Shanghai; China Continental,Shanghai,China Continental,1,Cocina de Shanghái,Familiar,0
Easeful Cuisine (Jingan),2F; 90 South Shaanxi Road; Jingan; Shanghai; China Continental,Shanghai,China Continental,1,Jiangzhe,Grupos,0
Ou Yue Zun Xian,Shop 605; 6F; Crystal Galleria; 68 Yuyuan Road; Jingan; Shanghai; China Continental,Shanghai,China Continental,1,Zhejiang,Merece la espera,0
Hao Sheng,156 Guangyuan Road; Xuhui; Shanghai; China Continental,Shanghai,China Continental,1,Cocina de Shanghái,Familiar;Cocina local,0
Gong De Lin (West Nanjing Road),445 West Nanjing Road; Huangpu; Shanghai; China Continental,Shanghai,China Continental,1,Vegetariana,Cocina local,0
Da Hu Chun (Middle Sichuan Road),136 Middle Sichuan Road; Huangpu; Shanghai; China Continental,Shanghai,China Continental,0,Dim Sum,Familiar;Cocina local,0
Yu Du Lao Wei Mian,501 Liyuan Road; Huangpu; Shanghai; China Continental,Shanghai,China Continental,0,Noodles,Cocina local,0
Yu Ge Zhanjiang (Jingan),358 West Yan'an Road; Jingan; Shanghai; China Continental,Shanghai,China Continental,1,Cantonesa,Cocina local,0
Hua Yue Dou Xiang,Shop 8; Building No. 2; Fuchen Building; 8 Taihu East Road; Xinbei; Changzhou; China Continental,Changzhou,China Continental,0,Small eats,Cocina local,0
Yunhe Noodle (Huangpu),344 Changle Road; Huangpu; Shanghai; China Continental,Shanghai,China Continental,1,Noodles; Cocina de Shanghái,Cocina local,0
San Xing Yang Rou Guan,2411 Qiongling Road; Wuzhong; Suzhou; China Continental,Suzhou,China Continental,1,Cocina de Jiangsu,Cocina local,0
Gu Jia Bao Zi,49 Wufu Street; Qinhuai; Nanjing; China Continental,Nanjing,China Continental,0,Dim Sum,Merece la espera,0
Xin Fang Yuan,Room 108; 57 Tangzi Street; Qinhuai; Nanjing; China Continental,Nanjing,China Continental,1,Jiangzhe,,0
Xu Pangzi San Bai Wan Bao Ying Chang Yu Mian,119-2 Bancang Street; Xuanwu; Nanjing; China Continental,Nanjing,China Continental,0,Noodles,,0
Chi Man,1F; Building No. 3; Nanjing Science and Technology Financial Park; 95 Houzaimen Xicun; Bei An Men Street; Xuanwu; Nanjing; 210000; China Continental,Nanjing,China Continental,1,Jiangzhe,Familiar;Productos locales,0
Hao Po Tang Bao,35-2 Taiping North Road; Xuanwu; Nanjing; China Continental,Nanjing,China Continental,0,Dim Sum,Cocina local,0
Yu Mian Tang (Nanxin Road),73-77 Nanxin Road; Gusu; Suzhou; China Continental,Suzhou,China Continental,0,Noodles,,0
Su Cheng Jia Yan (Ligongdi Road),43-45; Ligongdi Phase 1; Ligongdi Road; Suzhou Industrial Park; Suzhou; 215021; China Continental,Suzhou,China Continental,1,Cocina de Jiangsu,Terraza agradable;Familiar,0
Jin Ling Wang Jia Hun Tun (Jiqing Road),124 Jiqing Road; Qinhuai; Nanjing; China Continental,Nanjing,China Continental,0,Dim Sum,,0
Xu Jian Ping Tang Bao (Rehe South Road),37-2 Rehe South Road; Gulou; Nanjing; China Continental,Nanjing,China Continental,0,Dim Sum,Cocina local,0
Fang Xiang by Detan (Zhonglou),2-3F; Detan Hotel; 1 Xiaohe Yan; Zhonglou; Changzhou; China Continental,Changzhou,China Continental,1,Cocina de Jiangsu,Familiar;Grupos,0
Liu Jia You Meng Mei,8 Pingqiaozhi Street; Gusu; Suzhou; China Continental,Suzhou,China Continental,0,Dim Sum,Cocina local,0
Liu Yi Lou (Nanxin Road),91 Nanxin Road; Gusu; Suzhou; China Continental,Suzhou,China Continental,1,Cocina de Jiangsu,Familiar;Grupos,0
Lao Hu Mian Guan,246-9 Weiyang Road; Hanjiang; Yangzhou; China Continental,Yangzhou,China Continental,0,Noodles,Cocina local,0
Tang Yuan,38 Fangjishang; Shantang Street; Gusu; Suzhou; China Continental,Suzhou,China Continental,0,Noodles,Comer solo,0
Sheng Xing Mian Guan,87 Xianxue Street; Tianning; Changzhou; China Continental,Changzhou,China Continental,0,Noodles,Merece la espera,0
Ling Ling Jiu Jia,White Building; 100 meters east of Jiangjiachang Bus Stop; Cangbei Road; Wuzhong; Suzhou; China Continental,Suzhou,China Continental,1,Cocina de Jiangsu,Familiar;Cocina local,0
Ya Ba Sheng Jian (Wenjia An),12 Wenjia An; Lindun Road; Gusu; Suzhou; China Continental,Suzhou,China Continental,0,Dim Sum,Merece la espera;Cocina local,0
Zheng Qing Niu Rou Guo Tie Dian,2-1 Jiangxi Road; Gulou; Nanjing; China Continental,Nanjing,China Continental,0,Dim Sum,Cocina local,0
Oriental Chao,No. 03-27/62; 3F; South Zone; Suzhou Center Plaza; Xinggang Street; Suzhou Industrial Park; Suzhou; China Continental,Suzhou,China Continental,1,Chao Zhou,Familiar,0
Guang Ying Ju · Lao Zheng Xing,102 Daming Road; Qinhuai; Nanjing; China Continental,Nanjing,China Continental,1,Cocina de Jiangsu,Familiar;Cocina local,0
Du Shi Li De Xiang Cun,26-1; Qingyun Lane; Gulou; Nanjing; China Continental,Nanjing,China Continental,1,Jiangzhe,Cocina local,0
Jin Ling Yang Jia Hun Tun Dian (Caodu Lane),1-1 Caodu Lane; Qinhuai; Nanjing; China Continental,Nanjing,China Continental,0,Dim Sum,Merece la espera;Cocina local,0
Hu Yuan Mei Shi,52 Dongquan Gate; Guangling; Yangzhou; China Continental,Yangzhou,China Continental,0,Huaiyanesa,Familiar;Cocina local,0
Xiao Pan Ji Ya Xie Fen Si Tang,1F; Longtai Building; 198 Zhongshan East Road; Qinhuai; Nanjing; China Continental,Nanjing,China Continental,0,Noodles,Cocina local,0
Fang Po,50 Wangfu Street; Qinhuai; Nanjing; China Continental,Nanjing,China Continental,0,Small eats,Cocina local,0
Yangzhou Yan · Qu Yuan,2F; Podium; Building No.8; One Sino Finance Plaza; 6 Lingyan Road; Huqiu; Suzhou; China Continental,Suzhou,China Continental,1,Huaiyanesa,Grupos,0
Wei Ji Ao Mian Guan (East Baita Road),266 East Baita Road; Gusu; Suzhou; China Continental,Suzhou,China Continental,0,Noodles,Cocina local,0
You Mian,139 Zhongyang Road; Gulou; Nanjing; China Continental,Nanjing,China Continental,0,Noodles,,0
Lok Kei Noodles,1-D Travessa da Saudade; Macau; Macau; Macao,Macau,Macao,0,Noodles y Congee,Cocina local,0
She Wong Leung,Shop A; GF; 298 Electric Road; North Point; Hong Kong,Hong Kong,Hong Kong,1,Cantonesa,Merece la espera,0
Lai's Kitchen,1F; Harvard Commercial Building; 105-111 Thomson Road; Wan Chai; Hong Kong,Hong Kong,Hong Kong,1,Cantonesa,Merece la espera,0
Wang Fu,168 Wellington Street; Central; Hong Kong,Hong Kong,Hong Kong,0,Raviolis,Familiar,0
Wing Lai Yuen,Shop 102-105; 1F; Gourmet Place; Whampoa Plaza; Site 8; Whampoa Garden; 7 Tak On Street; Hung Hom; Hong Kong,Hong Kong,Hong Kong,1,Cocina de Shanghái; Cocina de Sichuan,Familiar,0
Tsim Chai Kee (Wellington Street),98 Wellington Street; Central; Hong Kong,Hong Kong,Hong Kong,0,Noodles,Merece la espera,0
Uncle Quek,6F; 8 Lyndhurst Terrace; Central; Hong Kong,Hong Kong,Hong Kong,1,Cocina del Sudeste Asiático,Tendencia,0
Heartwarming (Prince Edward),23 Yu Chau Street; Prince Edward; Hong Kong,Hong Kong,Hong Kong,0,Street food,Cocina local,0
Yuan is Here (Western District),31 North Street; Western District; Hong Kong,Hong Kong,Hong Kong,0,Taiwanesa,,0
Din Tai Fung (COD),SOHO; 2F; City of Dreams; Estrada do Istmo; Cotai; Macau; Macao,Macau,Macao,1,Cocina de Shanghái,Familiar,0
Chan Seng Kei,21 Rua Caetano; Coloane; Macau; Macao,Macau,Macao,1,Cantonesa,Familiar;Cocina local,0
Lou Kei,Shop H&M; GF; Vang Kei Building; 12 Avenida Da Concõrdia N; Macau; Macau; Macao,Macau,Macao,1,Cantonesa,Familiar;Cocina local,0
Tasty (Central),Shop 3016-3018; 3F; IFC Mall; 1 Harbour View Street; Central; Hong Kong,Hong Kong,Hong Kong,1,Noodles y Congee,Merece la espera;Cocina local,0
Trusty Congee King (Wan Chai),7 Heard Street; Wan Chai; Hong Kong,Hong Kong,Hong Kong,0,Noodles y Congee,Cocina local,0
Sang Kee,3-4F; Sunshine Plaza; 353 Lockhart Road; Wan Chai; Hong Kong,Hong Kong,Hong Kong,1,Cantonesa,Cocina local,0
Tim Ho Wan (Sham Shui Po),9-11 Fuk Wing Street; Sham Shui Po; Hong Kong,Hong Kong,Hong Kong,0,Dim Sum,Merece la espera;Cocina local,0
Glorious Cuisine,31-33 Shek Kip Mei Street; Sham Shui Po; Hong Kong,Hong Kong,Hong Kong,1,Cantonesa,Familiar;Cocina local,0
Ba Yi,43 Water Street; Sai Ying Pun; Hong Kong,Hong Kong,Hong Kong,1,Cocina de Xinjiang,Familiar,0
Megan's Kitchen,5F; Lucky Centre; 165-171 Wan Chai Road; Wan Chai; Hong Kong,Hong Kong,Hong Kong,1,Cantonesa,Familiar,0
Kwan Kee Bamboo Noodles,Shop E; 1 Wing Lung Street; Cheung Sha Wan; Hong Kong,Hong Kong,Hong Kong,0,Noodles,Cocina local,0
Shugetsu Ramen (Central),5 Gough Street; Central; Hong Kong,Hong Kong,Hong Kong,1,Ramen,Merece la espera,0
Eng Kee Noodle Shop,GF; 32 High Street; Sai Ying Pun; Hong Kong,Hong Kong,Hong Kong,0,Noodles,Cocina local,0
Dragon Inn,12 Tsing Ha Lane; Castle Peak Road; Tuen Mun; Hong Kong,Hong Kong,Hong Kong,1,Pescados y mariscos,Familiar;Grupos,0
Fisholic (North Point),Shop 14; GF; Victor Court; 14-28 Wang On Road; North Point; Hong Kong,Hong Kong,Hong Kong,0,Street food,,0
Ship Kee,6F; Hopewell Centre; 183 Queen's Road East; Wan Chai; Hong Kong,Hong Kong,Hong Kong,1,Cantonesa,Familiar;Cocina local,0
Tai Woo,9F; Causeway Bay Plaza 2; 463-483 Lockhart Road; Causeway Bay; Hong Kong,Hong Kong,Hong Kong,1,Cantonesa,Familiar;Cocina local,0
Po Kee,425P Queen's Road West; Western District; Hong Kong,Hong Kong,Hong Kong,0,Carnes chinas asadas,Cocina local,0
Nok Song,Shop B&C; GF; Keng Fong Hou Teng; 319 Avenida do Dr. Rodrigo Rodrigues; Macau; Macau; Macao,Macau,Macao,1,Thai,,0
Thai Pai Dong (Jordan),GF; 24 Man Yuen Street; Jordan; Hong Kong,Hong Kong,Hong Kong,1,Thai,Merece la espera,0
Lulu Baobao (Wong Chuk Hang),Shop 102; 1F; Metro South Tower 2; 39 Wong Chuk Hang Road; Wong Chuk Hang; Hong Kong,Hong Kong,Hong Kong,0,Dim Sum,Familiar,0
Hao Tang Hao Mian (Tai Wai),GF; 20 Chik Chuen Street; Tai Wai; Hong Kong,Hong Kong,Hong Kong,1,Noodles,Cocina local,0
O Castiço (Taipa),65B Rua Direita Carlos Eugénio; Taipa; Macau; Macao,Macau,Macao,1,Portuguesa,Familiar,0
Hung's Delicacies,Shop B01; Lower Level; Tower 535; 535 Jaffe Road; Causeway Bay; Hong Kong,Hong Kong,Hong Kong,1,Chaozhou,,0
Cheung Hing Kee (Tsim Sha Tsui),GF; 48 Lock Road; Tsim Sha Tsui; Hong Kong,Hong Kong,Hong Kong,0,Street food,,0
Fung Shing (North Point),62-68 Java Road; North Point; Hong Kong,Hong Kong,Hong Kong,1,Shun Tak,Familiar,0
Art & Taste,Shop A; GF; Carfield Commercial Building; 75-77 Wyndham Street; Central; Hong Kong,Hong Kong,Hong Kong,1,Taiwanesa,Familiar,0
Sang Kee Foods (Western District),263 Queen'S Road West; Hong Kong,Hong Kong,Hong Kong,0,Street food,Cocina local,0
Chiu Ka Banquet,8F; Champion Building; 287-291 Des Voeux Road Central; Sheung Wan; Hong Kong,Hong Kong,Hong Kong,1,Chaozhou,Familiar,0
Yue Kee,9 Sham Hong Road; Sham Tseng; Hong Kong,Hong Kong,Hong Kong,1,Cantonesa,Familiar;Grupos,0
Putien (Causeway Bay),Shop A; 7F; Lee Theatre Plaza; 99 Percival Street; Causeway Bay; Hong Kong,Hong Kong,Hong Kong,1,Cocina de Fujian,Familiar,0
Kai Kai (Jordan),113-115 Parkes Street; Jordan; Hong Kong,Hong Kong,Hong Kong,0,Street food,Merece la espera,0
Mak Man Kee,51 Parkes Street; Jordan; Hong Kong,Hong Kong,Hong Kong,0,Noodles,Merece la espera;Cocina local,0
Restaurant Litoral (Taipa),No. 53-57; Block 4; Wai Chin Kok; Rua do Regedor; Taipa; Macau; Macao,Macau,Macao,1,Cocina de Macao,Familiar,0
Lucky Indonesia,46 Tung Ming Street; Kwun Tong; Hong Kong,Hong Kong,Hong Kong,0,Indonesia,Familiar,0
Tin Hung,Shop D; GF; Yan Yee Building; 88 Kin Yip Street; Yuen Long; Hong Kong,Hong Kong,Hong Kong,1,Carnes chinas asadas,Cocina local,0
Tak Kee Chiu Chou Restaurant,Shop G; 3 Belcher's Street; Western District; Hong Kong,Hong Kong,Hong Kong,1,Chaozhou,Familiar,0
Lau Sum Kee (Fuk Wing Street),82 Fuk Wing Street; Sham Shui Po; Hong Kong,Hong Kong,Hong Kong,0,Noodles,Cocina local,0
Din Tai Fung (Tsim Sha Tsui),Shop 306; 3F; Silvercord; 30 Canton Road; Tsim Sha Tsui; Hong Kong,Hong Kong,Hong Kong,1,Cocina de Shanghái,Familiar,0
Ho To Tai,67 Fau Tsoi Street; Yuen Long; Hong Kong,Hong Kong,Hong Kong,0,Noodles,Cocina local,0
Keung Kee,406 Lockhart Road; Wan Chai; Hong Kong,Hong Kong,Hong Kong,0,Street food,Cocina local,0
Ho Ho Chak,9F; Nathan Hill; 38 Hillwood Road; Tsim Sha Tsui; Hong Kong,Hong Kong,Hong Kong,1,Chaozhou,Familiar,0
UTM Educational Restaurant,Colina de Mong-Há; Macau; Macau; Macao,Macau,Macao,1,Cocina de Macao,Familiar,0
Tai Wai Dining Room,98 Chik Fuk Street; Tai Wai; Hong Kong,Hong Kong,Hong Kong,1,Cantonesa,Merece la espera;Cocina local,0
Kung Wo Beancurd Factory,118 Pei Ho Street; Sham Shui Po; Hong Kong,Hong Kong,Hong Kong,0,Street food,Cocina local,0
Cheong Kei,68 Rua de Felicidade; Macau; Macau; Macao,Macau,Macao,0,Noodles,Cocina local,0
Juno,GF; 88 Wing Lok Street; Sheung Wan; Hong Kong,Hong Kong,Hong Kong,1,Cocina mediterránea,Familiar,0
Eton,1-2F; European Asian Bank Building; 749 Nathan Road; Mong Kok; Hong Kong,Hong Kong,Hong Kong,1,Shun Tak,Familiar;Cocina local,0
Fiata,GF; 2 Staunton Street; Central; Hong Kong,Hong Kong,Hong Kong,1,Pizza,,0
A Lorcha,289 Rua do Almirante Sergio; Macau; Macau; Macao,Macau,Macao,1,Portuguesa,Familiar;Cocina local,0
Siaw,8 Hart Avenue; Tsim Sha Tsui; Hong Kong,Hong Kong,Hong Kong,1,Thai,Tendencia,0
Dragons' Den,Shop S02; 2F; Tin Ma Court Commercial Centre; 55 Chuk Yuen Road; Wong Tai Sin; Hong Kong,Hong Kong,Hong Kong,1,Cantonesa,Familiar;Grupos,0
Justindia,GF; Block AK; Edifício Jardim Fu Tat; 59 Rua De Bruxelas; Macau; Macau; Macao,Macau,Macao,1,Hindú,,0
Ju Xing Home,GF; 416 and 418 Portland Street; Prince Edward; Hong Kong,Hong Kong,Hong Kong,1,Cantonesa,Familiar,0
Tai Wing Wah,2F; 2-6 On Ning Road; Yuen Long; Hong Kong,Hong Kong,Hong Kong,1,Cantonesa,Grupos;Cocina local,0
Kapok,60 Rua de Hong Chau; Taipa; Macau; Macao,Macau,Macao,1,Cantonesa,Familiar,0
Takeya,Shop 1; On Wah Building; 31C1 Tak Man Street; Whampoa Estate; Hung Hom; Hong Kong,Hong Kong,Hong Kong,1,Japonesa,Familiar,0
Samsen (Wan Chai),68 Stone Nullah Lane; Wan Chai; Hong Kong,Hong Kong,Hong Kong,1,Thai,Merece la espera,0
Son Tak Kong,106A Rua do Mercadores; Macau; Macau; Macao,Macau,Macao,1,Shun Tak,Familiar,0
Shek Kee Kitchen,15-17 Ngan Mok Street; Tin Hau; Hong Kong,Hong Kong,Hong Kong,1,Cantonesa,Familiar,0
Ah Chun Shandong Dumpling (Prince Edward),60 Lai Chi Kok Road; Prince Edward; Hong Kong,Hong Kong,Hong Kong,0,Raviolis,,0
Sing Kee,2F; 1 Lyndhurst Tower; 1 Lyndhurst Terrace; Central; Hong Kong,Hong Kong,Hong Kong,1,Cantonesa,Familiar;Grupos,0
Kwan Kee Clay Pot Rice (Queen's Road West),Shop 1; GF; Wo Yick Mansion; 263 Queen's Road West; Sai Ying Pun; Hong Kong,Hong Kong,Hong Kong,0,Cantonesa,Merece la espera;Cocina local,0
Ăn Chơi,15-17 Mercer Street; Sheung Wan; Hong Kong,Hong Kong,Hong Kong,1,Vietnamita,Familiar,0
Prof Chan's (Western District),420-424 Queen's Road West; Western District; Hong Kong,Hong Kong,Hong Kong,1,Cocina de Hunan,,0
Din Tai Fung (Causeway Bay),Shop G3-G11; GF; 68 Yee Woo Street; Causeway Bay; Hong Kong,Hong Kong,Hong Kong,1,Cocina de Shanghái,Merece la espera,0
Sister Wah,Shop A1; 13 Electric Road; Tin Hau; Hong Kong,Hong Kong,Hong Kong,0,Noodles,Cocina local,0
Saya,Shop G701; GF; Square Mile II; 18 Ka Shin Street; Tai Kok Tsui; Hong Kong,Hong Kong,Hong Kong,1,Thai,Familiar,0
Banana Boy,Shop 18; GF; Shun Fung Building; 5-7 Fung Yau Street North; Yuen Long; Hong Kong,Hong Kong,Hong Kong,0,Street food,,0
Kau Kee,21 Gough Street; Central; Hong Kong,Hong Kong,Hong Kong,0,Noodles,Cocina local,0
Little Napoli,6-16 Tai Wong Street East; Wan Chai; Hong Kong,Hong Kong,Hong Kong,1,Pizza,Merece la espera,0
Yi Jia,Shop G04; Lime Gala; 393 Shau Kei Wan Road; Shau Kei Wan; Hong Kong,Hong Kong,Hong Kong,1,Cocina de Shanghái; Cocina de Sichuan,Familiar,0
Aleli Rooftop,Sinaloa 141; Roma Norte; Cuauhtémoc; 06700; Mexico,Cuauhtémoc,Mexico,1,Española; Mexicana,Terraza agradable,0
Twins Liangpi Limited (Mong Kok),GF; 99 Hak Po Street; Mong Kok; Hong Kong,Hong Kong,Hong Kong,0,Street food,,0
Caracol de Mar,Campeche 340; Col. Condesa; Cuauhtémoc; 06100; Mexico,Cuauhtémoc,Mexico,1,Mexicana; Actual,Cocina local,0
Filigrana,Av. Veracruz 62; Roma Norte; Cuauhtémoc; 06700; Mexico,Cuauhtémoc,Mexico,1,Mexicana; Actual,,0
Jowong,C. Pachuca 51; Colonia Condesa; Cuauhtémoc; 06140; Mexico,Cuauhtémoc,Mexico,1,Coreana,Grupos,0
Taquería El Jarocho,Tapachula 94; Roma Norte; Cuauhtémoc; 06700; Mexico,Cuauhtémoc,Mexico,0,Mexicana,,0
Plonk,Iztaccihuatl 52; Hipódromo; Cuauhtémoc; 06100; Mexico,Cuauhtémoc,Mexico,1,Mexicana; Asiática,Romántico,0
Raíz,Schiller 331; entre Horacio y Presidente Mazaryk; Polanco; Miguel Hildalgo; 11570; Mexico,Miguel Hidalgo,Mexico,0,Actual; Mexicana,,0
Ultramarinos Demar,Mérida 21; Roma Norte; Cuauhtémoc; 06700; Mexico,Cuauhtémoc,Mexico,1,Pescados y mariscos; Mexicana,Romántico,0
Galea,Sinaloa; 67; Roma Norte; Cuauhtémoc; 06700; Mexico,Cuauhtémoc,Mexico,1,Italiana; Actual,,0
Tacos del Valle,Av. Álvaro Obregón 130; Roma Norte; Cuauhtémoc; 06700; Mexico,Cuauhtémoc,Mexico,0,Mexicana,,0
Tacos Los Alexis,Chiapas 46; Roma Norte; Cuauhtémoc; 06700; Mexico,Cuauhtémoc,Mexico,0,Mexicana; Creativa,Cocina local,0
La 89,Colima 134; Roma Norte; Cuauhtémoc; 06700; Mexico,Cuauhtémoc,Mexico,0,Mexicana,Cocina local,0
Vigneron,Jalapa 181; Roma Norte; Cuauhtémoc; 06700; Mexico,Cuauhtémoc,Mexico,1,Actual; Francesa,Comer solo,0
Galanga Thai House,Monterrey 204; Roma Norte; Cuauhtémoc; 06700; Mexico,Cuauhtémoc,Mexico,1,Thai,,0
Fugaz,Orizaba 3B; Roma Norte; Cuauhtémoc; 06700; Mexico,Cuauhtémoc,Mexico,1,Mexicana; Cocina mediterránea,Tendencia,0
Pargot,Córdoba 212; Roma Norte; Cuauhtémoc; 06700; Mexico,Cuauhtémoc,Mexico,1,Mexicana; Creativa,,0
Contramar,Durango 200; Roma Norte; Cuauhtémoc; 06700; Mexico,Cuauhtémoc,Mexico,1,Pescados y mariscos; Mexicana,Un clásico,0
Vica Cocina de un Valle,C. 2 Ote. #7; Centro Histórico; Atlixco; 74200; Mexico,Atlixco,Mexico,1,Mexicana; Actual,Romántico,0
Taqueria Los Cocuyos,Simón Bolívar 67; Centro; Cuauhtémoc; 06000; Mexico,Cuauhtémoc,Mexico,0,Mexicana,,0
Xaok,División Ote. 227 A; Ex-Marquezado; Oaxaca; 68034; Mexico,Oaxaca,Mexico,1,Mexicana,,0
Labo Fermento,5 de Mayo 409; Ruta Independencia; Centro; Oaxaca; 68000; Mexico,Oaxaca,Mexico,1,Asiática,,0
Las Quince Letras,C. de Mariano Abasolo 300; Oaxaca; 68000; Mexico,Oaxaca,Mexico,1,Mexicana; Regional,Familiar;Cocina local,0
Tierra del Sol,Reforma 411; Centro; Oaxaca; 68000; Mexico,Oaxaca,Mexico,1,Mexicana; Tradicional,Terraza agradable;Grupos,0
La Olla,Reforma 402; Oaxaca; 68000; Mexico,Oaxaca,Mexico,1,Mexicana,Familiar;Cocina local,0
Restaurante Casareyna,Hotel Boutique Casareyna Puebla; Privada 2 Ote. 1007; Centro; Heróica Puebla de Zaragoza; 72000; Mexico,Heróica Puebla de Zaragoza,Mexico,1,Mexicana,,0
El Güero Marinero,C. 16 de Septiembre 907; Centro; Heróica Puebla de Zaragoza; 72000; Mexico,Heróica Puebla de Zaragoza,Mexico,1,Mexicana; Pescados y mariscos,,0
Moyuelo,Av. 7 Pte 312; Centro; Heróica Puebla de Zaragoza; 72000; Mexico,Heróica Puebla de Zaragoza,Mexico,1,Fusión; Asiática,,0
Jacinto y Yo,Av. 7 Pte. 112 A.; Centro-C; Heróica Puebla de Zaragoza; 72000; Mexico,Heróica Puebla de Zaragoza,Mexico,0,Mexicana,,0
"Semitas ""Beto""",C. 16 Nte. 401; Barrio de la Luz; Heróica Puebla de Zaragoza; 72377; Mexico,Heróica Puebla de Zaragoza,Mexico,0,Mexicana,,0
Los Camellos,C. 24 Sur 703; Azcarate; Heróica Puebla de Zaragoza; 72501; Mexico,Heróica Puebla de Zaragoza,Mexico,0,Mexicana,,0
El Bambis Café,Av. del Roble 300; Valle del Campestre; San Pedro Garza García; 66265; Mexico,San Pedro Garza García,Mexico,0,Mexicana,Merece la espera;Comer solo,0
Cultivo,C. 15 Sur 909; Barrio de Santiago; Heróica Puebla de Zaragoza; 72410; Mexico,Heróica Puebla de Zaragoza,Mexico,1,Mexicana; Creativa,,0
Tacos Doña Mary La Gritona,Av. Francisco I. Madero Ote; Centro; Monterrey; 64000; Mexico,Monterrey,Mexico,0,Mexicana,Merece la espera;Cocina local,0
Little Bird Dim Sum + Craft Beer,2958 W. 4th Ave.; Vancouver; V6K 1R4; Canadá,Vancouver,Canadá,1,China; Cantonesa,,0
Good Thief,3336 Main St.; Vancouver; V5V 3M7; Canadá,Vancouver,Canadá,1,Vietnamita; Actual,Tendencia,0
Karma Indian Bistro,2741 W. 4th Ave.; Vancouver; V6K 1P9; Canadá,Vancouver,Canadá,1,Hindú; Regional,,0
Anh and Chi,3388 Main St.; Vancouver; V5V 3M7; Canadá,Vancouver,Canadá,1,Vietnamita; Regional,Cocina local,0
Vij's,3106 Cambie St.; Vancouver; V5Z 2W2; Canadá,Vancouver,Canadá,1,Hindú; Regional,,0
Farmer's Apprentice,1535 W. 6th Ave.; Vancouver; V6J 1R1; Canadá,Vancouver,Canadá,1,Actual; Moderna,,0
Sushi Hil,3330 Main St.; Vancouver; V5V 3M7; Canadá,Vancouver,Canadá,1,Japonesa; Sushi,,0
Gary’s,1485 W. 12th Ave; Vancouver; V6H 1M6; Canadá,Vancouver,Canadá,1,Francesa; Actual,,0
Song (by Kin Kao),317 E. Broadway; Vancouver; V5T 1W5; Canadá,Vancouver,Canadá,1,Thai; Regional,,0
Phnom Penh,244 E. Georgia St.; Vancouver; V6A 1Z7; Canadá,Vancouver,Canadá,1,Vietnamita; Camboyana,,0
Cullum's Attaboy,111 Kings Ct.; San Antonio; TX; 78212; Estados Unidos,San Antonio,Estados Unidos,1,Francesa; Americana,,0
Lunch Lady,1046 Commercial Dr.; Vancouver; V5L 3W9; Canadá,Vancouver,Canadá,1,Vietnamita; Regional,,0
Southerleigh Fine Food & Brewery,136 E. Grayson St.; Ste. 120; San Antonio; TX; 78215; Estados Unidos,San Antonio,Estados Unidos,2,Americana; Cocina del Sur,,0
Mezquite,221 Newell Ave.; San Antonio; TX; 78215; Estados Unidos,San Antonio,Estados Unidos,2,Mexicana; Regional,,0
Odd Duck,1201 S. Lamar Blvd.; Austin; TX; 78704; Estados Unidos,Austin,Estados Unidos,2,Americana; Actual,Cocina local,0
Ladino,200 E. Grayson St. #100; San Antonio; TX; 78215; Estados Unidos,San Antonio,Estados Unidos,1,Cocina mediterránea; Regional,Familiar;Productos locales,0
Kemuri Tatsu-ya,2713 E. 2nd St.; Austin; TX; 78702; Estados Unidos,Austin,Estados Unidos,1,Izakaya; Barbacoa,,0
Emmer & Rye,51 Rainey St.; Austin; TX; 78701; Estados Unidos,Austin,Estados Unidos,2,Americana; Actual,Cocina local,0
Cozobi Fonda Fina,909 Walnut St.; Ste. 100; Boulder; CO; 80302; Estados Unidos,Boulder,Estados Unidos,1,Mexicana; Actual,,0
Dai Due,2406 Manor Rd.; Ste. A; Austin; TX; 78722; Estados Unidos,Austin,Estados Unidos,1,Americana; Regional,,0
Basta,3601 Arapahoe Ave.; Boulder; CO; 80303; Estados Unidos,Boulder,Estados Unidos,1,Actual,,0
Glo Noodle House,4450 W. 38th Ave.; Ste. 130; Denver; CO; 80212; Estados Unidos,Denver,Estados Unidos,1,Ramen,,0
Ash'Kara,2005 W. 33rd Ave.; Denver; CO; 80211; Estados Unidos,Denver,Estados Unidos,2,Cocina mediterránea; Cocina de Oriente Medio,,0
MAKfam,39 W. 1st Ave.; Denver; CO; 80223; Estados Unidos,Denver,Estados Unidos,0,China,,0
Tavernetta,Kimpton Hotel; 1889 16th St.; Denver; CO; 80202; Estados Unidos,Denver,Estados Unidos,2,Italiana; Actual,,0
Mister Oso,3163 Larimer St.; Denver; CO; 80205; Estados Unidos,Denver,Estados Unidos,1,Latinoamericana,,0
Pancho Maiz,C. 59; #437a; Parque de la Mejorada; Centro; Mérida; 97000; Mexico,Mérida,Mexico,1,Mexicana,Favorito del inspector,0
Taquerías Kisín,C. 30; #301 por 37 y 37 A.; San Ramón Nte.; Mérida; 97117; Mexico,Mérida,Mexico,1,Mexicana,,0
Pueblo Pibil,C. 21 & 28; N ° 180; Centro; Tixkokob; 97470; Mexico,Tixkokob,Mexico,1,Mexicana; Regional,,0
Blood Bros BBQ,5425 Bellaire Blvd.; Bellaire; TX; 77401; Estados Unidos,Bellaire,Estados Unidos,1,Barbacoa; Asiática,,0
Maximo,6119 Edloe St.; Houston; TX; 77005; Estados Unidos,Houston,Estados Unidos,1,Mexicana; Americana,Terraza agradable;Familiar,0
Rosie Cannonball,1620 Westheimer Rd.; Houston; TX; 77006; Estados Unidos,Houston,Estados Unidos,1,Actual; Italiana,,0
Annam,811 Buffalo Park Dr.; Ste. 120; Houston; TX; 77019; Estados Unidos,Houston,Estados Unidos,2,Vietnamita comtemporánea,,0
da Gama Canteen,600 N. Shepherd Dr.; Ste. 520; Houston; TX; 77007; Estados Unidos,Houston,Estados Unidos,1,Hindú; Portuguesa,,0
ChòpnBlọk,507 Westheimer Rd.; Houston; TX; 77006; Estados Unidos,Houston,Estados Unidos,1,Africana,,0
Manioca JK,Av. Pres. Juscelino Kubitschek; 2041 3º andar; São Paulo; 04543-011; Brasil,São Paulo,Brasil,1,Brasileña,,0
Nancy's Hustle,2704 Polk St.; Houston; TX; 77003; Estados Unidos,Houston,Estados Unidos,1,Actual,Cocina local,0
Theodore Rex,1302 Nance St.; Houston; TX; 77002; Estados Unidos,Houston,Estados Unidos,2,Actual,,0
Street to Kitchen,3401 Harrisburg Blvd.; Ste. G.; Houston; TX; 77003; Estados Unidos,Houston,Estados Unidos,1,Thai,Familiar;Cocina local,0
Fitó,Rua Cardeal Arcoverde 2773; São Paulo; 05407-004; Brasil,São Paulo,Brasil,1,Brasileña,Cocina local,0
Più Pinheiros,Rua Ferreira de Araújo 314; São Paulo; 05428-000; Brasil,São Paulo,Brasil,1,Italiana,,0
Capim Santo,Av. Brig. Faria Lima; 2705; São Paulo; 01451-000; Brasil,São Paulo,Brasil,0,Tradicional,Cocina local,0
Manioca da Mata,Rua da Mata; 212; São Paulo; 04531-020; Brasil,São Paulo,Brasil,1,Moderna,Romántico,0
Banzeiro,Rua Tabapuã 830; São Paulo; 04533-003; Brasil,São Paulo,Brasil,1,Brasileña,Familiar;Productos locales,0
Cepa,Praça Dos Omaguás 110; São Paulo; 05419-020; Brasil,São Paulo,Brasil,1,Actual; Cocina de mercado,Terraza agradable;Productos locales,0
Manioca,Avenida Brigadeiro Faria Lima; 2232 3º andar; São Paulo; 01489-900; Brasil,São Paulo,Brasil,1,Moderna,Familiar,0
AE! Cozinha,Rua Áurea 343; São Paulo; 04015-070; Brasil,São Paulo,Brasil,0,Brasileña,Productos locales,0
Brasserie Victória,Avenida Presidente Juscelino Kubitschek 545; São Paulo; 04543-010; Brasil,São Paulo,Brasil,0,Libanesa,Familiar,0
Le Bife,Rua Pedroso Alvarenga 1088; São Paulo; 04531-004; Brasil,São Paulo,Brasil,1,Carnes a la parrilla,Grupos,0
The Kith,Avenida Rebouças 3875; São Paulo; 05401-450; Brasil,São Paulo,Brasil,0,Brasileña,Comer solo,0
A Baianeira - MASP,Avenida Paulista 1510; São Paulo; 01310-200; Brasil,São Paulo,Brasil,1,Brasileña,Merece la espera,0
Tordesilhas,Alameda Tietê 489; São Paulo; 01417-020; Brasil,São Paulo,Brasil,1,Brasileña,Cocina local,0
Shihoma Pasta Fresca,Rua Medeiros De Albuquerque 431; São Paulo; 05436-060; Brasil,São Paulo,Brasil,1,Italiana,,0
Jiquitaia,Rua Coronel Oscar Porto 808; São Paulo; 04003-004; Brasil,São Paulo,Brasil,0,Brasileña,Cocina local,0
Tanit,Oscar Freire 145; São Paulo; 01426-001; Brasil,São Paulo,Brasil,1,Cocina mediterránea,Romántico,0
Ping Yang Thai Bar & Food,Rua Melo Alves 767; São Paulo; 01417-010; Brasil,São Paulo,Brasil,1,Tailandesa contemporánea,,0
Tabōa Cozinha Artesanal,Rua Medeiros de Albuquerque 313; São Paulo; 05436-060; Brasil,São Paulo,Brasil,1,Brasileña; Moderna,,0
Mocotó Vila Leopoldina,Rua Aroaba; 333; São Paulo; 05315-020; Brasil,São Paulo,Brasil,1,Brasileña,Terraza agradable,0
NOMO,Rua Harmonia 815; São Paulo; 05435-000; Brasil,São Paulo,Brasil,1,Actual,,0
Barú Marisquería,Rua Augusta 2542; São Paulo; 01412-100; Brasil,São Paulo,Brasil,1,Pescados y mariscos,,0
Zena Cucina,Rua Peixoto Gomide 1901; São Paulo; 01409-002; Brasil,São Paulo,Brasil,1,Italiana,Romántico,0
Kotori,Rua Cônego Eugênio Leite; 639; São Paulo; 05414-011; Brasil,São Paulo,Brasil,1,Japonesa,Comer solo,0
Corrutela,Rua Medeiros de Albuquerque 256; São Paulo; 05436-060; Brasil,São Paulo,Brasil,1,Cocina de temporada; Cocina de mercado,Productos locales,0
Balaio IMS,Avenida Paulista 2424; São Paulo; 01310-300; Brasil,São Paulo,Brasil,1,Brasileña,,0
Jacó,Rua Fidalga 357; São Paulo; 05432-070; Brasil,São Paulo,Brasil,1,Actual; Moderna,,0
Clandestina,Rua Girassol 833B; São Paulo; 05433-001; Brasil,São Paulo,Brasil,1,Actual,Terraza agradable;Tendencia,0
Cora,Rua Amaral Gurgel; 344 - 6º andar; São Paulo; 01221-000; Brasil,São Paulo,Brasil,1,Brasileña; Cocina de mercado,Terraza agradable,0
Più Higienópolis,Avenida Higienópolis 618; São Paulo; 01238-001; Brasil,São Paulo,Brasil,1,Italiana; Creativa,,0
Petí Gastronomia,Rua Cotoxó 110 - Loja Pintar; São Paulo; 05021-000; Brasil,São Paulo,Brasil,0,Moderna,Comer solo,0
Cuia,Av. Ipiranga; 200 - Loja 48; São Paulo; 01046-010; Brasil,São Paulo,Brasil,1,Creativa,Cocina local,0
A Casa do Porco,Rua Araujo 124; São Paulo; 01220-020; Brasil,São Paulo,Brasil,1,Cocina especializada en cerdo; Brasileña,Productos locales,0
Ecully,Rua Cotoxó 493; São Paulo; 05021-000; Brasil,São Paulo,Brasil,1,Internacional,Terraza agradable,0
Belly of the Beast,5200 FM 2920 Rd.; Ste. 180; Spring; TX; 77388; Estados Unidos,Spring,Estados Unidos,1,Mexicana; Actual,Familiar;Grupos,0
Komah,Rua Cônego Vicente Miguel Marino 378; São Paulo; 01135-020; Brasil,São Paulo,Brasil,1,Coreana,,0
Mocotó Vila Medeiros,Avenida Nossa Senhora do Loreto 1100; São Paulo; 02219-001; Brasil,São Paulo,Brasil,0,Brasileña,Merece la espera;Cocina local,0
Lucia,287 N. Bishop Ave.; Dallas; TX; 75208; Estados Unidos,Dallas,Estados Unidos,2,Italiana,,0
nonna,4115 Lomo Alto Dr.; Dallas; TX; 75219; Estados Unidos,Dallas,Estados Unidos,2,Italiana,,0
Một Hai Ba,6047 Lewis St.; Dallas; TX; 75206; Estados Unidos,Dallas,Estados Unidos,1,Fusión; Vietnamita,,0
Gemma,2323 N. Henderson Ave.; Ste. 109; Dallas; TX; 75206; Estados Unidos,Dallas,Estados Unidos,2,Americana,,0
Mestixa,Avenida Satélite S/N; Tulum; 77760; Mexico,Tulum,Mexico,1,Fusión; Mexicana,,0
Cetli,Carr. Tulum-Coba Km. 2.5; Villas Tulum; Tulum; 77764; Mexico,Tulum,Mexico,1,Mexicana,,0
Axiote Cocina de Mexico,C. 34 Norte; #128; Lote 11-065; Gonzalo Guerrero; Playa del Carmen; 77710; Mexico,Playa del Carmen,Mexico,1,Mexicana,,0
Punta Corcho,Av. Rafael E. Melgar; SM01; MZ6; Lt. 01-01; Puerto Morelos; 77580; Mexico,Puerto Morelos,Mexico,1,Pescados y mariscos; Mexicana,,0
Pici Trattoria,Rua Barão da Torre 348; Rio de Janeiro; 22411-000; Brasil,Rio de Janeiro,Brasil,1,Italiana,,0
Koral,Rua Barão Da Torre; 446; Rio de Janeiro; 22411-000; Brasil,Rio de Janeiro,Brasil,1,Moderna,Terraza agradable,0
Maria e o Boi,Rua Maria Quitéria 111; Rio de Janeiro; 22410-040; Brasil,Rio de Janeiro,Brasil,0,Tradicional; Carnes a la parrilla,Cocina local,0
Artigiano,Avenida Epitácio Pessoa 204; Rio de Janeiro; 22471-002; Brasil,Rio de Janeiro,Brasil,0,Italiana,,0
Sult,Rua Fernandes Guimarães; 77; Rio de Janeiro; 22290-000; Brasil,Rio de Janeiro,Brasil,1,Italiana contemporánea,,0
Didier,Rua Vinícius de Moraes; 124; A; Ipanema; Rio de Janeiro; 22411-010; Brasil,Rio de Janeiro,Brasil,1,Francesa contemporánea,Terraza agradable;Comer solo,0
Miam Miam,Rua General Góis Monteiro 34; Rio de Janeiro; 22290-080; Brasil,Rio de Janeiro,Brasil,1,Moderna,Familiar;Cocina local,0
Brota,Rua Conde de Irajá; 98; Rio de Janeiro; 22271-020; Brasil,Rio de Janeiro,Brasil,0,Vegetariana,,0
Mister Mao,4501 Tchoupitoulas St.; New Orleans; LA; 70115; Estados Unidos,New Orleans,Estados Unidos,1,Asiática; Actual,,0
Saba,5757 Magazine St.; Ste. A; New Orleans; LA; 70115; Estados Unidos,New Orleans,Estados Unidos,1,Cocina de Oriente Medio,,0
Hungry Eyes,4206 Magazine St.; New Orleans; LA; 70115; Estados Unidos,New Orleans,Estados Unidos,1,Fusión,,0
Turkey and the Wolf,739 Jackson Ave.; New Orleans; LA; 70130; Estados Unidos,New Orleans,Estados Unidos,0,Deli; Americana,Familiar;Grupos,0
Lufu Nola,301 Saint Charles Ave.; New Orleans; LA; 70130; Estados Unidos,New Orleans,Estados Unidos,1,Hindú; Actual,,0
Cochon,930 Tchoupitoulas St.; New Orleans; LA; 70130; Estados Unidos,New Orleans,Estados Unidos,1,Americana; Cajún,Familiar;Cocina local,0
Acamaya,3070 Dauphine St.; New Orleans; LA; 70117; Estados Unidos,New Orleans,Estados Unidos,1,Mexicana; Pescados y mariscos,Grupos;Tendencia,0
Dooky Chase,2301 Orleans Ave.; New Orleans; LA; 70119; Estados Unidos,New Orleans,Estados Unidos,1,Criolla; Americana,Un clásico;Cocina local,0
A Mano Panino,The Historic Sacred Heart Hospital; 1010 N. 12th Ave.; Ste. 128; Pensacola; FL; 32501; Estados Unidos,Pensacola,Estados Unidos,0,Italiana; Regional,,0
The Noble South,203 Dauphin St.; Mobile; AL; 36602; Estados Unidos,Mobile,Estados Unidos,1,Americana,,0
Hog & Hominy,707 W. Brookhaven Cir.; Memphis; TN; 38117; Estados Unidos,Memphis,Estados Unidos,1,Italo-Americana; Pizza,Grupos;Cocina local,0
Moondog Cafe & Bakery,823 Whitehead St.; Key West; FL; 33040; Estados Unidos,Key West,Estados Unidos,1,Americana,,0
La Fête,2018 Morris Ave.; Birmingham; AL; 35203; Estados Unidos,Birmingham,Estados Unidos,1,Francesa,,0
Bayonet,2015 2nd Ave. N.; Birmingham; AL; 35203; Estados Unidos,Birmingham,Estados Unidos,1,Pescados y mariscos,,0
Lucky 8,1812 S. Osprey Ave.; Sarasota; FL; 34239; Estados Unidos,Sarasota,Estados Unidos,1,Americana; Criolla,,0
Canary Club,10610 Founders Way; Ste. 140; Bonita Springs; FL; 34135; Estados Unidos,Bonita Springs,Estados Unidos,1,Pizza; Cocina de Oriente Medio,,0
Streetlight Taco,4004 Henderson Blvd.; Tampa; FL; 33629; Estados Unidos,Tampa,Estados Unidos,1,Mexicana,Cocina local,0
Psomi,701 N. Howard Ave.; Tampa; FL; 33606; Estados Unidos,Tampa,Estados Unidos,1,Griega,,0
Rooster and the Till,6500 N. Florida Ave.; Tampa; FL; 33604; Estados Unidos,Tampa,Estados Unidos,1,Internacional,,0
Gorkhali Kitchen,10044 Cross Creek Blvd.; Tampa; FL; 33647; Estados Unidos,Tampa,Estados Unidos,1,Nepalí; Hindú,Cocina local,0
Ghee Indian Kitchen,8965 S.W. 72nd Pl.; Miami; FL; 33156; Estados Unidos,Miami,Estados Unidos,1,Hindú,,0
Tinta y Cafe,1315 Ponce De Leon Blvd.; Coral Gables; FL; 33134; Estados Unidos,Coral Gables,Estados Unidos,0,Cubana; Regional,Familiar;Cocina local,0
Chug's Diner,3444 Main Hwy.; Ste. 21; Miami; FL; 33133; Estados Unidos,Miami,Estados Unidos,1,Cubana,Familiar;Cocina local,0
Zitz Sum,396 Alhambra Cir.; Ste. 155; Coral Gables; FL; 33134; Estados Unidos,Coral Gables,Estados Unidos,1,Asiática; Fusión,Familiar;Cocina local,0
To Be Determined,2240 S.W. 32nd Ave.; Miami; FL; 33145; Estados Unidos,Miami,Estados Unidos,1,Cocina de temporada,,0
Bachour,2020 Salzedo St.; Ste. 103; Miami; FL; 33134; Estados Unidos,Miami,Estados Unidos,1,Actual; Panadería,,0
Sanguich De Miami,2057 S.W. 8th St.; Miami; FL; 33135; Estados Unidos,Miami,Estados Unidos,1,Cubana,Merece la espera;Cocina local,0
Tam Tam,99 N.W. 1st St.; Miami; FL; 33128; Estados Unidos,Miami,Estados Unidos,1,Vietnamita,,0
Hometown Barbecue Miami,1200 N.W. 22nd St.; #100; Miami; FL; 33142; Estados Unidos,Miami,Estados Unidos,1,Barbacoa,,0
Mandolin Aegean Bistro,4312 N.E. 2nd Ave.; Miami; FL; 33137; Estados Unidos,Miami,Estados Unidos,1,Cocina mediterránea; Turca,Terraza agradable;Familiar,0
Michael's Genuine,130 N.E. 40th St.; Miami; FL; 33137; Estados Unidos,Miami,Estados Unidos,2,Actual; Americana,Familiar;Cocina local,0
Phuc Yea,7100 Biscayne Blvd.; Miami; FL; 33138; Estados Unidos,Miami,Estados Unidos,1,Vietnamita,,0
El Turco,184 N.E. 50th Terr.; Miami; FL; 33137; Estados Unidos,Miami,Estados Unidos,1,Cocina mediterránea,,0
Double Luck,1085 N.E. 79th St.; Miami; FL; 33138; Estados Unidos,Miami,Estados Unidos,1,China,Familiar,0
La Natural,7289 N.W. 2nd Ave.; Miami; FL; 33150; Estados Unidos,Miami,Estados Unidos,1,Pizza,Cocina local;Tendencia,0
Lucali,1930 Bay Rd.; Miami Beach; FL; 33139; Estados Unidos,Miami Beach,Estados Unidos,1,Pizza,Familiar,0
Cotoa,12475 N.E. 6th Ct.; North Miami; FL; 33161; Estados Unidos,North Miami,Estados Unidos,1,Latinoamericana,,0
St. Vito Focacceria,605 Mansion St.; Nashville; TN; 37203; Estados Unidos,Nashville,Estados Unidos,1,Siciliana; Pizza,,0
Barra Callao,17034 W. Dixie Hwy.; North Miami Beach; FL; 33160; Estados Unidos,North Miami Beach,Estados Unidos,1,Peruana; Pescados y mariscos,Cocina local,0
Sho Pizza Bar,1309 McGavock Pk.; Nashville; TN; 37216; Estados Unidos,Nashville,Estados Unidos,1,Pizza; Actual,Familiar;Grupos,0
Peninsula,1035 W. Eastland Ave.; Nashville; TN; 37206; Estados Unidos,Nashville,Estados Unidos,2,Española,,0
Norigami,426 W. Plant St.; Winter Garden; FL; 34787; Estados Unidos,Winter Garden,Estados Unidos,2,Japonesa; Sushi,Cocina local,0
Heritage,903 N.E. 5th Ave.; Fort Lauderdale; FL; 33304; Estados Unidos,Fort Lauderdale,Estados Unidos,1,Pizza,Grupos;Cocina local,0
Bombay Street Kitchen,6215 S. Orange Blossom Trl.; Orlando; FL; 32809; Estados Unidos,Orlando,Estados Unidos,1,Hindú,,0
Isan Zaap,4693 Gardens Park Blvd.; Ste 119; Orlando; FL; 32839; Estados Unidos,Orlando,Estados Unidos,1,Thai,,0
Sushi Saint,400 Pittman St.; Ste. A; Orlando; FL; 32801; Estados Unidos,Orlando,Estados Unidos,1,Japonesa,,0
UniGirl,1110 E. Colonial Dr.; Orlando; FL; 32803; Estados Unidos,Orlando,Estados Unidos,0,Japonesa; Onigiri,Cocina local,0
Zaru,1110 E. Colonial Dr.; Orlando; FL; 32803; Estados Unidos,Orlando,Estados Unidos,1,Japonesa; Udon,Familiar;Cocina local,0
Bánh Mì Boy,1110 E. Colonial Dr.; Orlando; FL; 32803; Estados Unidos,Orlando,Estados Unidos,1,Vietnamita,Cocina local,0
Smokemade Meats + Eats,1400 S. Crystal Lake Dr.; Orlando; FL; 32806; Estados Unidos,Orlando,Estados Unidos,1,Barbacoa,Grupos,0
Strand,807 N. Mills Ave.; Orlando; FL; 32803; Estados Unidos,Orlando,Estados Unidos,1,Americana; Actual,,0
Otto's High Dive,2304 E. Robinson St.; Orlando; FL; 32803; Estados Unidos,Orlando,Estados Unidos,1,Cubana; Americana,Cocina local,0
Coro,3022 Corrine Dr.; Orlando; FL; 32803; Estados Unidos,Orlando,Estados Unidos,2,Actual,Romántico;Cocina local,0
Domu,3201 Corrine Dr.; #100; Orlando; FL; 32803; Estados Unidos,Orlando,Estados Unidos,1,Ramen; Japonesa,,0
Taste of Chengdu,4856 New Broad St.; Orlando; FL; 32814; Estados Unidos,Orlando,Estados Unidos,1,China; Cocina de Sichuan,,0
The Ravenous Pig,565 W. Fairbanks Ave.; Winter Park; FL; 32789; Estados Unidos,Winter Park,Estados Unidos,1,Gastro-Pub,,0
Palm Beach Meats,4812 S. Dixie Hwy.; West Palm Beach; FL; 33405; Estados Unidos,West Palm Beach,Estados Unidos,1,Americana,,0
Little Bear,71-A Georgia Ave. SE; Ste. A; Atlanta; GA; 30312; Estados Unidos,Atlanta,Estados Unidos,1,Actual,Cocina local,0
aioli,7434 S. Dixie Hwy.; West Palm Beach; FL; 33405; Estados Unidos,West Palm Beach,Estados Unidos,1,Americana,,0
Bomb Biscuit Co.,519 Memorial Dr. SE; Ste. B-02; Atlanta; GA; 30312; Estados Unidos,Atlanta,Estados Unidos,0,Cocina del Sur,Cocina local,0
Superica,99 Krog St.; Atlanta; GA; 30307; Estados Unidos,Atlanta,Estados Unidos,1,Tex-Mex,,0
Table & Main,1028 Canton St.; Roswell; GA; 30075; Estados Unidos,Roswell,Estados Unidos,1,Cocina del Sur,,0
Sunday,73 San Marco Ave.; St. Augustine; FL; 32084; Estados Unidos,St. Augustine,Estados Unidos,1,Actual,,0
Bar Citra,Citra at Fort Mose; 3676 N. Ponce De Leon Blvd.; St. Augustine; FL; 32084; Estados Unidos,St. Augustine,Estados Unidos,1,Actual,,0
Lula Cafe,2537 N. Kedzie Ave.; Chicago; IL; 60647; Estados Unidos,Chicago,Estados Unidos,1,Americana,Productos locales;Cocina local,0
Longman & Eagle,2657 N. Kedzie Ave.; Chicago; IL; 60647; Estados Unidos,Chicago,Estados Unidos,1,Gastro-Pub,Familiar;Cocina local,0
Giant,3209 W. Armitage Ave.; Chicago; IL; 60647; Estados Unidos,Chicago,Estados Unidos,1,Americana,,0
Superkhana International,3059 W. Diversey Ave.; Chicago; IL; 60647; Estados Unidos,Chicago,Estados Unidos,1,Hindú; Fusión,Familiar,0
"Table, Donkey and Stick",2728 W. Armitage Ave.; Chicago; IL; 60647; Estados Unidos,Chicago,Estados Unidos,1,Alpina,Productos locales;Cocina local,0
Mi Tocaya,2800 W. Logan Blvd.; Chicago; IL; 60647; Estados Unidos,Chicago,Estados Unidos,1,Mexicana,Familiar;Cocina local,0
HaiSous,1800 S. Carpenter Ave.; Chicago; IL; 60608; Estados Unidos,Chicago,Estados Unidos,1,Vietnamita,,0
Daisies,2375 Milwaukee Ave.; Chicago; IL; 60647; Estados Unidos,Chicago,Estados Unidos,1,Italiana,Familiar;Productos locales,0
Union,2202 N. California Ave.; Chicago; IL; 60647; Estados Unidos,Chicago,Estados Unidos,1,Americana; Gastro-Pub,Cocina local,0
Lardon,2200 California Ave.; Chicago; IL; 60647; Estados Unidos,Chicago,Estados Unidos,1,Deli; Italiana,Terraza agradable;Familiar,0
Cellar Door Provisions,3025 W. Diversey Ave.; Chicago; IL; 60647; Estados Unidos,Chicago,Estados Unidos,1,Cocina mediterránea,Productos locales,0
Mott St.,1401 N. Ashland Ave.; Chicago; IL; 60622; Estados Unidos,Chicago,Estados Unidos,2,Fusión; Actual,,0
Chef’s Special Cocktail Bar,2165 N. Western Ave.; Chicago; IL; 60647; Estados Unidos,Chicago,Estados Unidos,1,China; Americana,,0
Mirra,1954 W. Armitage Ave.; Chicago; IL; 60622; Estados Unidos,Chicago,Estados Unidos,1,Fusión; Mexicana,,0
Girl & The Goat,809 W. Randolph St.; Chicago; IL; 60607; Estados Unidos,Chicago,Estados Unidos,2,Actual; Americana,,0
Frontera Grill,445 N. Clark St.; Chicago; IL; 60654; Estados Unidos,Chicago,Estados Unidos,1,Mexicana,Familiar;Cocina local,0
Virtue,1462 E. 53rd St.; Chicago; IL; 60615; Estados Unidos,Chicago,Estados Unidos,1,Cocina del Sur; Regional,,0
Ciccio Mio,226 W. Kinzie St.; Chicago; IL; 60654; Estados Unidos,Chicago,Estados Unidos,1,Italiana; Americana,,0
Nadu,2518 N. Lincoln Ave.; Chicago; IL; 60614; Estados Unidos,Chicago,Estados Unidos,1,Hindú,,0
Sochi,1358 W. Belmont Ave.; Chicago; IL; 60657; Estados Unidos,Chicago,Estados Unidos,1,Vietnamita,,0
Gilt Bar,230 W. Kinzie St.; Chicago; IL; 60654; Estados Unidos,Chicago,Estados Unidos,1,Gastro-Pub,Terraza agradable;Familiar,0
Perilla,401 N. Milwaukee Ave.; Chicago; IL; 60654; Estados Unidos,Chicago,Estados Unidos,1,Coreana; Americana,,0
Sifr,660 N. Orleans St.; Chicago; IL; 60654; Estados Unidos,Chicago,Estados Unidos,1,Cocina de Oriente Medio,,0
Boonie's,4337 N. Western Ave.; Chicago; IL; 60618; Estados Unidos,Chicago,Estados Unidos,1,Filipina,Familiar;Cocina local,0
Munno Pizzeria & Bistro,4656 N. Clark St.; Chicago; IL; 60640; Estados Unidos,Chicago,Estados Unidos,1,Pizza; Italiana,,0
Kie-Gol-Lanee,5004 N. Sheridan Rd.; Chicago; IL; 60640; Estados Unidos,Chicago,Estados Unidos,1,Mexicana,,0
Luminosa,The Flat Iron Hotel; 20 Battery Park Ave.; Asheville; NC; 28801; Estados Unidos,Asheville,Estados Unidos,1,Italiana; Cocina del Sur,Romántico;Productos locales,0
Leon's Oyster Shop,698 King St.; Charleston; SC; 29403; Estados Unidos,Charleston,Estados Unidos,1,Pescados y mariscos,,0
Lapis,1847 Columbia Rd. NW; Washington; DC; 20009; Estados Unidos,Washington,Estados Unidos,1,Afgana,,0
7 Enoteca,216 Lakeshore Rd. E.; Oakville; L6J 7N9; Canadá,Oakville,Canadá,1,Italiana; Pizza,Terraza agradable;Familiar,0
Amparo Fondita,2002 P St. NW; Washington; DC; 20036; Estados Unidos,Washington,Estados Unidos,1,Mexicana; Actual,Tendencia,0
Residents Cafe & Bar,1306 18th St. NW; Washington; DC; 20036; Estados Unidos,Washington,Estados Unidos,1,Actual,,0
Sababa,3311 Connecticut Ave. NW; Washington; DC; 20008; Estados Unidos,Washington,Estados Unidos,1,Cocina mediterránea,Cocina local,0
Astoria DC,1521 17th St. NW; Washington; DC; 20036; Estados Unidos,Washington,Estados Unidos,1,Asiática; Cocina de Sichuan,Cocina local,0
Zaytinya,701 9th St. NW; Washington; DC; 20001; Estados Unidos,Washington,Estados Unidos,2,Cocina mediterránea,,0
Dauphine's,1100 15th St. NW; Washington; DC; 20005; Estados Unidos,Washington,Estados Unidos,1,Criolla; Creativa,,0
Oyamel,401 7th St. NW; Washington; DC; 20004; Estados Unidos,Washington,Estados Unidos,1,Mexicana,Familiar;Cocina local,0
L’Ardente,200 Massachusetts Ave. NW; Ste. 100; Washington; DC; 20001; Estados Unidos,Washington,Estados Unidos,1,Italiana,,0
Karizma Modern Indian,611 I St. NW; Washington; DC; 20001; Estados Unidos,Washington,Estados Unidos,1,Hindú; Actual,Familiar,0
Queen’s English,3410 11th St. NW; Washington; DC; 20010; Estados Unidos,Washington,Estados Unidos,1,China; Actual,Romántico,0
Ellē,3221 Mt. Pleasant St. NW; Washington; DC; 20010; Estados Unidos,Washington,Estados Unidos,1,Actual; Panadería,Cocina local,0
The Red Hen,1822 1st St. NW; Washington; DC; 20001; Estados Unidos,Washington,Estados Unidos,1,Italiana,Familiar,0
Cane,403 H St. NE; Washington; DC; 20002; Estados Unidos,Washington,Estados Unidos,1,Caribeña; Regional,,0
Stellina Pizzeria,399 Morse St. NE; Washington; DC; 20002; Estados Unidos,Washington,Estados Unidos,1,Pizza; Italiana,,0
Maketto,1351 H St. NE; Washington; DC; 20002; Estados Unidos,Washington,Estados Unidos,1,Asiática,,0
Hitching Post,200 Upshur St. NW; Washington; DC; 20011; Estados Unidos,Washington,Estados Unidos,1,Cocina del Sur; Regional,,0
Daru,1451 Maryland Ave. NE; Washington; DC; 20002; Estados Unidos,Washington,Estados Unidos,1,Hindú; Regional,,0
Toki Underground,1234 H St. NE; Washington; DC; 20002; Estados Unidos,Washington,Estados Unidos,1,Japonesa; Ramen,,0
The Ace,231A Roncesvalles Ave.; Toronto; M5R 2L6; Canadá,Toronto,Canadá,1,Gastro-Pub,Familiar;Productos locales,0
BB's,5 Brock Ave.; Toronto; M6K 2K6; Canadá,Toronto,Canadá,1,Filipina,Terraza agradable;Familiar,0
Enoteca Sociale,1288 Dundas St. W.; Toronto; M6J 1X7; Canadá,Toronto,Canadá,1,Italiana; Romana,Romántico;Cocina local,0
Ivy City Smokehouse,1356 Okie St. NE; Washington; DC; 20002; Estados Unidos,Washington,Estados Unidos,1,Pescados y mariscos; Barbacoa,Terraza agradable;Familiar,0
Conejo Negro,838 College St.; Toronto; M6H 1A2; Canadá,Toronto,Canadá,1,Caribeña; Latinoamericana,Familiar,0
Favorites Thai,141 Ossington Ave.; Toronto; M6J 2Z6; Canadá,Toronto,Canadá,1,Thai,,0
Mhel,276 Havelock St.; Toronto; M6H 3B9; Canadá,Toronto,Canadá,2,Coreana contemporánea; Japonesa contemporánea,,0
Alma,1194 Bloor St. W.; Toronto; M6H 1N2; Canadá,Toronto,Canadá,2,Asiática,Cocina local,0
Campechano,504 Adelaide St.; Toronto; M5V 1T5; Canadá,Toronto,Canadá,1,Mexicana,,0
R&D,241 Spadina Ave.; Toronto; M5T 2E2; Canadá,Toronto,Canadá,2,Fusión; China,,0
Rasa,196 Robert St.; Toronto; M5S 2K7; Canadá,Toronto,Canadá,1,Actual,,0
The Cottage Cheese,64 Oxford St.; Toronto; M5T 1P1; Canadá,Toronto,Canadá,1,Hindú,Familiar;Cocina local,0
Grey Gardens,199 Augusta Ave.; Toronto; M5T 2L4; Canadá,Toronto,Canadá,2,Actual; Pescados y mariscos,,0
Sunnys Chinese,60 Kensington Ave.; Toronto; M5T 2K1; Canadá,Toronto,Canadá,1,China,Familiar;Grupos,0
Indian Street Food Company,1701 Bayview Ave.; Toronto; M4G 3C1; Canadá,Toronto,Canadá,1,Hindú,,0
DUO Gastrobar-Creek Harbour,Grand Creek Harbour Residence; Tower 2; Dubai Creek Harbour; Dubái; Dubai,Dubái,Dubai,1,Moderna,Comer solo,0
REIF Japanese Kushiyaki - Dubai Hills,Building 3; Dubai Hills Estate Business Park; Dubai Hills; Dubái; Dubai,Dubái,Dubai,1,Japonesa contemporánea,,0
Teible,Jameel Arts Centre; Jaddaf Waterfront; Dubái; Dubai,Dubái,Dubai,1,Moderna,Productos locales,0
Revelry,Building 1; Dubai Hills Estate Business Park; Dubai Hills; Dubái; Dubai,Dubái,Dubai,0,Hindú,,0
DUO Gastrobar-Dubai Hills,Building 4; Dubai Hills Estate Business Park; Dubai Hills; Dubái; Dubai,Dubái,Dubai,1,Moderna,Terraza agradable,0
Shabestan,Radisson Blu Hotel; Baniyas Road; Deira Creek; Dubái; Dubai,Dubái,Dubai,1,Cocina de Oriente Medio,Un clásico,0
Indya by Vineet,Le Royal Meridien Beach Resort & Spa Hotel; Al Mamsha Street; Dubái; Dubai,Dubái,Dubai,2,Hindú,,0
REIF Japanese Kushiyaki - Dar Wasl,Unit 70; Dar Wasl Mall; Al Wasl Road; Dubái; Dubai,Dubái,Dubai,0,Japonesa contemporánea,,0
El Chingon,1524 S. 10th St.; Philadelphia; PA; 19147; Estados Unidos,Philadelphia,Estados Unidos,1,Mexicana,Familiar;Cocina local,0
Sally,2229 Spruce St.; Philadelphia; PA; 19103; Estados Unidos,Philadelphia,Estados Unidos,1,Pizza,,0
Fiorella,817 Christian St.; Philadelphia; PA; 19147; Estados Unidos,Philadelphia,Estados Unidos,1,Italiana,,0
Dizengoff,1625 Sansom St.; Philadelphia; PA; 19103; Estados Unidos,Philadelphia,Estados Unidos,1,Israelí,,0
Royal Sushi & Izakaya,780 S. 2nd St.; Philadelphia; PA; 19147; Estados Unidos,Philadelphia,Estados Unidos,1,Japonesa; Izakaya,Romántico;Cocina local,0
Pizzeria Beddia,1313 N. Lee St.; Philadelphia; PA; 19122; Estados Unidos,Philadelphia,Estados Unidos,1,Pizza,,0
ťazal,Al Qana Marina South; Al Maqta' Street; Abu Dhabi,Abu Dhabi,Abu Dhabi,1,Cocina mediterránea; Creativa,,0
Almayass,The Galleria Mall Al Maryah Island; Level 1; Abu Dhabi,Abu Dhabi,Abu Dhabi,1,Libanesa; Armenia,Comer solo;Grupos,0
Beirut Sur Mer,Lilac 5; Jacques Chirac Street; Saadiyat Cultural District; Soul Beach; Al Saadiyat Island; Abu Dhabi,Abu Dhabi,Abu Dhabi,1,Libanesa,Terraza agradable,0
Tanoreen,7523 Third Ave.; Brooklyn; NY; 11209; Estados Unidos,Brooklyn,Estados Unidos,1,Cocina de Oriente Medio,,0
Yemenat,7721 5th Ave.; Brooklyn; NY; 11209; Estados Unidos,Brooklyn,Estados Unidos,0,Cocina de Oriente Medio,Cocina local,0
Chuan Tian Xia,5502 Seventh Ave.; Brooklyn; NY; 11220; Estados Unidos,Brooklyn,Estados Unidos,1,China; Cocina de Sichuan,,0
Runner Up,499 11th St.; Brooklyn; NY; 11215; Estados Unidos,Brooklyn,Estados Unidos,1,Americana; Actual,,0
LORE,441 7th Ave.; Brooklyn; NY; 11215; Estados Unidos,Brooklyn,Estados Unidos,1,Actual; Cocina del Sudeste Asiático,,0
Alta Calidad,552 Vanderbilt Ave.; Brooklyn; NY; 11238; Estados Unidos,Brooklyn,Estados Unidos,1,Mexicana; Actual,,0
C as in Charlie,5 Bleecker St.; Nueva York; NY; 10012; Estados Unidos,Nueva York,Estados Unidos,1,Fusión,,0
Cervo’s,43 Canal St.; Nueva York; NY; 10002; Estados Unidos,Nueva York,Estados Unidos,2,Española; Pescados y mariscos,Romántico;Cocina local,0
Haenyeo,239 Fifth Ave.; Brooklyn; NY; 11215; Estados Unidos,Brooklyn,Estados Unidos,1,Coreana; Coreana contemporánea,Familiar,0
Sami & Susu,190 Orchard St.; Nueva York; NY; 10002; Estados Unidos,Nueva York,Estados Unidos,1,Cocina mediterránea,Cocina local,0
Bungalow,24 1st Ave.; Nueva York; NY; 10009; Estados Unidos,Nueva York,Estados Unidos,2,Hindú,Familiar;Tendencia,0
8282,84 Stanton St.; Nueva York; NY; 10002; Estados Unidos,Nueva York,Estados Unidos,1,Coreana; Fusión,Familiar,0
Pranakhon,88 University Pl.; Nueva York; NY; 10003; Estados Unidos,Nueva York,Estados Unidos,2,Thai,Grupos,0
Una Pizza Napoletana,175 Orchard St.; Nueva York; NY; 10002; Estados Unidos,Nueva York,Estados Unidos,1,Pizza,,0
Tolo,28 Canal St.; Nueva York; NY; 10002; Estados Unidos,Nueva York,Estados Unidos,1,China,Romántico;Cocina local,0
Dhamaka,119 Delancey St.; Nueva York; NY; 10002; Estados Unidos,Nueva York,Estados Unidos,1,Hindú,Terraza agradable;Cocina local,0
Nami Nori,33 Carmine St.; Nueva York; NY; 10014; Estados Unidos,Nueva York,Estados Unidos,0,Japonesa; Creativa,,0
Pinch Chinese,177 Prince St.; Nueva York; NY; 10012; Estados Unidos,Nueva York,Estados Unidos,1,China; Regional,Grupos,0
Café Mars,272 3rd Ave.; Brooklyn; NY; 11215; Estados Unidos,Brooklyn,Estados Unidos,2,Actual; Italiana,,0
Thai Diner,186 Mott St.; Nueva York; NY; 10012; Estados Unidos,Nueva York,Estados Unidos,1,Thai; Fusión,Merece la espera,0
Miss Ada,184 DeKalb Ave.; Brooklyn; NY; 11205; Estados Unidos,Brooklyn,Estados Unidos,1,Israelí; Cocina de Oriente Medio,Terraza agradable;Cocina local,0
CheLi,19 St. Marks Pl.; Nueva York; NY; 10003; Estados Unidos,Nueva York,Estados Unidos,1,China; Cocina de Shanghái,Familiar;Grupos,0
Laliko,80 Carmine St.; Nueva York; NY; 10014; Estados Unidos,Nueva York,Estados Unidos,1,Cocina de Asia Central,,0
Coqodaq,12 E. 22nd St.; Nueva York; NY; 10010; Estados Unidos,Nueva York,Estados Unidos,1,Coreana,,0
Soda Club,95 Avenue A; Nueva York; NY; 10009; Estados Unidos,Nueva York,Estados Unidos,1,Vegana; Italo-Americana,Romántico,0
Noreetuh,128 First Ave.; Nueva York; NY; 10009; Estados Unidos,Nueva York,Estados Unidos,1,Fusión,,0
MáLà Project,122 First Ave.; Nueva York; NY; 10009; Estados Unidos,Nueva York,Estados Unidos,1,China; Cocina de Sichuan,,0
Peppercorn Station,66 W. 39th St.; Nueva York; NY; 10018; Estados Unidos,Nueva York,Estados Unidos,1,China; Cocina de Sichuan,,0
Momofuku Noodle Bar,171 First Ave.; Nueva York; NY; 10003; Estados Unidos,Nueva York,Estados Unidos,1,Asiática,,0
Chalong Southern Thai,749 9th Ave.; Nueva York; NY; 10019; Estados Unidos,Nueva York,Estados Unidos,2,Thai; Surtailandesa,,0
Odre,199 2nd Ave.; Nueva York; NY; 10003; Estados Unidos,Nueva York,Estados Unidos,1,Coreana,Romántico,0
Tonchin,13 W. 36th St.; Nueva York; NY; 10018; Estados Unidos,Nueva York,Estados Unidos,0,Japonesa; Ramen,Familiar,0
Shalom Japan,301 S. 4th St.; Brooklyn; NY; 11211; Estados Unidos,Brooklyn,Estados Unidos,1,Fusión; Asiática,Terraza agradable;Cocina local,0
HanGawi,12 E. 32nd St.; Nueva York; NY; 10016; Estados Unidos,Nueva York,Estados Unidos,1,Coreana; Vegetariana,,0
Little Alley,550 Third Ave.; Nueva York; NY; 10016; Estados Unidos,Nueva York,Estados Unidos,1,China; Cocina de Shanghái,,0
Speedy Romeo,376 Classon Ave.; Brooklyn; NY; 11238; Estados Unidos,Brooklyn,Estados Unidos,1,Pizza,Familiar;Cocina local,0
Yellow Rose,102 Third Ave.; Nueva York; NY; 10003; Estados Unidos,Nueva York,Estados Unidos,1,Tex-Mex,Familiar,0
Ishq,202 Ave. A.; Nueva York; NY; 10009; Estados Unidos,Nueva York,Estados Unidos,2,Hindú,Familiar;Cocina local,0
Ruffian,125 E. 7th St.; Nueva York; NY; 10009; Estados Unidos,Nueva York,Estados Unidos,1,Actual; Creativa,Cocina local,0
La Dong,11 E. 17th St.; Nueva York; NY; 10003; Estados Unidos,Nueva York,Estados Unidos,1,Vietnamita,,0
Sobre Masa,52 Harrison Pl.; Brooklyn; NY; 11237; Estados Unidos,Brooklyn,Estados Unidos,1,Mexicana,,0
Roberta's,261 Moore St.; Brooklyn; NY; 11206; Estados Unidos,Brooklyn,Estados Unidos,1,Pizza,,0
Lungi,1136 1st Ave.; Nueva York; NY; 10065; Estados Unidos,Nueva York,Estados Unidos,2,Cocina de Sri Lanka; Hindú,Cocina local,0
Win Son,159 Graham Ave.; Brooklyn; NY; 11206; Estados Unidos,Brooklyn,Estados Unidos,2,China; Taiwanesa,,0
Bonnie's,398 Manhattan Ave.; Brooklyn; NY; 11211; Estados Unidos,Brooklyn,Estados Unidos,2,Cantonesa; Americana,,0
Covacha,368 Columbus Ave.; Nueva York; NY; 10024; Estados Unidos,Nueva York,Estados Unidos,1,Mexicana; Regional,,0
Hupo,1007 50th Ave.; Queens; NY; 11101; Estados Unidos,Queens,Estados Unidos,1,China; Cocina de Sichuan,,0
Olmo,103 Saratoga Ave.; Brooklyn; NY; 11233; Estados Unidos,Brooklyn,Estados Unidos,2,Mexicana,,0
Rolo's,853 Onderdonk Ave.; Queens; NY; 11385; Estados Unidos,Queens,Estados Unidos,1,Americana,Romántico;Cocina local,0
Tha Phraya,1553 2nd Ave.; Nueva York; NY; 10028; Estados Unidos,Nueva York,Estados Unidos,1,Tailandesa contemporánea,,0
Zaab Zaab,76-04 Woodside Ave.; Queens; NY; 11373; Estados Unidos,Queens,Estados Unidos,1,Thai; Isan,,0
Gordo's Cantina,140 St. Nicholas Ave.; Brooklyn; NY; 11237; Estados Unidos,Brooklyn,Estados Unidos,1,Mexicana,Familiar;Cocina local,0
Alley 41,136-45 41st Ave.; Queens; NY; 11355; Estados Unidos,Queens,Estados Unidos,1,China; Cocina de Sichuan,Familiar,0
Jiang Nan,133-42 39th Ave.; Queens; NY; 11354; Estados Unidos,Queens,Estados Unidos,1,China; Regional,,0
The Cookery,39 Chestnut St.; Dobbs Ferry; NY; 10522; Estados Unidos,Dobbs Ferry,Estados Unidos,1,Italiana; Gastro-Pub,Familiar,0
Boro6 Wine Bar,549 Warburton Ave.; Hastings-on-Hudson; NY; 10706; Estados Unidos,Hastings-on-Hudson,Estados Unidos,1,Actual; Italiana,,0
Burrata,425 White Plains Rd.; Eastchester; NY; 10709; Estados Unidos,Eastchester,Estados Unidos,1,Italo-Americana; Pizza,,0
Chutney Masala,76 Main St.; Irvington; NY; 10533; Estados Unidos,Irvington,Estados Unidos,1,Hindú; Regional,Familiar;Cocina local,0
Casavant,350 rue de Castelnau Est; Montréal; H2R 1P9; Canadá,Montréal,Canadá,1,Francesa,Comer solo,0
Baumier,695A chemin Avila; Piedmont; J0R 1R3; Canadá,Piedmont,Canadá,1,Moderna,Comer solo;Familiar,0
Parapluie,44 rue Beaubien Ouest; Montréal; H2S 1V3; Canadá,Montréal,Canadá,1,Moderna; Francesa,Mesa del chef,0
Limbo,45 avenue Mozart Ouest; Montréal; H2S 1C1; Canadá,Montréal,Canadá,1,Moderna,Comer solo;Productos locales,0
Le Petit Alep,191 rue Jean-Talon Est; Montréal; H2R 1S8; Canadá,Montréal,Canadá,1,Cocina de Oriente Medio,Familiar,0
Rôtisserie La Lune,391 rue Saint-Zotique Est; Montréal; H2S 1L8; Canadá,Montréal,Canadá,1,Tradicional,Familiar;Grupos,0
Annette bar à vin,4051 rue Molson; local 120; Montréal; H1Y 3L1; Canadá,Montréal,Canadá,1,Moderna,,0
Cadet,1431 boulevard Saint-Laurent; Montréal; H2X 2S8; Canadá,Montréal,Canadá,1,Moderna,,0
Mahaniyom,236 Washington St.; Brookline; MA; 02445; Estados Unidos,Brookline,Estados Unidos,1,Thai,,0
Pagu,310 Massachusetts Ave.; Cambridge; MA; 02139; Estados Unidos,Cambridge,Estados Unidos,1,Asiática; Española,,0
Bibine Buvette,210 rue Brock; Drummondville; J2C 1M3; Canadá,Drummondville,Canadá,1,Moderna,Terraza agradable,0
Sumiao Hunan Kitchen,270 Third St.; Cambridge; MA; 02142; Estados Unidos,Cambridge,Estados Unidos,1,China; Cocina de Hunan,,0
Bar Volpe,170 W. Broadway; Boston; MA; 02127; Estados Unidos,Boston,Estados Unidos,2,Italiana,Romántico,0
Fox & The Knife,28 W. Broadway; Boston; MA; 02127; Estados Unidos,Boston,Estados Unidos,1,Italiana,Romántico;Cocina local,0
Buvette Scott,821 rue Scott; Québec; G1R 3C8; Canadá,Québec,Canadá,1,Regional; Moderna,,0
Honō Izakaya,670 rue Saint-Joseph Est; Québec; G1K 3B9; Canadá,Québec,Canadá,1,Japonesa; Izakaya,,0
Torii - Buvette japonaise,771 rue Saint-Joseph Est; Québec; G1K 3C7; Canadá,Québec,Canadá,1,Japonesa; Fusión,Familiar,0
Melba,398 rue Saint-Vallier Ouest; Québec; G1K 1K6; Canadá,Québec,Canadá,1,Moderna; Francesa,Familiar,0
Le Clocher Penché,203 rue Saint-Joseph Est; Québec; G1K 3B1; Canadá,Québec,Canadá,1,Moderna,,0
Ouroboros,135 rue Saint-Joseph Est; Québec; G1K 3A8; Canadá,Québec,Canadá,1,Moderna,,0
Bistro B,1144 avenue Cartier; Québec; G1R 2S5; Canadá,Québec,Canadá,1,Moderna,Productos locales,0
Battuto,527 boulevard Langelier; Québec; G1K 5P7; Canadá,Québec,Canadá,1,Italiana,,0
lueur,117 rue Dalhousie; Québec; G1K 4C5; Canadá,Québec,Canadá,1,Moderna,Comer solo,0
Coquette,10041 avenue Royale; Sainte-Anne-de-Beaupré; G0A 3C0; Canadá,Sainte-Anne-de-Beaupré,Canadá,1,Moderna,Terraza agradable;Tendencia,0
Saindoux Restaurant BBQ,100 rue Notre-Dame Sud; Sainte-Marie; G6E 4A2; Canadá,Sainte-Marie,Canadá,1,Barbacoa; Regional,Terraza agradable;Familiar,0
Côté Est,76 avenue Morel; Kamouraska; G0L 1M0; Canadá,Kamouraska,Canadá,1,Regional,Productos locales,0
Buvette Gentille,73 rue Saint-Jean-Baptiste; Baie-Saint-Paul; G3Z 1M6; Canadá,Baie-Saint-Paul,Canadá,1,Moderna,Comer solo;Productos locales,0
KAYZŌ,2752 Prince Musaid bin Abdulaziz bin Jalawi Street; As Sulimaniyah; Riyadh; 12234; Arabia Saudí,Riyadh,Arabia Saudí,1,Japonesa contemporánea,Romántico,0
Losange,100 rue Saint-Germain Ouest; Rimouski; G5L 4B6; Canadá,Rimouski,Canadá,1,Regional,,0
Happena,Aydınlı Mahallesi; Yavuz Sokak No:1; Göreme; Nevşehir; 50180; Turquía,Nevşehir,Turquía,1,Tradicional,,0
Bona Fide,Vironkatu 8; Helsinki; 00170; Finlandia,Helsinki,Finlandia,1,Moderna,,0
305,Toinen linja 3; Helsinki; 00530; Finlandia,Helsinki,Finlandia,1,Moderna,Cocina local,0
NOA,Ranna tee 3; Tallín; 12112; Estonia,Tallín,Estonia,1,Moderna,Terraza agradable,0
Nolla,Fredrikinkatu 22; Helsinki; 00120; Finlandia,Helsinki,Finlandia,2,Moderna; Finlandesa,Productos locales,0
Tuljak,Pirita tee 26e; Tallín; 10127; Estonia,Tallín,Estonia,1,Moderna,Terraza agradable,0
Lore Bistroo,Peetri 12; Port Noblessner; Tallín; 10415; Estonia,Tallín,Estonia,1,Moderna,Familiar;Grupos,0
UMA,Peetri 12; Port Noblessner; Tallín; 10415; Estonia,Tallín,Estonia,1,Asiática,Terraza agradable;Romántico,0
Mantel ja Korsten,Poska 19a; Tallín; 10216; Estonia,Tallín,Estonia,1,Actual,Romántico,0
FUME,Ahtri 6; Tallín; 10151; Estonia,Tallín,Estonia,1,Cocina mediterránea; Carnes a la parrilla,Grupos,0
Fotografiska,Telliskivi 60a/8; Tallín; 10412; Estonia,Tallín,Estonia,1,Moderna,Productos locales,0
Vesta,Tööstuse 88; Tallín; 10416; Estonia,Tallín,Estonia,1,Actual,Grupos,0
Fellin,Kauba 11; Viljandi; 71011; Estonia,Viljandi,Estonia,1,Tradicional,Cocina local,0
SMØR Bistro,Krišjāņa Valdemāra iela 27-29; Riga; 1010; Letonia,Riga,Letonia,1,Francesa; Escandinava,,0
Le Travi,Užupio gatvė 19; Vilna; 01202; Lituania,Vilna,Lituania,0,Italiana; Tradicional,Mesa del chef;Comer solo,0
FAGN-Bistro,Ørjaveita 4; Trondheim; 7010; Noruega,Trondheim,Noruega,1,Noruega; Moderna,,0
El Gato Negro,Pylimo gatvė 23; Vilna; 01141; Lituania,Vilna,Lituania,1,Mexicana,,0
B'ARN Bistro,Visų Šventųjų gatvė 7-110; Vilna; 01306; Lituania,Vilna,Lituania,1,Internacional,,0
14Horses,Dominikonų gatvė 11; Vilna; 01131; Lituania,Vilna,Lituania,1,Moderna; Creativa,Productos locales,0
Augustin,Didžioji gatvė 18; Vilna; 01128; Lituania,Vilna,Lituania,1,Moderna,Terraza agradable,0
EFENDY,Nisbetiye Caddesi No:13; Levent/Beşiktaş; Istanbul; 34330; Turquía,Istanbul,Turquía,1,Turca; Actual,,0
Gaspar's,Pylimo gatvė 23-3; Vilna; 01141; Lituania,Vilna,Lituania,1,Hindú,Terraza agradable,0
Cuma,Firuzağa Mahallesi; Çukur Cuma Caddesi No:53/A; Beyoğlu; Istanbul; 34425; Turquía,Istanbul,Turquía,1,Cocina mediterránea,,0
Foxy Nişantaşı,Harbiye; Mim Kemal Öke Caddesi No:1/D; Şişli; Istanbul; 34365; Turquía,Istanbul,Turquía,1,Actual; Turca,Cocina local,0
Rolfs Kök,Tegnérgatan 41; Estocolmo; 111 61; Suecia,Estocolmo,Suecia,1,Tradicional,,0
Babette,Roslagsgatan 6; Estocolmo; 113 55; Suecia,Estocolmo,Suecia,0,Moderna,,0
Matbaren,Södra Blasieholmshamnen 6; Estocolmo; 103 27; Suecia,Estocolmo,Suecia,1,Moderna,,0
Allegrine,Kammakargatan 22; Estocolmo; 111 40; Suecia,Estocolmo,Suecia,0,Francesa,,0
ÄRLA,Danderydsgatan 25; Estocolmo; 114 26; Suecia,Estocolmo,Suecia,1,Cocina de mercado; Sueca,Familiar,0
Lilla Ego,Västmannagatan 69; Estocolmo; 113 26; Suecia,Estocolmo,Suecia,1,Moderna,Cocina local,0
Triton,Ringvägen 87; Estocolmo; 118 61; Suecia,Estocolmo,Suecia,1,Moderna,Tendencia,0
Bar Agrikultur,Skånegatan 79; Estocolmo; 116 35; Suecia,Estocolmo,Suecia,0,Sueca; Small eats,,0
Nüman,Nemuno gatvė 43; Kaunas; 44288; Lituania,Kaunas,Lituania,1,Moderna,Cocina local,0
Kwestia Czasu / NAGO,ul. Wesoła 17; Białystok; 15-306; Polonia,Białystok,Polonia,0,Moderna,Romántico,0
Pievos,J. Basanavičiaus a. 16; Birštonas; 59211; Lituania,Birštonas,Lituania,1,Europea contemporánea,,0
Frances Vinbar,Henrik Ibsens gate 48; Oslo; 0255; Noruega,Oslo,Noruega,1,Cocina mediterránea,,0
Sztuka Chleba i Wina,Krakowska 4; Białystok; 15-875; Polonia,Białystok,Polonia,0,Moderna,Romántico,0
The Little Pickle,Jens Bjelkes gate 9A; Oslo; 0562; Noruega,Oslo,Noruega,0,Moderna,Familiar,0
Da Andrea,Hugona Kołłątaja 15; Olsztyn; 10-034; Polonia,Olsztyn,Polonia,1,Italiana,Romántico,0
Blisko Bar,ul. Stalowa 36; Varsovia; 03-429; Polonia,Varsovia,Polonia,0,Moderna,Favorito del inspector,0
2PiEr,ul. Artura Grottgera 2; Lublin; 20-029; Polonia,Lublin,Polonia,1,Tradicional,Romántico,0
Koneser Grill,ul. Ząbkowska 29; Varsovia; 03-736; Polonia,Varsovia,Polonia,1,Carnes a la parrilla,,0
AHAAN,ul. Zwycięzców 21; Varsovia; 03-936; Polonia,Varsovia,Polonia,0,Thai,Grupos,0
Le Braci,ul. Górnośląska 24; Varsovia; 00-484; Polonia,Varsovia,Polonia,1,Italiana,Comer solo,0
Ceviche Bar,ul. Twarda 2-4; Varsovia; 00-105; Polonia,Varsovia,Polonia,1,Sudamericana,,0
WIN wine bar & shop,Aleja Solidarności 153; Varsovia; 00-877; Polonia,Varsovia,Polonia,1,Moderna,Romántico,0
WYRAJ,ul. Krochamlna 59 / U2; Varsovia; 00-864; Polonia,Varsovia,Polonia,1,Tradicional,Cocina local,0
kontakt,Sandomierska 13; Varsovia; 02-567; Polonia,Varsovia,Polonia,1,Cocina mediterránea; Actual,Mesa del chef,0
Kieliszki na Próżnej,ul. Próżna 12; Varsovia; 00-107; Polonia,Varsovia,Polonia,1,Moderna,,0
Vinissimo,ul. Generała Józefa Bema 6; Sopot; 81-753; Polonia,Sopot,Polonia,1,Moderna,Comer solo,0
WANDAL,ul. Pańska 97; Varsovia; 00-834; Polonia,Varsovia,Polonia,1,Actual,Tendencia,0
Hewelke,ul. Jana Kilińskiego 7; Gdansk; 80-452; Polonia,Gdansk,Polonia,1,Moderna,Familiar,0
Brut Bistro,Toruńska 25; Gdansk; 80-747; Polonia,Gdansk,Polonia,1,Moderna,Comer solo,0
Treinta y Tres,Olivia Centre; Aleja Grunwaldzka 472c; Gdansk; 80-309; Polonia,Gdansk,Polonia,1,Española,Familiar,0
Naama,Rynek 9;; Rzeszów; 35-064; Polonia,Rzeszów,Polonia,1,Marroquí,,0
Familjen,Arkivgatan 7; Gothenburg; 411 34; Suecia,Gothenburg,Suecia,1,Escandinava; Sueca,Familiar,0
Nolan,31-33 Voulis Street; Atenas; 10557; Grecia,Atenas,Grecia,0,Fusión,Familiar,0
Fine Mess Smokehouse,5 Delfon Street; Atenas; 10680; Grecia,Atenas,Grecia,2,Barbacoa,Familiar,0
Akra,12 Aminta; Atenas; 11635; Grecia,Atenas,Grecia,0,Griega; Actual,,0
Pharaoh,54 Solomou; Atenas; 10682; Grecia,Atenas,Grecia,1,Griega,Cocina local,0
Jerár,55 Agias Varvaras Street; Atenas; 172 35; Grecia,Atenas,Grecia,1,Internacional,,0
Piernicova,ul. Przedzamcze 6B; Toruń; 87-100; Polonia,Toruń,Polonia,1,Regional; Polaca,Cocina local,0
The Moment,Solna 4A; Kielce; 25-006; Polonia,Kielce,Polonia,1,Tradicional,Romántico,0
Vyn Food & Wine Bar,Höga vägen 72; Simrishamn; 272 92; Suecia,Simrishamn,Suecia,1,Moderna,,0
Acanti,Hotel Traugutta 12; Gen. Romualda Traugutta 12; Łódź; 90-107; Polonia,Łódź,Polonia,1,Moderna,Romántico,0
JH matbar,Stora Östergatan 34; Ystad; 27134; Suecia,Ystad,Suecia,1,Moderna,Familiar,0
Nat Bistro,ul. Krakowska 34; Cracovia; 31-062; Polonia,Cracovia,Polonia,1,Tradicional,,0
Bufet KRK,ul. Dajwór 8; Cracovia; 31-035; Polonia,Cracovia,Polonia,1,Moderna,Tendencia,0
NOAH,ul. Meiselsa 24; Cracovia; 31-058; Polonia,Cracovia,Polonia,0,Israelí; A compartir,Romántico,0
MOLÁM,ul. Rajska 3/4; Cracovia; 31-124; Polonia,Cracovia,Polonia,0,Thai,Terraza agradable,0
Folga,ul. Estery 12; Cracovia; 31-056; Polonia,Cracovia,Polonia,1,Moderna,,0
Mutantur,Erik Dahlbergsgatan 12-14; Malmo; 211 48; Suecia,Malmö,Suecia,1,Moderna,,0
Namu,Landbygatan 5; Malmo; 211 34; Suecia,Malmö,Suecia,0,Coreana,Familiar,0
Ruths,Mäster Johansgatan 11; Malmo; 21121; Suecia,Malmö,Suecia,0,Cocina mediterránea,,0
Västergatan,Västergatan 16; Malmo; 211 21; Suecia,Malmö,Suecia,1,Sueca,Familiar,0
Bistro Lupa,Marstalsgade 8; Copenhague; 2100; Dinamarca,Copenhague,Dinamarca,0,Vegana,Productos locales,0
Restaurant VIE,Århusgade 128E; Nordhavn; 2150; Dinamarca,Nordhavn,Dinamarca,0,Moderna,Romántico,0
Levi,Ny Østergade 24; Copenhague; 1101; Dinamarca,Copenhague,Dinamarca,1,Italo-Japonesa,,0
Selma,Rømersgade 20; Copenhague; 1362 K; Dinamarca,Copenhague,Dinamarca,0,Smørrebrød; Cocina de temporada,Cocina local,0
Koefoed,Landgreven 3; Copenhague; 1301 K; Dinamarca,Copenhague,Dinamarca,0,Moderna,,0
Graziano,Møllegade 13; Copenhague; 2200; Dinamarca,Copenhague,Dinamarca,0,Italiana,,0
Pluto,Borgergade 16; Copenhague; 1300 K; Dinamarca,Copenhague,Dinamarca,0,Moderna,Familiar,0
Restaurant Frank,Grønnegade 33; Copenhague; 1107; Dinamarca,Copenhague,Dinamarca,0,Moderna; Creativa,Familiar,0
Rebel,Store Kongensgade 52; Copenhague; 1264 K; Dinamarca,Copenhague,Dinamarca,0,Moderna,,0
Petra Bar & Restaurant,Dronningens Tværgade 45; Copenhague; 1302; Dinamarca,Copenhague,Dinamarca,1,Moderna,,0
Bobe,Gråbrødretorv 11; Copenhague; 1154; Dinamarca,Copenhague,Dinamarca,0,Moderna,Familiar;Grupos,0
Paesàno,Jægersborggade 41; Copenhague; 2200; Dinamarca,Copenhague,Dinamarca,0,Italiana,Familiar;Grupos,0
Botschaft,Ryesgade 25; Copenhague; 2200; Dinamarca,Copenhague,Dinamarca,0,Alemana; Austriaca,Comer solo,0
Mêlée,Martensens Allé 16; Copenhague; 1828 C; Dinamarca,Copenhague,Dinamarca,0,Francesa,,0
Calma,Jægersborggade 34; Copenhague; 2200; Dinamarca,Copenhague,Dinamarca,1,Moderna,,0
Okdol Heyonok,D Zone; 1F; Songpa I-Park; 55 Beobwon-ro; Songpa-gu; Seoul; 05700; Corea del Sur,Seoul,Corea del Sur,0,Naengmyeon,Cocina local,0
Songheonjip,18 Millak-ro 19 beon-gil; Suyeong-gu; Busan; 48285; Corea del Sur,Busan,Corea del Sur,0,Coreana,Merece la espera;Cocina local,0
Gomtang Lab,10F; Hyundai Department Store; 517 Teheran-ro; Gangnam-gu; Seoul; 06164; Corea del Sur,Seoul,Corea del Sur,0,Gomtang,Cocina local,0
Nishimuramen,4F; 265 Donggyo-ro; Mapo-gu; Seoul; 03983; Corea del Sur,Seoul,Corea del Sur,0,Ramen,Comer solo,0
Hapjeongok,2F; 21 Yanghwa-ro 1-gil; Mapo-gu; Seoul; 04026; Corea del Sur,Seoul,Corea del Sur,0,Gomtang,Cocina local,0
Subaru,7 Bangbae-jungangno 21-gil; Seocho-gu; Seoul; 06560; Corea del Sur,Seoul,Corea del Sur,0,Soba,Comer solo,0
Mipildam,22 Seongji 3-gil; Mapo-gu; Seoul; 04083; Corea del Sur,Seoul,Corea del Sur,0,Mandu,Cocina local,0
Base is nice,20 Dohwa 2-gil; Mapo-gu; Seoul; 04171; Corea del Sur,Seoul,Corea del Sur,0,Vegetariana,Cocina local,0
Mijin,#116-2 le Meilleur Jongno town; 19 Jong-ro; Jongno-gu; Seoul; 03157; Corea del Sur,Seoul,Corea del Sur,0,Memil guksu,Cocina local,0
Yurimmyeon,139-1 Seosomun-ro; Jung-gu; Seoul; 04515; Corea del Sur,Seoul,Corea del Sur,0,Memil guksu,Cocina local,0
3rd Samgyetang,56-3 Banpo-daero 28-gil; Seocho-gu; Seoul; 06646; Corea del Sur,Seoul,Corea del Sur,0,Samgyetang,Cocina local,0
Mapo Ok,312 Tojeong-ro; Mapo-gu; Seoul; 04165; Corea del Sur,Seoul,Corea del Sur,0,Seolleongtang,Cocina local,0
Sarukame,15 Yeonnam-ro; Mapo-gu; Seoul; 03990; Corea del Sur,Seoul,Corea del Sur,0,Ramen,Comer solo,0
Jungin Myeonok,10 Gukhoe-daero 76-gil; Yeongdeungpo-gu; Seoul; 07238; Corea del Sur,Seoul,Corea del Sur,0,Naengmyeon,Grupos,0
Youhan,10-5 Daesagwan-ro 5-gil; Yongsan-gu; Seoul; 04400; Corea del Sur,Seoul,Corea del Sur,1,Thai,Grupos,0
Seokyonanmyunbang,16 Donggyo-ro 12-gil; Mapo-gu; Seoul; 04029; Corea del Sur,Seoul,Corea del Sur,0,Noodles,Cocina local,0
Oilje,29 Hangang-daero 62da-gil; Yongsan-gu; Seoul; 04382; Corea del Sur,Seoul,Corea del Sur,0,Coreana,Cocina local,0
Myeon Seoul,805 Seolleung-ro; Gangnam-gu; Seoul; 06019; Corea del Sur,Seoul,Corea del Sur,0,Noodles,Cocina local,0
Ggupdang,615 Gangnam-daero; Seocho-gu; Seoul; 06524; Corea del Sur,Seoul,Corea del Sur,1,Barbacoa,Cocina local,0
Okdongsik,44-10 Yanghwa-ro 7-gil; Mapo-gu; Seoul; 04035; Corea del Sur,Seoul,Corea del Sur,0,Dwaeji gukbap,Merece la espera,0
Bibijae,45 Namcheonbada-ro 10 beon-gil; Suyeong-gu; Busan; 48314; Corea del Sur,Busan,Corea del Sur,0,Bibimbap,Familiar,0
Andeok,18 Jahamun-ro 17-gil; Jongno-gu; Seoul; 03035; Corea del Sur,Seoul,Corea del Sur,0,Coreana,Cocina local,0
Kyodaiya,39 Seongji-gil; Mapo-gu; Seoul; 04083; Corea del Sur,Seoul,Corea del Sur,0,Udon,Comer solo,0
Gosari Express,12-10; Toegye-ro 85-gil; Jung-gu; Seoul; 04576; Corea del Sur,Seoul,Corea del Sur,0,Vegana,Comer solo,0
Yukjeon Hoekwan,47 Tojeong-ro 37-gil; Mapo-gu; Seoul; 04155; Corea del Sur,Seoul,Corea del Sur,1,Barbacoa coreana,Grupos,0
Tokyo Babsang,34-6 Namcheonbada-ro; Suyeong-gu; Busan; 48304; Corea del Sur,Busan,Corea del Sur,0,Unagi / Anguila,Familiar,0
ANAM,10 Bukchon-ro 5-gil; Jongno-gu; Seoul; 03055; Corea del Sur,Seoul,Corea del Sur,0,Dwaeji gukbap,Merece la espera,0
Anmok,3 Gwangnam-ro 22 beon-gil; Suyeong-gu; Busan; 48307; Corea del Sur,Busan,Corea del Sur,0,Dwaeji gukbap,Merece la espera;Comer solo,0
Buda Myeonoak,2F; 36 Jungdong 1-ro; Haeundae-gu; Busan; 48095; Corea del Sur,Busan,Corea del Sur,0,Naengmyeon,Cocina local,0
Yonggeumok,41-2 Jahamun-ro; Jongno-gu; Seoul; 03036; Corea del Sur,Seoul,Corea del Sur,0,Chueotang,Comer solo;Grupos,0
PILI PILI,54 Muhak-ro 33 beon-gil; Suyeong-gu; Busan; 48268; Corea del Sur,Busan,Corea del Sur,0,Thai,Grupos,0
Pildong Myeonok,26 Seoae-ro; Jung-gu; Seoul; 04624; Corea del Sur,Seoul,Corea del Sur,0,Naengmyeon,Merece la espera;Comer solo,0
Hwangsaengga Kalguksu,78 Bukchon-ro 5-gil; Jongno-gu; Seoul; 03053; Corea del Sur,Seoul,Corea del Sur,0,Kalguksu,Familiar,0
Jin Jin,60 World Cup buk-ro 1-gil; Mapo-gu; Seoul; 04031; Corea del Sur,Seoul,Corea del Sur,1,China,Grupos,0
Damtaek,51 Donggyo-ro 12an-gil; Mapo-gu; Seoul; 04029; Corea del Sur,Seoul,Corea del Sur,0,Ramen,Cocina local,0
Oreno Ramen,16 Dongmak-ro 8-gil; Mapo-gu; Seoul; 04072; Corea del Sur,Seoul,Corea del Sur,0,Ramen,Comer solo,0
Daesungjip,5 Sajik-ro; Jongno-gu; Seoul; 03029; Corea del Sur,Seoul,Corea del Sur,0,Doganitang,Cocina local,0
Halmaejip,1-5 Sajik-ro 12-gil; Jongno-gu; Seoul; 03169; Corea del Sur,Seoul,Corea del Sur,0,Coreana,Cocina local,0
Gaeseong Mandu Koong,11-3 Insadong 10-gil; Jongno-gu; Seoul; 03146; Corea del Sur,Seoul,Corea del Sur,0,Mandu,Familiar,0
Hapcheon Gukbapjip,235 Yongho-ro; Nam-gu; Busan; 48593; Corea del Sur,Busan,Corea del Sur,0,Dwaeji gukbap; Coreana,Cocina local,0
Bao Haus,62-9 Seojeon-ro 38 beon-gil; Busanjin-gu; Busan; 47294; Corea del Sur,Busan,Corea del Sur,0,Taiwanesa,Merece la espera,0
HORAPA,2F; 37-1 Jahamun-ro; Jongno-gu; Seoul; 03040; Corea del Sur,Seoul,Corea del Sur,0,Thai,Comer solo,0
Samcheongdong Sujebi,101-1 Samcheong-ro; Jongno-gu; Seoul; 03049; Corea del Sur,Seoul,Corea del Sur,0,Sujebi,Cocina local,0
Mandujip,338 Apgujeong-ro; Gangnam-gu; Seoul; 06018; Corea del Sur,Seoul,Corea del Sur,0,Mandu,Cocina local,0
Pyeongyangjip,21 Geumgok-daero 20beon-gil; Buk-gu; Busan; 46547; Corea del Sur,Busan,Corea del Sur,0,Mandu,Cocina local,0
Geumdwaeji Sikdang,149 Dasan-ro; Jung-gu; Seoul; 04607; Corea del Sur,Seoul,Corea del Sur,0,Barbacoa,Merece la espera;Cocina local,0
Woo Lae Oak,62-29 Changgyeonggung-ro; Jung-gu; Seoul; 04546; Corea del Sur,Seoul,Corea del Sur,0,Naengmyeon,Familiar,0
Yangyang Memil Makguksu,10 Donggwang-ro 15-gil; Seocho-gu; Seoul; 06561; Corea del Sur,Seoul,Corea del Sur,0,Memil guksu,Cocina local,0
Mattdol,63 Seongdeokjeong-gil; Seongdong-gu; Seoul; 04775; Corea del Sur,Seoul,Corea del Sur,0,Mexicana,Romántico,0
Niurou mian guan zi,25-4 Suyeong-ro 388 beon-gil; Suyeong-gu; Busan; 48311; Corea del Sur,Busan,Corea del Sur,0,Taiwanesa,Comer solo,0
Limbyungjoo Sandong Kalguksu,65 Gangnam-daero 37-gil; Seocho-gu; Seoul; 06734; Corea del Sur,Seoul,Corea del Sur,0,Kalguksu,Comer solo,0
Yakitori Onjung,9-7 Dongcheon-ro 108 beon-gil; Busanjin-Gu; Busan; 47247; Corea del Sur,Busan,Corea del Sur,0,Yakitori,Comer solo,0
Hwa Hae Dang,15 Gukhoe-daero 62-gil; Yeongdeungpo-gu; Seoul; 07236; Corea del Sur,Seoul,Corea del Sur,1,Gejang,Cocina local,0
Kyewol,8 Seongdeokjeong 3-gil; Seongdong-gu; Seoul; 04774; Corea del Sur,Seoul,Corea del Sur,0,Gomtang,,0
Jaha Son Mandu,12 Baekseokdong-gil; Jongno-gu; Seoul; 03020; Corea del Sur,Seoul,Corea del Sur,1,Mandu,Familiar,0
Marv & Ben,Snaregade 4; Copenhague; 1205 K; Dinamarca,Copenhague,Dinamarca,0,Moderna,,0
Silberbauers Bistro,Jægersborggade 40; Copenhague; 2200 N; Dinamarca,Copenhague,Dinamarca,0,Francesa,Romántico,0
Anarki,Vodroffsvej 47; Copenhague; 1900 Frederiksberg C; Dinamarca,Copenhague,Dinamarca,0,Moderna,,0
Sanchez,Istedgade 60; Copenhague; 1650 K; Dinamarca,Copenhague,Dinamarca,0,Mexicana,,0
no.2,Nicolai Eigtveds Gade 32; Copenhague; 1402 K; Dinamarca,Copenhague,Dinamarca,0,Moderna,Terraza agradable;Grupos,0
Norrlyst,Kompagnistrædet 18; Copenhague; 1208; Dinamarca,Copenhague,Dinamarca,0,Danesa,,0
Gabrielle,Vestergade 3; Copenhague; 1456; Dinamarca,Copenhague,Dinamarca,0,Francesa,Romántico;Familiar,0
Uformel,Studiestraede 69; Copenhague; 1554 V; Dinamarca,Copenhague,Dinamarca,1,Moderna,Grupos,0
Radio,Julius Thomsens Gade 12; Copenhague; 1632 V; Dinamarca,Copenhague,Dinamarca,0,Moderna,,0
Stary Niedźwiedź,Strążyska 33A; Zakopane; 34-500; Polonia,Zakopane,Polonia,1,Moderna,Romántico,0
Enomania,Vesterbrogade 187; Copenhague; 1800 C; Dinamarca,Copenhague,Dinamarca,0,Italiana,Comer solo;Grupos,0
Iszkor,Lillafüredi utca 245/5; Mályinka; 3645; Hungría,Mályinka,Hungría,1,Moderna,Terraza agradable;Cocina local,0
KRZYWA Sztuka Wina,ul. Krzywa 9; Katowice; 40-061; Polonia,Katowice,Polonia,0,Regional,,0
Posto,Kościelna 43/10; Poznan; 60-537; Polonia,Poznan,Polonia,0,Europea; Francesa,Romántico,0
SPOT.,ul.Dolna Wilda 87; Poznan; 61-501; Polonia,Poznan,Polonia,1,Moderna,Terraza agradable,0
Fromażeria,ul. Ratajczaka 27; Poznan; 61-814; Polonia,Poznan,Polonia,1,Europea,Romántico,0
TU.REStAURANT,ul. Grunwaldzka 34A; Poznan; 60-786; Polonia,Poznan,Polonia,1,Moderna,Romántico,0
Farmer & Sons,ul. Kozierowskiego 6/1; Skórzewo; 60-185; Polonia,Skórzewo,Polonia,1,Tradicional; Polaca,Productos locales;Cocina local,0
Restaurant ET,Mindegade 8; Aarhus; 8000; Dinamarca,Aarhus,Dinamarca,0,Francesa; Danesa,Terraza agradable,0
Pondus,Åboulevarden 51; Aarhus; 8000; Dinamarca,Aarhus,Dinamarca,0,Moderna,,0
Tarasowa,The Centennial Hall Complex Wroclaw Congress Centre ul. Wystawowa 1; Wrocław; 51-618; Polonia,Wrocław,Polonia,1,Moderna; Actual,Terraza agradable,0
Pijalni,Michała Wrocławczyka 42/1u; Wrocław; 50-380; Polonia,Wrocław,Polonia,1,Actual; Polaca,Romántico,0
IDA kuchnia i wino,Hotel Jazz; ul. Łazienna 4; Wrocław; 50-133; Polonia,Wrocław,Polonia,0,Regional,Cocina local,0
Istok,Gospodar Jevremova 50; Belgrade; 11000; Serbia,Belgrade,Serbia,0,Vietnamita; Asiática,Familiar,0
Iva New Balkan Cuisine,Svetog Save 14; Belgrade; 11000; Serbia,Belgrade,Serbia,1,Moderna,Grupos;Cocina local,0
Goli,Arany János utca 32; Budapest; 1051; Hungría,Budapest,Hungría,1,Cocina de Oriente Medio,Comer solo,0
Bela Reka,Tošin Bunar 179; Belgrade; 11070; Serbia,Belgrade,Serbia,1,Tradicional,Productos locales;Cocina local,0
Wilde Klosterküche,Bahnhofstraße 18; Neuzelle; 15898; Alemania,Neuzelle,Alemania,1,Cocina de mercado; Creativa,,0
Biblioteka,Zamek Książ; Piastów Śląskich 1; Wałbrzych; 58-306; Polonia,Wałbrzych,Polonia,1,Moderna; Regional,Romántico,0
Remi,Torstraße 48; Berlín; 10119; Alemania,Berlín,Alemania,1,Moderna; Cocina de temporada,Comer solo,0
Platán Bisztró,Platán Manor; Kastély tér 6; Tata; 2890; Hungría,Tata,Hungría,1,Húngara; Moderna,Terraza agradable,0
MaMi's,Oderberger Straße 13; Berlín; 10435; Alemania,Berlín,Alemania,1,Internacional; Moderna,Romántico,0
November Brasserie,Husemannstraße 15; Berlín; 10435; Alemania,Berlín,Alemania,1,Japonesa,,0
Lucky Leek,Kollwitzstraße 54; Berlín; 10405; Alemania,Berlín,Alemania,1,Vegana,,0
MASTAN,Gneisenaustraße 67; Berlín; 10961; Alemania,Berlín,Alemania,1,Francesa clásica,,0
Barra,Okerstraße 2; Berlín; 12049; Alemania,Berlín,Alemania,1,Moderna; Cocina de temporada,Mesa del chef;Tendencia,0
Nußbaumerin,Leibnizstraße 55; Berlín; 10629; Alemania,Berlín,Alemania,1,Austriaca; Tradicional,,0
CHEZ NASSIB,Spichernstraße 24; Berlín; 10777; Alemania,Berlín,Alemania,1,Libanesa; Cocina mediterránea,,0
Cube by Mika,Domhof 6; Schwerin; 19055; Alemania,Schwerin,Alemania,1,Izakaya; A compartir,,0
Salhino,Waitzstraße 1; Berlín; 10629; Alemania,Berlín,Alemania,1,Tradicional,,0
Lulu Fusion Bistro,Sunčana; Osijek; 31000; Croacia,Osijek,Croacia,0,Actual,Familiar,0
Mara,40 Thistle Street; Aberdeen; AB10 1XD; Reino Unido,Aberdeen,Reino Unido,1,Moderna,Comer solo,0
Erbgericht Tautewalde,Hauptstraße 25; Wilthen; 02681; Alemania,Wilthen,Alemania,1,Internacional; Cocina de mercado,,0
Fish Shop,3 Netherley Place; Ballater; AB35 5QE; Reino Unido,Ballater,Reino Unido,1,Pescados y mariscos,Romántico,0
Gutsküche,Wulksfelder Damm 15; Tangstedt; 22889; Alemania,Tangstedt,Alemania,1,Regional; Cocina de mercado,Productos locales,0
LENZ,Poppenbütteler Chaussee 3; Hamburgo; 22397; Alemania,Hamburgo,Alemania,1,Regional; Tradicional,,0
Landgasthof Haslauerhof,Hauptstraße 17; Haslau an der Donau; 2402; Austria,Haslau an der Donau,Austria,1,Regional,Terraza agradable,0
Gasthaus Zum fröhlichen Arbeiter,Quergasse 98; Apetlon; 7143; Austria,Apetlon,Austria,1,Regional,Familiar;Cocina local,0
Zum Dückerstieg,Dückerstieg 7; Neuendorf bei Wilster; 25554; Alemania,Neuendorf bei Wilster,Alemania,1,Regional; Cocina de mercado,Cocina local,0
Fossil,Kellergasse 6K; Purbach am Neusiedler See; 7083; Austria,Purbach am Neusiedler See,Austria,1,Regional; Cocina de temporada,,0
Goldenes Bründl,Waldstraße 125; Oberrohrbach; 2105; Austria,Oberrohrbach,Austria,1,Regional,Terraza agradable;Grupos,0
Felsenbirne,Lange Straße 34; Pirna; 01796; Alemania,Pirna,Alemania,1,Cocina de mercado; Regional,Terraza agradable,0
DELI,Königsbrücker Straße 96; Dresde; 01099; Alemania,Dresde,Alemania,1,Internacional; Cocina de mercado,Terraza agradable,0
Kirchenwirt,Rathausplatz 18; Rust; 7071; Austria,Rust,Austria,1,Regional; Austriaca,,0
CYN CYN,Eppendorfer Weg 62; Hamburgo; 20259; Alemania,Hamburgo,Alemania,0,Noodles,,0
GASSENHAUR,Kastanienallee 32; Hamburgo; 20359; Alemania,Hamburgo,Alemania,1,Austriaca,,0
Nil,Neuer Pferdemarkt 5; Hamburgo; 20359; Alemania,Hamburgo,Alemania,1,Internacional,,0
LOLA,Gonzagagasse 14; Viena; 1010; Austria,Viena,Austria,1,Española,,0
MAST Weinbistro,Porzellangasse 53; Viena; 1090; Austria,Viena,Austria,1,Cocina de mercado; Cocina de temporada,,0
Gasthaus Tante Liesl,Servitengasse 7; Viena; 1090; Austria,Viena,Austria,1,Austriaca; Regional,,0
Mochi,Praterstraße 15; Viena; 1020; Austria,Viena,Austria,1,Japonesa,,0
HYGGE Brasserie & Bar,Baron-Voght-Straße 179; Hamburgo; 22607; Alemania,Hamburgo,Alemania,1,Cocina de mercado,,0
Meierei im Stadtpark,Am Heumarkt 2a; Viena; 1030; Austria,Viena,Austria,1,Austriaca,,0
Zur Flottbeker Schmiede,Baron-Voght-Straße 79; Hamburgo; 20038; Alemania,Hamburgo,Alemania,1,Portuguesa; Cocina mediterránea,,0
TIAN Bistro am Spittelberg,Schrankgasse 4; Viena; 1070; Austria,Viena,Austria,1,Vegetariana; Vegana,Cocina local;Tendencia,0
Rosi,Sechshauser Straße 120; Viena; 1150; Austria,Viena,Austria,1,Creativa; Austriaca,Cocina local,0
Chez Bernard,Mariahilfer Straße 71A; Viena; 1060; Austria,Viena,Austria,1,Francesa contemporánea; Internacional,Terraza agradable,0
Ziegelwerk Gasthaus,Ziegelofengasse 28; Wimpassing an der Leitha; 2485; Austria,Wimpassing an der Leitha,Austria,1,Regional,Cocina local,0
RÖHMS DELI,Heiligengeiststraße 30; Lüneburg; 21335; Alemania,Lüneburg,Alemania,1,Cocina de mercado; Internacional,,0
Floh,Tullner Straße 1; Langenlebarn; 3425; Austria,Langenlebarn,Austria,1,Regional,,0
Sodoma,Bahnhofstr. 48; Tulln an der Donau; 3430; Austria,Tulln an der Donau,Austria,1,Austriaca,,0
Gasthaus Fuchs,Hauptstraße 33; Weppersdorf; 7331; Austria,Weppersdorf,Austria,1,Cocina de mercado,Familiar,0
Das Markthof,Kellergasse 1; Siegersdorf; 3041; Austria,Siegersdorf,Austria,1,Cocina de mercado; Clásica,Terraza agradable,0
Puchegger-Wirt,Bahnhofplatz 86; Winzendorf; 2722; Austria,Winzendorf,Austria,1,Cocina de mercado; Regional,Familiar,0
Mörwald Grafenegg Restaurant,Grafenegg 12; Grafenegg; 3485; Austria,Grafenegg,Austria,1,Cocina de mercado; Cocina de temporada,Familiar,0
Schlossküche Walpersdorf Blauenstein,Schlossstraße 2; Walpersdorf; 3131; Austria,Walpersdorf,Austria,1,Cocina de mercado,Grupos,0
Fakin,Trg Svetog Trojstva 53; Legrad; 48317; Croacia,Legrad,Croacia,1,Moderna,Terraza agradable,0
Prandtauerhof Gutshofrestaurant,Prandtauerplatz 36; Weißenkirchen in der Wachau; 3610; Austria,Weißenkirchen in der Wachau,Austria,1,Regional,Cocina local,0
Jamek,Josef-Jamek-Straße 45; Weißenkirchen in der Wachau; 3610; Austria,Weißenkirchen in der Wachau,Austria,1,Regional; Cocina de mercado,Terraza agradable,0
Wirtshaus Molzbachhof,Tratten 36; Kirchberg am Wechsel; 2880; Austria,Kirchberg am Wechsel,Austria,1,Regional,Familiar;Productos locales,0
Gasthof Schäffer,Hauptstraße 9; Neuberg an der Mürz; 8692; Austria,Neuberg an der Mürz,Austria,1,Cocina de mercado,Familiar,0
Wirtshaus Krainer,Grazer Straße 12; Langenwang; 8665; Austria,Langenwang,Austria,1,Regional; Cocina de temporada,,0
Malerwinkl,Hatzendorf 152; Fehring; 8361; Austria,Fehring,Austria,1,Actual,Cocina local,0
Kodila,Markišavci 44; Murska Sobota; 9000; Eslovenia,Murska Sobota,Eslovenia,1,Carnes a la parrilla,Productos locales,0
Gostilna Rajh,Soboška ulica 32; Bakovci; Murska Sobota; 9000; Eslovenia,Murska Sobota,Eslovenia,1,Regional,Un clásico,0
Hueber der Wirt in Bründl,Sankt Georgen an der Leys 18; Sankt Georgen an der Leys; 3282; Austria,Sankt Georgen an der Leys,Austria,1,Regional; Cocina de temporada,Grupos,0
Landgasthof Hinterleithner,Weinserstraße 95; Hofamt Priel; 3681; Austria,Hofamt Priel,Austria,1,Asiática y occidental; Cocina de mercado,,0
Fährhaus,Dorfstraße 42; Dornum; 26553; Alemania,Dornum,Alemania,1,Regional; Tradicional,,0
Lotters Wirtschaft - Tausendgüldenstube,Altmarkt 1; Aue - Bad Schlema; 08280; Alemania,Aue - Bad Schlema,Alemania,1,Regional; Cocina de mercado,,0
Ardfern,10-12 Bonnington Road; Leith; EH6 5JD; Reino Unido,Leith,Reino Unido,1,Internacional,Comer solo,0
Skua,49 St Stephen Street; Stockbridge; Edinburgh; EH3 5AH; Reino Unido,Edinburgh,Reino Unido,1,Inglesa moderna,,0
The Scran & Scallie,1 Comely Bank Road; Stockbridge; Edinburgh; EH4 1DT; Reino Unido,Edinburgh,Reino Unido,1,Escocesa; Tradicional,Familiar,0
Krispels Genusstheater,Neusetz 29; Straden; 8345; Austria,Straden,Austria,1,Actual,Comer solo,0
Wirtshaus Steirereck am POGUSCH,Pogusch 21; Turnau; 8625; Austria,Turnau,Austria,1,Regional; Regional,Productos locales;Cocina local,0
The Clarence,168 Hyndland Road; Glasgow; G12 9HZ; Reino Unido,Glasgow,Reino Unido,1,Inglesa moderna,,0
Ox and Finch,920 Sauchiehall Street; Glasgow; G3 7TF; Reino Unido,Glasgow,Reino Unido,1,Cocina mediterránea; Moderna,Romántico,0
Rauch & Rebe,Jakob-Redtenbacher-Gasse 24; Graz; 8010; Austria,Graz,Austria,1,Cocina de mercado,Comer solo,0
Angeethi by Sagar Massey,1835 Paisley Road West; Cardonald; G52 3SX; Reino Unido,Cardonald,Reino Unido,1,Hindú,,0
Thaller - Gasthaus,Am Kirchplatz 4; Sankt Veit am Vogau; 8423; Austria,Sankt Veit am Vogau,Austria,1,Regional; Cocina de temporada,,0
Mohrenwirt,Mariahilferstraße 16; Graz; 8020; Austria,Graz,Austria,1,Regional; Cocina de temporada,,0
Feine Speiseschenke,Winkelberg 13; Nordhausen; 99734; Alemania,Nordhausen,Alemania,0,Cocina de mercado; Internacional,,0
Vez,Via Addolorata 7/9; San Marzano di San Giuseppe; 74020; Italia,San Marzano di San Giuseppe,Italia,1,Moderna,,0
Schlosskeller Wirtshaus,Seggaubergstraße 5; Leibnitz; 8430; Austria,Leibnitz,Austria,1,Cocina de mercado; Regional,,0
Kilberry Inn,Kilberry; PA29 6YD; Reino Unido,Kilberry,Reino Unido,1,Inglesa moderna; Escocesa,Cocina local,0
Margo,68 Miller Street; Glasgow; G1 1DT; Reino Unido,Glasgow,Reino Unido,1,Cocina mediterránea,,0
Weinkehr,Kirchengasse 145; Gamlitz; 8462; Austria,Gamlitz,Austria,1,Austriaca,,0
Wirtshaus im Weinkitz,Einöd 15; Kitzeck im Sausal; 8442; Austria,Kitzeck im Sausal,Austria,1,Austriaca; Regional,,0
Das August,Riepener Straße 21; Bad Nenndorf; 31542; Alemania,Bad Nenndorf,Alemania,1,Cocina de mercado; Cocina de temporada,,0
Vuglec Breg,Škaričevo 151; Krapina; 49000; Croacia,Krapina,Croacia,1,Regional; Clásica,Productos locales;Cocina local,0
Ka Pao,Botanic Gardens Garage; 26 Vinicombe Street; Glasgow; G12 8BE; Reino Unido,Glasgow,Reino Unido,1,Asiática,Grupos,0
Konoba Mate,Pupnat 28; Korcula; 20274; Croacia,Korčula,Croacia,2,Regional; Regional,Familiar,0
Beštija,Masarykova Ulica 11/1; Zagreb; 10000; Croacia,Zagreb,Croacia,1,Cocina de mercado; Actual,Tendencia,0
Nuré,Ilica 33/3; Zagreb; 10000; Croacia,Zagreb,Croacia,0,Actual; Croata,Familiar;Favorito del inspector,0
Regional Friesoythe,Gerichtsstraße 14; Friesoythe; 26169; Alemania,Friesoythe,Alemania,1,Alemana; Cocina de temporada,,0
Der Holzpoldl,Am Holzpoldlgut 2; Lichtenberg; 4040; Austria,Lichtenberg,Austria,1,Regional; Cocina de temporada,Comer solo,0
Bros' Trattoria,SS172; zona G; 59; Martina Franca; 74015; Italia,Martina Franca,Italia,1,Cocina de Apulia; A la Parrilla,Familiar,0
Wörgötter - Wirtshaus,Marktplatz 40; Ligist; 8563; Austria,Ligist,Austria,1,Regional; Cocina de temporada,,0
Das Palmberger - hoamART,Sternweg 2; Spiegelau; 94518; Alemania,Spiegelau,Alemania,1,Cocina de mercado; Regional,,0
Landgasthaus Gidibauer-Hof,Grub 7; Hauzenberg; 94051; Alemania,Hauzenberg,Alemania,0,Regional; Cocina de mercado,,0
Anetseder,Lindenstraße 15; Hauzenberg; 94051; Alemania,Hauzenberg,Alemania,1,Regional; Cocina de mercado,,0
Gostilna Francl,Zagrad 77; Celje; 3000; Eslovenia,Celje,Eslovenia,1,Regional,Cocina local,0
LALÚ Bistro,Trg celjskih knezov 3; Celje; 3000; Eslovenia,Celje,Eslovenia,1,Moderna; Internacional,Merece la espera;Tendencia,0
K.užina,Ul. Kraj Svete Marije 1; Split; 21000; Croacia,Split,Croacia,1,Cocina mediterránea; Regional,Terraza agradable,0
Gasthaus Egertal,Wunsiedler Straße 49; Weissenstadt; 95163; Alemania,Weissenstadt,Alemania,1,Regional; Clásica,,0
Landgasthof zum Müller,Passauer Straße 16; Ruderting; 94161; Alemania,Ruderting,Alemania,1,Regional; Cocina de mercado,Cocina local,0
tipo,110 Hanover Street; Edinburgh; EH2 1DR; Reino Unido,Edinburgh,Reino Unido,1,Italiana,Comer solo,0
Feilmeiers Landleben,Schwarzhöring 14; Windorf; 94575; Alemania,Windorf,Alemania,1,Regional; Internacional,,0
Gasthaus Ödenturm,Am Ödenturm 11; Cham; 93413; Alemania,Cham,Alemania,0,Regional; Cocina mediterránea,Cocina local,0
Gasthof Berghof - Ursprung,Wartenfels 85; Presseck; 95355; Alemania,Presseck,Alemania,1,Cocina de mercado; Regional,,0
Sebb's,68 Miller Street; Glasgow; G1 1DT; Reino Unido,Glasgow,Reino Unido,1,Cocinas del mundo,Grupos,0
GaGa,566 Dumbarton Road; Partick; Glasgow; G11 6RH; Reino Unido,Glasgow,Reino Unido,1,Malaya,,0
Schwingshackl HEIMATKÜCHE,Rebling 3; Bernried; 94505; Alemania,Bernried,Alemania,1,Regional; Internacional,,0
The Broad Chare,25 Broad Chare; Newcastle Upon Tyne; NE1 3DQ; Reino Unido,Newcastle upon Tyne,Reino Unido,1,Inglesa tradicional,Comer solo,0
Wirtsstube im Hotel Burkhard,Marktplatz 10; Wernberg-Köblitz; 92533; Alemania,Wernberg-Köblitz,Alemania,1,Regional; Cocina casera,,0
Konoba Vinko,Uz Cestu 57; Konjevrate; 22221; Croacia,Konjevrate,Croacia,1,Regional,Familiar;Cocina local,0
Bistro Aragosta,Voorstreek 12; Leeuwarden; 8911 JN; Holanda,Leeuwarden,Holanda,1,Francesa,,0
das asam,Freiherr-Von-Aretin-Platz 2; Aldersbach; 94501; Alemania,Aldersbach,Alemania,1,Cocina de mercado,,0
Wirtshaus im Dorfhotel Mayer,Sankt Martin am Grimming 9-12; Sankt Martin am Grimming; 8954; Austria,Sankt Martin am Grimming,Austria,1,Cocina de temporada,,0
Froschgrundsee,Schönstädt 14; Rödental; 96472; Alemania,Rödental,Alemania,1,Cocina de mercado; Regional,,0
Noto,47a Thistle Street; Edinburgh; EH2 1DY; Reino Unido,Edinburgh,Reino Unido,1,Con influencias asiáticas; Moderna,,0
Die Schmiede,Pfaffing 7; Pfaffing; 4870; Austria,Pfaffing,Austria,1,Austriaca; Cocina de mercado,Cocina local,0
Gasthof Brink,Allee 38; Hövelhof; 33161; Alemania,Hövelhof,Alemania,1,Francesa clásica,,0
Em Sherif Café,The Zone; 7236 Al Takhassousi; Al Mohammadiyyah; Riyadh; 12362; Arabia Saudí,Riyadh,Arabia Saudí,1,Libanesa,,0
Sasani,3340 Suwayd Ibn Harithah; Hittin; Riyadh; 13516; Arabia Saudí,Riyadh,Arabia Saudí,0,Persa,,0
Tofareya,Old Town; AlUla; 41921; Arabia Saudí,AlUla,Arabia Saudí,0,Cocina saudí,Cocina local,0
Samia's Dish,Ahmad Al Attas; Al Zahra; Jeddah; 23425; Arabia Saudí,Jeddah,Arabia Saudí,0,Cocina saudí,Cocina local,0
Najd Village,Al-Takhassusi; Al-Ulaya; Riyadh; 12331; Arabia Saudí,Riyadh,Arabia Saudí,0,Cocina saudí,Grupos;Cocina local,0
Valoria,Bohunická 2; Breno; 61900; Chequia,Breno,Chequia,1,Internacional; Tradicional,Romántico;Cocina local,0
Šupina a Šupinka,Valy 155; Třeboň; 37901; Chequia,Třeboň,Chequia,1,Regional; Cocina de temporada,Romántico,0
Long Story Short Eatery & Bakery,Koželužská 945/31; Olomouc; 77900; Chequia,Olomouc,Chequia,1,Moderna,,0
MIURA,Čeladná 887; Čeladná; 73912; Chequia,Čeladná,Chequia,0,Regional; Actual,Romántico,0
Dvůr Perlová voda,Kostelec nad Ohří 13; Budyně nad Ohří; 413 01; Chequia,Budyně nad Ohří,Chequia,1,Regional; Tradicional,Grupos,0
The Eatery,U Uranie 954/18; Praga; 170 00; Chequia,Praga,Chequia,1,Checa; Actual,Merece la espera,0
Na Kopci,K Závěrce 2774/20; Praga; 150 00; Chequia,Praga,Chequia,1,Tradicional,Cocina local,0
U Matěje,U Matěje 152/1; Praga; 16000; Chequia,Praga,Chequia,1,Checa; Moderna,,0
Šatlava,Dlouhá 13; Hradec Králové; 50003; Chequia,Hradec Králové,Chequia,1,Cocina de temporada; Internacional,Comer solo,0
ATELIER bar & bistro,Kobližná 71/2; Breno; 60200; Chequia,Breno,Chequia,1,Cocina de mercado; Actual,Comer solo,0
Alma,V Jirchářích 8; Praga; 11000; Chequia,Praga,Chequia,1,Actual,,0
U Kalendů,Rašínovo Nábřeží 383/58; Praga; 12800; Chequia,Praga,Chequia,1,Checa,Cocina local,0
Štipec,Riegrova 208/5; Pilsen; 30100; Chequia,Plzen,Chequia,1,Checa; Actual,,0
Bohém,Šantovo náměstí 181; Litomyšl; 57001; Chequia,Litomyšl,Chequia,0,Regional,Cocina local,0
Goldie,Žižkovo Náměstí 19; Tábor; 39001; Chequia,Tábor,Chequia,1,Internacional; Tradicional,Romántico;Cocina local,0
Dejvická 34 by Tomáš Černý,Dejvická 34; Praga; 16000; Chequia,Praga,Chequia,1,Italiana; Checa,Cocina local,0
Výčep,Korunní 1304/92; Praga; 101 00; Chequia,Praga,Chequia,2,Checa; Actual,Cocina local,0
Restaurant Perk,17. listopadu 413/1; Šumperk; 78701; Chequia,Šumperk,Chequia,1,Cocina de temporada; Moderna,,0
Argan,Al Jasra Street; Souq Waqif; Doha; Catar,Doha,Catar,0,Marroquí,Romántico,0
Berenjak Al Maha Island,Al Maha Island; Lusail; Doha; Catar,Doha,Catar,1,Persa,Grupos,0
Jiwan,4th Floor; National Museum of Qatar; Museum Park Street; Doha; Catar,Doha,Catar,1,Cocina de Oriente Medio,Terraza agradable;Cocina local,0
Mila,1st Floor; Rosewood Hotel; Marina District; Building 11; Street 309; Zone 69; Lusail; Doha; Catar,Doha,Catar,1,Cocina de Oriente Medio,Romántico,0
Fenyal,Crystal Walk; Gewen Island; Doha; Catar,Doha,Catar,0,Tradicional,Cocina local,0
Hoppers,Barahat Msheireb Street; Doha; Catar,Doha,Catar,1,Cocina de Sri Lanka; Cocina del Sur de la India,Terraza agradable;Grupos,0
Isaan,Grand Hyatt Doha Hotel & Villas; West Bay Lagoon Street; Doha; Catar,Doha,Catar,1,Thai,Terraza agradable,0
Baron,Unit 46; Mina District; Doha Port; Building 415; Zone 19; Street 200; Doha; Catar,Doha,Catar,1,Cocina de Oriente Medio; Fusión,Terraza agradable;Comer solo,0
Kemal'in Yeri,Alsancak; 1453. Sokak No:22; Konak; Izmir; 35220; Turquía,Izmir,Turquía,0,Turca; Tradicional,Cocina local,0
Beynel,Adliye Caddesi No:63; Bitez; Bodrum; 48470; Turquía,Bodrum,Turquía,1,Turca,,0
Babayan Evi Restaurant,Yukarı Kümeevleri; İbrahimpaşa Köyü İç Yolu No:269 D:285; İbrahimpaşa; Ürgüp; 50400; Turquía,Ürgüp,Turquía,1,Tradicional; Regional,Terraza agradable;Romántico,0
Tershane,Arap Cami Mahallesi; Tersane Caddesi No:24; Karaköy/Beyoğlu; Hotel Momento 8th Floor (8. kat); Istanbul; 34420; Turquía,Istanbul,Turquía,0,Turca; A la Parrilla,Terraza agradable;Romántico,0
Aslında Meyhane,Yeni Mahallesi; Dere Sokak No:26/A; Urla; Izmir; 35430; Turquía,Izmir,Turquía,1,Turca,,0
Pandeli,Rüstempaşa Mahallesi; Balık Pazarı Kapısı Sokağı No:1/2; Mısır Çarşısı İçi 1 D:2; Eminönü/Fatih; Istanbul; 34116; Turquía,Istanbul,Turquía,1,Turca; Tradicional,Un clásico;Familiar,0
Ayşa Boşnak Börekçisi,Anafartalar Caddesi Abacıoğlu Hanı No:228 Z15; Kemeraltı/Konak; Izmir; 35250; Turquía,Izmir,Turquía,0,Turca; Tradicional,,0
Mezegi,Port Marina Küme Evler No:12 D-Marin; Göcek; Fethiye; 48300; Turquía,Fethiye,Turquía,1,Turca; Cocina mediterránea,Terraza agradable;Cocina local,0
Agora Pansiyon,Kapıkırı Mahallesi; Milas; 48234; Turquía,Milas,Turquía,1,Turca; Tradicional,Productos locales;Cocina local,0
Asma Yaprağı,Alaçatı Mahallesi; Kerimoğlu Mevkii; 7152. Sokak; No:143/1; Çeşme; Izmir; 35937; Turquía,Izmir,Turquía,1,Tradicional; Cocina de mercado,Productos locales;Cocina local,0
"SADE ""Beş Denizler Mutfağı""",Teşvikiye Mahallesi; Akkavak Sokak No:36; Şişli; Istanbul; 34365; Turquía,Istanbul,Turquía,0,Tradicional; Turca,Cocina local,0
mutfakkoz,Kozyatağı Mah. Kaya Sultan Sok. No:27B; Kadıköy; Istanbul; 34742; Turquía,Istanbul,Turquía,1,Turca,Cocina local,0
Ahmet Ustam Ocakbaşı,Maslak Mahallesi; Dereboyu 2 Caddesi No:8/1; Sarıyer; Istanbul; 34485; Turquía,Istanbul,Turquía,1,Turca; Tradicional,,0
Karaköy Lokantası,Kemankeş Mahallesi; Kemankeş Caddesi No:57; Karaköy/Beyoğlu; Istanbul; 34425; Turquía,Istanbul,Turquía,1,Turca; Cocina mediterránea,,0
Tabal Gastronomi Evi,Saruhan Mahallesi; Ak Medrese Caddesi No:23; Merkez; Niğde; 51100; Turquía,Niğde,Turquía,0,Regional,Familiar;Cocina local,0
Tavacı Recep Usta Bostancı,Altintepe; Bağdat Caddesi; No:6; Maltepe; Istanbul; 34840; Turquía,Istanbul,Turquía,1,Turca; A la Parrilla,,0
Mandalya,19 Mayis Caddesi; No: 4/A; Güvercinlik; Bodrum; 48200; Turquía,Bodrum,Turquía,0,Pescados y mariscos; Cocina mediterránea,Terraza agradable;Grupos,0
Parvus Kalamış,Zühtüpaşa Mahallesi; Rüştiye Sokak No:4/A; Kadıköy; Istanbul; 34724; Turquía,Istanbul,Turquía,1,Turca,,0
Mahir Lokantası,Cumhuriyet; Tavukçu Fethi Sokak No:28/B; Şişli; Istanbul; 34380; Turquía,Istanbul,Turquía,0,Turca,Cocina local,0
Nazende Cadde,Caddebostan Mahallesi; Bağdat Caddesi Kınayman B Blok No: 345A; Kadıköy; Istanbul; 34728; Turquía,Istanbul,Turquía,1,Turca; Tradicional,Grupos;Cocina local,0
Yanyalı Fehmi Lokantası,Osmanağa Mahallesi; Yağlıkçı İsmail Sokak No:1; Kadıköy; Istanbul; 34714; Turquía,Istanbul,Turquía,0,Turca,,0
Ali Ocakbaşı Karaköy,Arap Camii Mahallesi; Tersane Caddesi; Kardeşim Sokak No:45 Kat 4; Beyoğlu; Istanbul; 34421; Turquía,Istanbul,Turquía,1,Turca,Comer solo;Cocina local,0
Adil Müftüoğlu,Mithatpaşa Caddesi No:159; Balçova; Izmir; 35330; Turquía,Izmir,Turquía,0,Turca,Grupos;Cocina local,0
Bağarası,Bitez; Pınarlı Caddesi No:59; Bodrum; 48470; Turquía,Bodrum,Turquía,1,Turca,,0
LA Mahzen,Kuşçuburun Mahallesi; Başmimar Sinan Caddesi No:81; Yazıbaşı; Torbalı; Izmir; 35860; Turquía,Izmir,Turquía,1,Internacional,Terraza agradable;Romántico,0
Arka Ristorante Pizzeria,Çarşı; Cumhuriyet Caddesi No:102; Bodrum; 48400; Turquía,Bodrum,Turquía,0,Italiana; Pizza,,0
Tatbak,Valikonağı Caddesi; Akkavak Sokak No:38/B; Nişantaşı/Şişli; Istanbul; 34365; Turquía,Istanbul,Turquía,1,Turca; Tradicional,Comer solo;Cocina local,0
Tavacı Recep Usta Alsancak,Atatürk Caddesi No:364; Konak; Izmir; 35220; Turquía,Izmir,Turquía,1,Turca; Tradicional,,0
Partal Kardeşler Balık Restorant,Balıklıova; Balıklı Ova Caddesi No:297; Urla; Izmir; 35430; Turquía,Izmir,Turquía,1,Pescados y mariscos; A la Parrilla,Cocina local,0
Old Greek House,Davutlu; Şahin Caddesi No:12; Mustafapaşa; Ürgüp; 50420; Turquía,Ürgüp,Turquía,1,Regional; Turca,Un clásico;Romántico,0
Casius Antioch Kitchen,Kılıçalipaşa Mahallesi; Akarsu Yokuşu Caddesi No:36A; Cihangir Beyoğlu; Istanbul; 34433; Turquía,Istanbul,Turquía,1,Turca; A compartir,Comer solo,0
Beğendik Abi,Tatar Cami Sokak No:12; Urla; Izmir; 35430; Turquía,Izmir,Turquía,0,Turca,Merece la espera;Cocina local,0
Otantik Ocakbaşı,Atatürk Caddesi No:46; Bodrum; 48400; Turquía,Bodrum,Turquía,0,A la Parrilla; Turca,,0
CHAWEE,84/20 Chang Phueak; Mueang Chiang Mai; Chiang Mai; 50300; Tailandia,Chiang Mai,Tailandia,1,Thai,Tendencia,0
Aravan Evi,Ayvalı Köyü İç Yolu; Ayvalı Köyü; Ürgüp; 50400; Turquía,Ürgüp,Turquía,0,Cocina de mercado; Tradicional,Productos locales;Cocina local,0
SANN,32 Mu 10; Bang Yai-Bang Khu Lat Road; Bang Len; Bang Yai; Nonthaburi; 11140; Tailandia,Nonthaburi,Tailandia,1,Thai,Familiar,0
Keawloon,21/3 Soi Saeng Chan; Phra Khanong; Khlong Toei; Bangkok; 10110; Tailandia,Bangkok,Tailandia,1,Thai,Grupos,0
La Voi,324/61 Chaiyaphruek Road; Pattaya; Nong Prue; Bang Lamung; Chon Buri; 20150; Tailandia,Chon Buri,Tailandia,0,Small eats,Comer solo;Cocina local,0
Khao Mun Gai Nha Jone,179/17 Mu 1; Mu Ban Rueansuk 1; Lam Phak Kut; Thanyaburi; Pathum Thani; 12110; Tailandia,Pathum Thani,Tailandia,0,Small eats; Arroces,Cocina local,0
Krua Praya,216/19 Mu 3; Soi Hua Tha 1; Si Sunthon; Thalang; Phuket; 83110; Tailandia,Phuket,Tailandia,1,Surtailandesa,Grupos,0
Pranom Shredded Chicken Noodles (Tha Wasukri),47/9 Mu 4; Tha Wasukri; Phra Nakhon Si Ayuthaya; Phra Nakhon Si Ayutthaya; 13000; Tailandia,Phra Nakhon Si Ayutthaya,Tailandia,0,Noodles,Cocina local,0
Pathongko Mae Pranee,57 Wirat Hong Yok 3 Road; Wichit; Mueang Phuket; Phuket; 83000; Tailandia,Phuket,Tailandia,0,Street food; Pa Thong Ko,Cocina local,0
Naam Yoi,63/250 Ruam Phattana Road; Ratsada; Mueang Phuket; Phuket; 83000; Tailandia,Phuket,Tailandia,1,Surtailandesa,Grupos;Cocina local,0
Krua Kao Kuk,47/4-5 Phatthana Road; Talat Nuea; Mueang Phuket; Phuket; 83000; Tailandia,Phuket,Tailandia,1,Surtailandesa,Familiar;Cocina local,0
Rung Rueang Tung Pork Noodle,21/2 Soi Sukhumvit 26; Khlong Tan; Khlong Toei; Bangkok; 10110; Tailandia,Bangkok,Tailandia,0,Noodles,Cocina local,0
Lucky Seafood,28/1 Phran Nok-Phutthamonthon 4 Road; Bang Phrom; Taling Chan; Bangkok; 10170; Tailandia,Bangkok,Tailandia,1,Pescados y mariscos,Cocina local,0
Pad Thai Bua Dang,7/27 Soi Assawin; Posri Road; Mak Khaeng; Mueang Udon Thani; Udon Thani; 41000; Tailandia,Udon Thani,Tailandia,0,Thai,Cocina local,0
Dan Chicken Rice (San Sai),45 Mu 3; Old San Sai Road; San Sai Noi; San Sai; Chiang Mai; 50210; Tailandia,Chiang Mai,Tailandia,0,Small eats,Cocina local,0
Lung Shall Kitchen,50 Mu 7; Nongmaikean Road; Pattaya; Nong Prue; Bang Lamung; Chon Buri; 20150; Tailandia,Chon Buri,Tailandia,0,Thai,Cocina local,0
Banmai Chay Nam,21 Koh Kaew Village; Mittraphap Road; Pak Chong; Nakhon Ratchasima; 30130; Tailandia,Nakhon Ratchasima,Tailandia,1,Thai,Familiar;Grupos,0
Pa Pleung Mhee Kratok,1 Mu 8; Chok Chai; Nakhon Ratchasima; 30190; Tailandia,Nakhon Ratchasima,Tailandia,0,Noodles,Cocina local,0
Kaeng Pa Loong Sa-Nga,285/162-3 Soi Ngam Wong Wan 23 Lane 11; Bang Kraso; Mueang Nonthaburi; Nonthaburi; 11000; Tailandia,Nonthaburi,Tailandia,1,Thai,Grupos;Cocina local,0
Pa Lek Boat Noodles,Bang-Ain Road; Tha Wasukri; Phra Nakhon Si Ayutthaya; 13000; Tailandia,Phra Nakhon Si Ayutthaya,Tailandia,0,Noodles,Cocina local,0
Bunloet (Pom Prap Sattru Phai),360 Soi Nakhon Sawan 8; Nakhon Sawan Road; Wat Sommanat; Pom Prap Sattru Phai; Bangkok; 10100; Tailandia,Bangkok,Tailandia,0,Street food,,0
A Pong Mae Sunee,99 Soi Soon Uthit; Yaowarat Road; Talat Yai; Mueang Phuket; Phuket; 83000; Tailandia,Phuket,Tailandia,0,Street food,Cocina local,0
Pladids,60/57 Mu 4; Soi Marp Pra Chan Lang 1; Pattaya; Pong; Bang Lamung; Chon Buri; 20150; Tailandia,Chon Buri,Tailandia,1,Thai,Cocina local,0
Roti Chaofa,44 Chaofa Road; Talat Nuea; Mueang Phuket; Phuket; 83000; Tailandia,Phuket,Tailandia,0,Small eats,Cocina local,0
Magnolia Café,131/70; 131/82 Rattanakosin Road; Chang Moi; Mueang Chiang Mai; Chiang Mai; 503200; Tailandia,Chiang Mai,Tailandia,1,Thai,Grupos,0
Somsak Pu Ob (Charoen Rat),199-205 Soi Charoen Rat 1; Khlong San; Bangkok; 10600; Tailandia,Bangkok,Tailandia,1,Street food; Pescados y mariscos,Cocina local,0
Ton Mayom,23/17 Mu 6; Thep Krasattri Road; Ratsada; Mueang Phuket; Phuket; 83000; Tailandia,Phuket,Tailandia,0,Surtailandesa,Grupos,0
Janhom,273/4 Soi Ramkhamhaeng 21; Ramkhamhaeng Road; Wang Thonglang; Bangkok; 10310; Tailandia,Bangkok,Tailandia,0,Surtailandesa,Grupos;Cocina local,0
Kin Kub Koi,83/3 Phuttha Monthon Sai 2 Road; Sala Thammasop; Thawi Watthana; Bangkok; 10170; Tailandia,Bangkok,Tailandia,1,Pescados y mariscos,Familiar,0
Jun Hom,8/3 Mu 5; Mae Nam; Ko Samui; 84330; Tailandia,Ko Samui,Tailandia,1,Surtailandesa; Pescados y mariscos,Terraza agradable;Cocina local,0
Krua Apsorn (Dusit),503-505 Sam Sen Road; Wachira Payaban; Dusit; Bangkok; 10300; Tailandia,Bangkok,Tailandia,1,Thai,Cocina local,0
Here Joi Beef Noodle,127 Mu 20; Kasikon Thung Sang Road; Sila; Mueang Khon Kaen; Khon Kaen; 40000; Tailandia,Khon Kaen,Tailandia,0,Noodles,Cocina local,0
Baan Suan Lung Khai,18/18 Mu 4; Taling Ngam; Ko Samui; 84140; Tailandia,Ko Samui,Tailandia,1,Pescados y mariscos; Surtailandesa,Grupos,0
Som Tum Jinda,63/1-2 Phichit Rangsan Road; Nai Mueang; Mueang Ubon Ratchathani; Ubon Ratchathani; 34000; Tailandia,Ubon Ratchathani,Tailandia,1,Isan,Grupos,0
Jok Guay Jab Tom Sen Bat Queue,123/20 Namueang Road; Nai Mueang; Mueang Khon Kaen; Khon Kaen; 40000; Tailandia,Khon Kaen,Tailandia,0,Street food,Cocina local,0
Praprai,345/1-2 Airport Road; Ban Pet; Mueang Khon Kaen; Khon Kaen; 40000; Tailandia,Khon Kaen,Tailandia,1,Isan,Familiar,0
So Jeng,599/3-4 Mu 2; Chaeng Sanit Road; Nai Mueang; Ban Phai; Khon Kaen; 40110; Tailandia,Khon Kaen,Tailandia,1,Isan,Cocina local,0
Aunglo by Yangrak,174/4-6; Decho Road; Suriyawong; Bang Rak; Bangkok; 10500; Tailandia,Bangkok,Tailandia,1,Tailandesa contemporánea,Grupos,0
Nub,642-644 Chomphon Road; Nai Mueang; Mueang Nakhon Ratchasima; Nakhon Ratchasima; 30000; Tailandia,Nakhon Ratchasima,Tailandia,0,Noodles,Cocina local,0
Ann Tha Din Daeng,167 Tha Din Daeng Road; Khlong San; Bangkok; 10600; Tailandia,Bangkok,Tailandia,1,Pescados y mariscos; Thai,Cocina local,0
Nampetch,61/1 Mu 1; Bangnaimai Road; Mueang; Surat Thani; 84000; Tailandia,Surat Thani,Tailandia,1,Surtailandesa; Thai,Cocina local,0
Krachang Khao Lak,78/155 Mu; 5 Lam Kaen; Thai Mueang; Phang-Nga; 82210; Tailandia,Phang-Nga,Tailandia,1,Pescados y mariscos; Thai,Grupos,0
Kolun.h,110/1 Mahannop Road; Sao Chingcha; Phra Nakhon; Bangkok; 10200; Tailandia,Bangkok,Tailandia,0,Noodles,Cocina local,0
Jaan,9 Soi Chan 7; Chong Nonsi; Yan Nawa; Bangkok; 10120; Tailandia,Bangkok,Tailandia,1,Thai; Surtailandesa,Familiar;Grupos,0
Kai Yang Saeng Thai,126 Ratchadamnoen Road; Nai Mueang; Mueang Nakhon Ratchasima; Nakhon Ratchasima; 30000; Tailandia,Nakhon Ratchasima,Tailandia,0,A la Parrilla,Cocina local,0
Baan Pu Karn,15 Mu 5; Wat Tum; Phra Nakhon Si Ayutthaya; Phra Nakhon Si Ayutthaya; 13000; Tailandia,Phra Nakhon Si Ayutthaya,Tailandia,0,Thai,,0
Mok,115 Phrommarat Road; Nai Mueang; Mueang Ubon Ratchathani; Ubon Ratchathani; 34000; Tailandia,Ubon Ratchathani,Tailandia,1,Thai,Familiar,0
Krua Jay Sim,98/17 Mu 2; Soi Khun Kaeo 12; Khun Kaeo; Nakhon Chai Si; Nakhon Pathom; 73120; Tailandia,Nakhon Pathom,Tailandia,1,Thai,Cocina local,0
Baan Pee Lek,39 Chalermprakhet 9 Soi 9; Nong Bon; Prawet; Bangkok; 10250; Tailandia,Bangkok,Tailandia,1,Thai,Familiar;Grupos,0
Khun Jaeng Guay Tiew Pak Mor Kao Wang,246/4 Lang Mueang Road; Nai Mueang; Mueang Khon Kaen; Khon Kaen; 40000; Tailandia,Khon Kaen,Tailandia,0,Noodles; Small eats,Cocina local,0
No Name Noodle,1F; Room P2; 1/2 Soi Athakravi 1; Sukhumvit 26 Road; Khlong Tan; Khlong Toei; Bangkok; 10110; Tailandia,Bangkok,Tailandia,1,Noodles; Japonesa,Comer solo;Tendencia,0
Krua Laew Tae R-Rom,17/62 Mu 6; Paniad Chang Road; Pattaya; Na Kluea; Bang Lamung; Chon Buri; 20150; Tailandia,Chon Buri,Tailandia,0,Thai,Cocina local,0
Lung Khajohn Wat Ket,109 Charoen Rajd Road; Chang Moi; Mueang Chiang Mai; Chiang Mai; 50000; Tailandia,Chiang Mai,Tailandia,0,Street food,,0
Morakot Kitchen,28 Mu 4; Rangsit - Nakhon Nayok Road; Rangsit; Thanyaburi; Pathum Thani; 12110; Tailandia,Pathum Thani,Tailandia,1,Thai,Cocina local,0
Tonfon Bistro,5/2 Mu 6; Bo Saen; Thap Put; Phang-Nga; 82180; Tailandia,Phang-Nga,Tailandia,1,Surtailandesa,Grupos;Cocina local,0
Tue Ka Ko Na Prince,Kaeonawarat Road; Wat Ket; Mueang Chiang Mai; Chiang Mai; 50000; Tailandia,Chiang Mai,Tailandia,0,Street food,Cocina local,0
Thien Duong,Baan Dusit Thani; 116 Saladaeng Road; Si Lom; Bang Rak; Bangkok; 10500; Tailandia,Bangkok,Tailandia,1,Vietnamita,Grupos,0
Toh Daeng (Thalang),GF; Baan Ar-jor; 102 Thep Kasattri Road; Mai Khao; Thalang; Phuket; 83110; Tailandia,Phuket,Tailandia,1,Thai,Familiar,0
Phed Phed Bistro,Unit L1; The Circle Ratchapruk; 39 Ratchaphruek Road; Bang Ramat; Taling Chan; Bangkok; 10170; Tailandia,Bangkok,Tailandia,1,Isan,Cocina local,0
Bokkia Tha Din Daeng,323 Tha Din Daeng Road; Somdet Chao Phraya; Khlong San; Bangkok; 10600; Tailandia,Bangkok,Tailandia,0,Small eats,Cocina local,0
Dear Phangan,13/9 Mu 4; Ko Pha-ngan; Surat Thani; 84280; Tailandia,Surat Thani,Tailandia,1,Thai,Productos locales;Cocina local,0
Gongkham,259/22-23 Mu 1; Rim Tai; Mae Rim; Chiang Mai; 50180; Tailandia,Chiang Mai,Tailandia,0,Nortailandesa,Cocina local,0
Niyom Salt Grilled Duck,5/19 Mu 3; Chao Fah Tawan Tok Road; Wichit; Mueang Phuket; Phuket; 83000; Tailandia,Phuket,Tailandia,0,A la Parrilla,Cocina local,0
Sow Jeck,183/8 Maharat Road; Mueang Nakhon Ratchasima; Nakhon Ratchasima; 30000; Tailandia,Nakhon Ratchasima,Tailandia,0,Thai,Cocina local,0
Baan Ta Ko Rai,112/941 Mu 3; Khlong Suanplu; Phra Nakhon Si Ayutthaya; 13000; Tailandia,Phra Nakhon Si Ayutthaya,Tailandia,1,Thai,Cocina local,0
Kin-Kub-Ei,81/9 Mu 7; Si Sunthon Road; Si Sunthon; Thalang; Phuket; 83110; Tailandia,Phuket,Tailandia,1,Surtailandesa,Familiar,0
Thai Niyom,Mahatun Plaza; 888/28-29 Phloen Chit Road; Lumphini; Pathum Wan; Bangkok; 10330; Tailandia,Bangkok,Tailandia,1,Thai,Comer solo,0
Huen Muan Jai,24 Ratchaphruek Road; Chang Phueak; Mueang Chiang Mai; Chiang Mai; 50300; Tailandia,Chiang Mai,Tailandia,1,Nortailandesa,Familiar;Cocina local,0
One Chun,48/1 Thep Krasatti Road; Talat Yai; Mueang Phuket; Phuket; 83000; Tailandia,Phuket,Tailandia,1,Surtailandesa,Grupos,0
Khao Soi Thai Yai,331/4 Mu 5; Sinchaithani Road; Mak Khaeng; Mueang Udon Thani; Udon Thani; 41000; Tailandia,Udon Thani,Tailandia,0,Nortailandesa,Cocina local,0
Pad Thai Fai Ta Lu (Phra Nakhon),115/5 Dinso Road; Bowon Niwet; Phra Nakhon; Bangkok; 10200; Tailandia,Bangkok,Tailandia,0,Noodles,Cocina local,0
Krua Baan Platong,167/1 Mu 5; Thepkrasattri Road; Si Sunthon; Thalang; Phuket; 83110; Tailandia,Phuket,Tailandia,0,Surtailandesa,Grupos;Cocina local,0
Khao Lam Mae Khai Toon Klao,357 Sukhumvit Road; Saen Suk; Mueang Chon Buri; Chon Buri; 20130; Tailandia,Chon Buri,Tailandia,0,Street food,Cocina local,0
Roe Dang,55/15 Mu 1; Phet Kasem Road; Lam Kaen; Thai Mueang; Phang-Nga; 82210; Tailandia,Phang-Nga,Tailandia,0,Surtailandesa,Grupos;Cocina local,0
Maan Muang,165/6-7 Soi Ramkhamhaeng 112; Ramkhamhaeng Road; Saphan Sung; Bangkok; 10240; Tailandia,Bangkok,Tailandia,1,Nortailandesa,Cocina local;Favorito del inspector,0
Khao Soi Mae Sai,29/1 Ratchaphruek Road; Chang Phueak; Mueang Chiang Mai; Chiang Mai; 50300; Tailandia,Chiang Mai,Tailandia,0,Noodles,Cocina local,0
Nai Ngieb,125/21 Mu 6; Phutthamonthon Sai 4 Road; Salaya; Phutthamonthon; Nakhon Pathom; 73170; Tailandia,Nakhon Pathom,Tailandia,0,Noodles,Cocina local,0
Hok Kee Lao,207 Rat Bumrung Road; Bang Nai Si; Takua Pa; Phang-Nga; 82110; Tailandia,Phang-Nga,Tailandia,1,Chino-tailandesa,Grupos;Cocina local,0
Huan Soontaree,208 Pa Tan Road; Pa Tan; Mueang Chiang Mai; Chiang Mai; 50300; Tailandia,Chiang Mai,Tailandia,1,Nortailandesa,Grupos,0
K. Panich,431-433 Tanao Road; Sao Chingcha; Phra Nakhon; Bangkok; 10200; Tailandia,Bangkok,Tailandia,0,Street food,Cocina local,0
The Charm Dining Gallery,93 Dibuk Road; Talat Nuea; Mueang Phuket; Phuket; 83000; Tailandia,Phuket,Tailandia,1,Surtailandesa; Peranakan,Familiar,0
Pa Ting (Don Sak),1/8 Mu 5; Don Sak; Surat Thani; 84220; Tailandia,Surat Thani,Tailandia,1,Pescados y mariscos,Cocina local,0
Beer Hima (Chatuchak),12/21; 99/231 Thetsaban Songkhro Road; Lat Yao; Chatuchak; Bangkok; 10900; Tailandia,Bangkok,Tailandia,1,Surtailandesa; Pescados y mariscos,Familiar;Grupos,0
Kin Lookdeaw,35 Mu 9; Tha Chao Sanuk; Tha Ruea; Phra Nakhon Si Ayutthaya; 13130; Tailandia,Phra Nakhon Si Ayutthaya,Tailandia,1,Thai,Cocina local,0
Krua Khun Nid,64 Soi Nonnivet 1; Udon Dussadi Road; Mak Khaeng; Mueang Udon Thani; Udon Thani; 41000; Tailandia,Udon Thani,Tailandia,0,Isan,Grupos,0
Samlor,1076 Charoen Krung Road; Bang Rak; Bangkok; 10500; Tailandia,Bangkok,Tailandia,1,Thai,Grupos,0
Khon Kaen Grilled Pork Neck,77/4 Klang Mueang Road; Nai Mueang; Mueang Khon Kaen; Khon Kaen; 40000; Tailandia,Khon Kaen,Tailandia,0,Street food,Cocina local,0
Rasik Local Kitchen,44/3 Sridonchai Road; Chang Khlan; Mueang Chiang Mai; Chiang Mai; 50100; Tailandia,Chiang Mai,Tailandia,1,Tailandesa contemporánea,Merece la espera;Grupos,0
Leng Yentafo,54/19 Klang Mueang Road; Nai Mueang; Mueang Khon Kaen; Khon Kaen; 40000; Tailandia,Khon Kaen,Tailandia,0,Street food,Comer solo;Cocina local,0
Lucky,452/90 Thathong Road; Talat; Mueang Surat Thani; Surat Thani; 84000; Tailandia,Surat Thani,Tailandia,1,Surtailandesa; Chino-tailandesa,Familiar,0
Yok Kheng,5/2 Tonpo Road; Talat; Mueang Surat Thani; Surat Thani; 84000; Tailandia,Surat Thani,Tailandia,0,Noodles,Comer solo;Cocina local,0
Plaew,63 Soi 5; Mu 1; Nakhon Pathom; Mueang Nakhon Pathom; Nakhon Pathom; 73000; Tailandia,Nakhon Pathom,Tailandia,0,Noodles,Cocina local,0
U-Khao,99 Mu 2; Khanon Luang; Bang Pa-in; Phra Nakhon Si Ayutthaya; 13160; Tailandia,Phra Nakhon Si Ayutthaya,Tailandia,1,Thai,Familiar,0
Krua Suwimol,1229/9 Mittraphap Road; Nai Mueang; Mueang Nakhon Ratchasima; Nakhon Ratchasima; 30000; Tailandia,Nakhon Ratchasima,Tailandia,0,Chino-tailandesa,Grupos;Cocina local,0
Sanae,68 Soi Ban Khang Wat Ram Poeng; Suthep; Mueang Chiang Mai; Chiang Mai; 50200; Tailandia,Chiang Mai,Tailandia,0,Thai,Grupos,0
Hong Seng,280 Mu 2; Chaeng Watthana Road; Pak Kret; Nonthaburi; 11120; Tailandia,Nonthaburi,Tailandia,1,Chino-tailandesa,Grupos,0
Laab Somphit,169 Chan Road; Nai Mueang; Mueang Nakhon Ratchasima; Nakhon Ratchasima; 30000; Tailandia,Nakhon Ratchasima,Tailandia,0,Isan,Cocina local,0
Baan Heng,54/2 Klang Mueang Road; Nai Mueang; Mueang Khon Kaen; Khon Kaen; 40000; Tailandia,Khon Kaen,Tailandia,0,Chino-tailandesa,Cocina local,0
Majchapasuk,166 Mu 8; Udon-Nong Khai Road; Mu Mon; Mueang Udon Thani; Udon Thani; 41000; Tailandia,Udon Thani,Tailandia,0,Thai,,0
Khanom Mho Kaeng Mae Yai (Phai Ling),65 Mu 7; Phai Ling; Phra Nakhon Si Ayutthaya; 13000; Tailandia,Phra Nakhon Si Ayutthaya,Tailandia,0,Small eats,Cocina local,0
Thai Tham,28/1 Phraeng Phuthon Road; San Chao Pho Suea; Phra Nakhon; Bangkok; 10200; Tailandia,Bangkok,Tailandia,0,Chino-tailandesa; Small eats,Cocina local,0
Ruan Thai Kung Pao,1/2 Mu 4; Soi Thetsaban 10; Ratchakhram; Bang Sai; Phra Nakhon Si Ayutthaya; 13290; Tailandia,Phra Nakhon Si Ayutthaya,Tailandia,1,Thai,Cocina local,0
Mun,46/11-12 Mu 1; Phet Kasem Road; Lam Kaen; Thai Mueang; Phang-Nga; 82210; Tailandia,Phang-Nga,Tailandia,0,Surtailandesa,Grupos,0
Mor Mu Dong,9/4 Mu 3 Soi Pa Lai; Chao Fa Road; Chalong; Mueang Phuket; Phuket; 83130; Tailandia,Phuket,Tailandia,1,Surtailandesa,Cocina local,0
Meena,13/5 Mu 2; San Klang; San Kamphaeng; Chiang Mai; 50130; Tailandia,Chiang Mai,Tailandia,1,Thai,Productos locales;Familiar,0
Euang Kam Sai,185/3 Wua Lai Road; Hai Ya; Mueang Chiang Mai; Chiang Mai; 50100; Tailandia,Chiang Mai,Tailandia,1,Nortailandesa,Cocina local,0
Lhongkhao Kitchen,18 Mu 2; Soi Sukhaphiban Mae Rim; Ban Duang Di 1; Rim Tai; Mae Rim; Chiang Mai; 50180; Tailandia,Chiang Mai,Tailandia,0,Nortailandesa,Cocina local,0
Go Benz,163 Krabi Road; Talat Nuea; Mueang Phuket; Phuket; 83000; Tailandia,Phuket,Tailandia,0,Asiática,Cocina local,0
Sanpakoi Kanomjeen,Thongkam Market; 11 Soi Thasatoi; Chang Moi; Mueang Chiang Mai; Chiang Mai; 50000; Tailandia,Chiang Mai,Tailandia,0,Street food,Cocina local,0
Ten Suns,456 Wisut Kasat Road; Bang Khun Phrom; Phra Nakhon; Bangkok; 10200; Tailandia,Bangkok,Tailandia,0,Noodles; Small eats,Cocina local,0
Guay Jub Chang Moi Tat Mai,99/11-12 Chang Moi Tat Mai Road; Chang Moi; Mueang Chiang Mai; Chiang Mai; 50300; Tailandia,Chiang Mai,Tailandia,0,Noodles,Cocina local,0
Khao Tom Dibuk,185/11 Phang-Nga Road; Talat Yai; Mueang Phuket; Phuket; 83000; Tailandia,Phuket,Tailandia,0,Noodles y Congee,Cocina local,0
Chai,4 Soi Samakkhi 38; Samakkhi Road; Tha Sai; Mueang Nonthaburi; Nonthaburi; 11000; Tailandia,Nonthaburi,Tailandia,1,Pescados y mariscos,Merece la espera;Grupos,0
Urai Braised Goose,935 Song Wat Road; Chakkrawat; Samphanthawong; Bangkok; 10100; Tailandia,Bangkok,Tailandia,0,Small eats; Chino-tailandesa,Cocina local,0
Roti Pa Day,In front of Wat Mahawan; Thapae Road Soi 4; Chang Moi; Mueang Chiang Mai; Chiang Mai; 50300; Tailandia,Chiang Mai,Tailandia,0,Street food,Cocina local,0
Pae Brass Pot Porridge 38 Years,320 Pracha Rat Sai 1 Road; Bang Sue; Bangkok; 10800; Tailandia,Bangkok,Tailandia,0,Congee; Small eats,Comer solo;Cocina local,0
Gim Nguan Noodle,75/70 Soi Chom Thong 16; Chom Thong Road; Bang Kho; Chom Thong; Bangkok; 10150; Tailandia,Bangkok,Tailandia,0,Noodles,Comer solo;Cocina local,0
Roti Thaew Nam,6 Thep Krasattri Road; Talat Yai; Mueang Phuket; Phuket; 83000; Tailandia,Phuket,Tailandia,0,Small eats,Cocina local,0
Chang-Wang-Imm,44 Mu 4; Soi Wat Bang Chak; Bang Tanai; Pak Kret; Nonthaburi; 11120; Tailandia,Nonthaburi,Tailandia,1,Thai,Terraza agradable,0
Here Hai (Vadhana),112/1 Soi Sukhumvit 63; Khlong Tan Nuea; Vadhana; Bangkok; 10110; Tailandia,Bangkok,Tailandia,1,Pescados y mariscos; Thai,Cocina local,0
Chuan Chim,37/3 Montri Road; Talat Yai; Mueang Phuket; Phuket; 83000; Tailandia,Phuket,Tailandia,1,Thai,Familiar;Cocina local,0
Saiyut and Doctor Sai Kitchen,32 Chotana Road Soi 12; Pa Tan; Mueang Chiang Mai; Chiang Mai; 50300; Tailandia,Chiang Mai,Tailandia,1,Thai,Familiar,0
Surf & Turf by Soul Kitchen,115 Phangnga Road; Talat Yai; Mueang Phuket; Phuket; 83000; Tailandia,Phuket,Tailandia,1,Europea contemporánea,Grupos,0
Ruean Panya,1300/600 Soi Ekkachai 13; Norarat Uthit Road; Maha Chai; Mueang Samut Sakhon; Samut Sakhon; 74000; Tailandia,Samut Sakhon,Tailandia,1,Thai,Familiar,0
Hia Wan Khao Tom Pla,816 Chan Road; Thung Wat Don; Sathon; Bangkok; 10120; Tailandia,Bangkok,Tailandia,1,Small eats; Chino-tailandesa,Comer solo;Cocina local,0
Keo Pla,560/4 Na Mueang Road; Talat; Mueang Surat Thani; Surat Thani; 84000; Tailandia,Surat Thani,Tailandia,0,Noodles,Cocina local,0
Sriruen Pad Thai (Ruenchit Road),48 Ruenchit Road; Nai Mueang; Mueang Khon Kaen; Khon Kaen; 40000; Tailandia,Khon Kaen,Tailandia,0,Noodles,Cocina local,0
Khanom Ochin,91 Jomsurangyat Road; Nai Mueang; Mueang Nakhon Ratchasima; Nakhon Ratchasima; 30000; Tailandia,Nakhon Ratchasima,Tailandia,0,Street food,Cocina local,0
Phunisa,11/1 Mu 1; Khao Hua Khwai; Phunphin; Surat Thani; 84130; Tailandia,Surat Thani,Tailandia,1,Surtailandesa,Terraza agradable;Grupos,0
Prik-Yuak (Phya Thai),108 Pradiphat Road; Phaya Thai; Bangkok; 10400; Tailandia,Bangkok,Tailandia,1,Thai,Familiar;Grupos,0
Kao.Piak.Sen,20/20 Sri Suk Road; Mak Khaeng; Mueang Udon Thani; Udon Thani; 41000; Tailandia,Udon Thani,Tailandia,0,Vietnamita,Cocina local,0
Prasit,44/4 Ammart Road; Mueang Khon Kaen; Khon Kaen; 40000; Tailandia,Khon Kaen,Tailandia,1,Isan,Cocina local,0
Mekin Farm,114 Mu 7; Ban Khok Klang; Chorakhe; Nong Ruea; Khon Kaen; 40240; Tailandia,Khon Kaen,Tailandia,1,Isan,Productos locales,0
Agave,6/11 Phalorangrit Road; Nai Mueang; Mueang Ubon Ratchathani; Ubon Ratchathani; 34000; Tailandia,Ubon Ratchathani,Tailandia,1,Vietnamita,Familiar;Grupos,0
Krua Luang Ten,160 Mu 2; Phet Kasem Road; Khuekkhak; Takua Pa; Phang-Nga; 82190; Tailandia,Phang-Nga,Tailandia,0,Surtailandesa,Cocina local,0
Peng Duck Noodles,439 Nong Tao Lek Road; Ban Lueam; Mueang Udon Thani; Udon Thani; 41000; Tailandia,Udon Thani,Tailandia,0,Noodles,Cocina local,0
Pae,80/1 Rahaeng Market; Rahaeng; Lat Lum Kaeo; Pathum Thani; 12140; Tailandia,Pathum Thani,Tailandia,1,Chino-tailandesa,Grupos,0
Upepidde,Vico Sant'Agnese 2; angolo corso Cavour; Ruvo di Puglia; 70037; Italia,Ruvo di Puglia,Italia,1,Cocina de Apulia; Regional,,0
Lercher's Wirtshaus,Schwarzenbergstr. 10; Murau; 8850; Austria,Murau,Austria,1,Regional; Tradicional,,0
Poppenborg's Stübchen,Brockhäger Straße 9; Harsewinkel; 33428; Alemania,Harsewinkel,Alemania,1,Tradicional,,0
Landgoed de Holtweijde,Spiekweg 7; Lattrop; 7635 LP; Holanda,Lattrop,Holanda,1,Francesa creativa; Francesa moderna,Familiar;Romántico,0
MEIER,Hilzhofen 18; Pilsach; 92367; Alemania,Pilsach,Alemania,1,Regional,,0
Sticky Fingers,Untere Bachgasse 9; Ratisbona; 93047; Alemania,Ratisbona,Alemania,1,Actual; Fusión,Romántico,0
Brandstätter,Münchner Bundesstraße 69; Salzburgo; 5020; Austria,Salzburgo,Austria,1,Regional; Internacional,Cocina local,0
Gutshof Andres,Pettstadt 1; Kirchlauter; 96166; Alemania,Kirchlauter,Alemania,1,Cocina de temporada; Cocina de mercado,,0
Lohmayr Stub'n,Salzburger Straße 13; Piding; 83451; Alemania,Piding,Alemania,1,Regional,,0
Kaufmann's Restaurant am Schlosspark,Schloßplatz 11; Gersfeld; 36129; Alemania,Gersfeld,Alemania,1,Cocina de temporada; Internacional,,0
Landhaus Tanner,Aglassing 1; Waging am See; 83329; Alemania,Waging am See,Alemania,1,Regional,,0
Holzgarten,Holzgartenstraße 3; Erlangen; 91054; Alemania,Erlangen,Alemania,1,Cocina de temporada; Internacional,,0
Triangel,Zgornje Rute 9; Gozd Martuljek; 4282; Eslovenia,Gozd Martuljek,Eslovenia,1,Regional; Moderna,Terraza agradable;Familiar,0
Noble,27a Church Road; Holywood; BT18 9BU; Reino Unido,Holywood,Reino Unido,1,Moderna,Romántico,0
Kulturhof Stanggass - Gasthaus,Berchtesgadener Straße 111; Bischofswiesen; 83483; Alemania,Bischofswiesen,Alemania,1,Cocina de temporada,,0
Forst's Landhaus,Mühlstraße 37b; Riedenburg; 93339; Alemania,Riedenburg,Alemania,1,Internacional; Cocina de mercado,,0
mrDeanes,28-40 Howard Street; Belfast; BT1 6PF; Reino Unido,Belfast,Reino Unido,1,Moderna,,0
Home,22 Wellington Place; Belfast; BT1 6GE; Reino Unido,Belfast,Reino Unido,1,Moderna; Cocina mediterránea,,0
Beau,Unit 2 Warehouse Lane; Waring Street; Belfast; BT1 2DX; Reino Unido,Belfast,Reino Unido,1,Moderna,Comer solo;Tendencia,0
EDŌ,3 Capital House; Unit 2; Upper Queen Street; Belfast; BT1 6FB; Reino Unido,Belfast,Reino Unido,1,Europea contemporánea,,0
Am Kring - Büschker's Stuben,Kring 6; Vreden; 48691; Alemania,Vreden,Alemania,1,Tradicional,,0
Deanes at Queens,1 College Gardens; Belfast; BT9 6BQ; Reino Unido,Belfast,Reino Unido,1,Inglesa moderna,Grupos,0
Forentum,Piazza Plebiscito 16; Lavello; 85024; Italia,Lavello,Italia,0,Regional,Cocina local,0
Wirtshaus by Vitus Winkler,Kirchweg 2; Sankt Veit im Pongau; 5621; Austria,Sankt Veit im Pongau,Austria,2,Austriaca; Regional,Favorito del inspector,0
Restavracija Majerca,Stara Fužina 19; Stara Fužina; 4265; Eslovenia,Stara Fužina,Eslovenia,1,Regional; Moderna,Comer solo,0
THE SCHELLY,Church Street; Ambleside; LA22 0BU; Reino Unido,Ambleside,Reino Unido,1,Regional,Mesa del chef,0
Restavracija Jožef,Vojkova Ulica 9A; Idrija; 5280; Eslovenia,Idrija,Eslovenia,1,Regional; Regional,Grupos;Cocina local,0
Wine & Brine,59 Main Street; Moira; BT67 0LQ; Reino Unido,Moira,Reino Unido,1,Moderna,Un clásico,0
HAVN,Oude Doelenkade 7; Hoorn; 1621 BH; Holanda,Hoorn,Holanda,1,Moderna; Internacional,Terraza agradable;Comer solo,0
Taxenbacherhof,Raiffeisenstraße 6; Taxenbach; 5660; Austria,Taxenbach,Austria,1,Austriaca; Tradicional,Cocina local,0
Landgasthof Zur Post,Zum See 10; Freiensteinau; 36399; Alemania,Freiensteinau,Alemania,0,Regional; Cocina de mercado,,0
Konoba Pescaria,Stari Grad 28; Mošćenička Draga; 51417; Croacia,Mošćenička Draga,Croacia,1,Pescados y mariscos; Croata,Romántico,0
Gostilna Mahorčič,Rodik 51; Rodik; 6240; Eslovenia,Rodik,Eslovenia,1,Europea tradicional; Cocina de mercado,Familiar;Productos locales,0
Etna,Kolodvorska ulica 3/a; Divača; 6215; Eslovenia,Divača,Eslovenia,0,Regional; Pizza,Familiar;Cocina local,0
Zum Fischer am See,Harrasser Straße 145; Prien am Chiemsee; 83209; Alemania,Prien am Chiemsee,Alemania,1,Cocina de temporada; Alemana,,0
Gasthof Blumenthal,Stiegelmühle 42; Spalt; 91174; Alemania,Spalt,Alemania,0,Regional,,0
Raedthuys,Raadhuisstraat 14; Doetinchem; 7001 EW; Holanda,Doetinchem,Holanda,1,Cocina de mercado,Familiar;Cocina local,0
Gostilnica Ruj,Dol Pri Vogljah 16; Dol pri Vogljah; 6221; Eslovenia,Dol pri Vogljah,Eslovenia,1,Regional; Cocina de temporada,Merece la espera;Comer solo,0
Skosh,96-98 Micklegate; York; YO1 6JX; Reino Unido,York,Reino Unido,1,Inglesa moderna,Grupos,0
Gasthof Alpenrose,Kirchplatz 2; Samerberg; 83122; Alemania,Samerberg,Alemania,1,Regional; Regional,,0
Zum Vaas,Münchener Straße 88; Forstinning; 85661; Alemania,Forstinning,Alemania,1,Tradicional,,0
Alter Esel,Marktstraße 10; Marktbreit; 97340; Alemania,Marktbreit,Alemania,1,Cocina de mercado; Cocina de temporada,,0
Michels Stern,Bahnhofstraße 9; Marktbreit; 97340; Alemania,Marktbreit,Alemania,1,Regional; Cocina de temporada,,0
Gredič,Ceglo 9; Dobrovo v Brdih; 5212; Eslovenia,Dobrovo v Brdih,Eslovenia,1,Moderna; Actual,Romántico,0
Klinec,Medana 20; Medana; 5212; Eslovenia,Medana,Eslovenia,0,Regional; Tradicional,Grupos;Cocina local,0
Rotes Ross,Würzburger Straße 3; Marktbergel; 91613; Alemania,Marktbergel,Alemania,1,Regional; Cocina de mercado,,0
Auers Schlosswirtschaft,Rosenheimer Straße 8; Neubeuern; 83115; Alemania,Neubeuern,Alemania,1,Regional,,0
Schwarzkopf,Lohrer Straße 80; Frammersbach; 97833; Alemania,Frammersbach,Alemania,1,Regional,,0
Mocking das Wirtshaus,Hahnenkammstraße 8; Kitzbühel; 6370; Austria,Kitzbühel,Austria,1,Regional; Moderna,,0
Alba,Wibautstraat 105H; Amsterdam; 1091 GL; Holanda,Amsterdam,Holanda,1,Creativa,,0
A-Fusion,Zeedijk 130; Amsterdam; 1012 BC; Holanda,Amsterdam,Holanda,0,Asiática,,0
Landhaus Zum Falken,Tauberzell 41; Adelshofen; 91587; Alemania,Adelshofen,Alemania,1,Regional; Cocina de mercado,,0
Serre Restaurant,Ferdinand Bolstraat 333; Amsterdam; 1072 LH; Holanda,Amsterdam,Holanda,1,Moderna,,0
Café Samabe,Korte Veerstraat 1; Haarlem; 2011 CL; Holanda,Haarlem,Holanda,1,Indonesia; Balinesa,,0
Bavette,4-6 Town Street; Horsforth; LS18 4RJ; Reino Unido,Horsforth,Reino Unido,1,Francesa,,0
Gasthaus Waltz,Ickstattstr. 13; Múnich; 80469; Alemania,Múnich,Alemania,1,Alpina; Regional,Tendencia,0
mokum,Alter Messeplatz 6; Múnich; 80339; Alemania,Múnich,Alemania,1,Creativa; Internacional,Romántico,0
Saluti,Grießstraße 10; Matrei in Osttirol; 9971; Austria,Matrei in Osttirol,Austria,1,Moderna; Pizza,,0
Konoba Malo Selo,Fratrija 1; Buje; 52460; Croacia,Buje,Croacia,1,Regional; Carnes a la parrilla,Cocina local,0
Gasthaus Weißenbeck,Ludwig-Thoma-Straße 56; Bergkirchen; 85232; Alemania,Bergkirchen,Alemania,1,Cocina de mercado; Regional,,0
Groenewoud,Groesbeekseweg 227; Nimega; 6523 NW; Holanda,Nimega,Holanda,1,Francesa moderna,,0
Gasthaus Steinberg,Hinterwindau 54; Westendorf; 6363; Austria,Westendorf,Austria,1,Tradicional; Austriaca,,0
Prashad,137 Whitehall Road; Drighlington; BD11 1AT; Reino Unido,Drighlington,Reino Unido,1,Hindú vegetariana,Familiar,0
Mühlenhelle - Bistro,Hohler Straße 1; Gummersbach; 51645; Alemania,Gummersbach,Alemania,1,Tradicional,,0
Landgasthof zum Kaffelstein,Hauptstraße 18; Kreuzwertheim; 97892; Alemania,Kreuzwertheim,Alemania,1,Cocina de temporada; Actual,,0
Twelve,Marsh Mill; Fleetwood Road North; Thornton; FY5 4JZ; Reino Unido,Thornton,Reino Unido,1,Inglesa moderna,,0
Alla Beccaccia,ul. Pineta 25; Valbandon; 52212; Croacia,Valbandon,Croacia,1,Tradicional; Clásica,Cocina local,0
Courthouse,1 Monaghan Street; Carrickmacross; A81 X066; Irlanda,Carrickmacross,Irlanda,1,Regional,,0
Little John's,Niederrheinallee 310; Neukirchen-Vluyn; 47506; Alemania,Neukirchen-Vluyn,Alemania,1,Cocina de mercado; Internacional,Cocina local,0
Hirsch & Jägerstüberl - Ostiner Stub'n,Schlierseer Straße 60; Gmund am Tegernsee; 83703; Alemania,Gmund am Tegernsee,Alemania,1,Cocina de mercado; Cocina de temporada,,0
Das Pfleger,Dorf 15; Anras; 9912; Austria,Anras,Austria,1,Cocina de temporada; Moderna,Terraza agradable,0
Ehemalige Sparkasse,Schrannengasse 1; Dinkelsbühl; 91550; Alemania,Dinkelsbühl,Alemania,1,Regional; Cocina de temporada,,0
Scherer,Dorf 145; Obertilliach; 9942; Austria,Obertilliach,Austria,1,Regional,Familiar,0
Fürstenfelder,Fürstenfeld 15; Fürstenfeldbruck; 82256; Alemania,Fürstenfeldbruck,Alemania,1,Actual; Regional,,0
Engine Social Dining,72 Wharf Street; Sowerby Bridge; HX6 2AF; Reino Unido,Sowerby Bridge,Reino Unido,1,Moderna,,0
EssBar fein & pfiffig,Kaiserstraße 27; Dusseldorf; 40479; Alemania,Dusseldorf,Alemania,1,Internacional; Cocina de temporada,,0
Jägerwirt,Nikolaus-Rank-Straße 1; Bad Tölz; 83646; Alemania,Bad Tölz,Alemania,1,Regional; Cocina de temporada,Grupos,0
Gasthaus Goldener Stern,Dorfstraße 1; Friedberg; 86316; Alemania,Friedberg,Alemania,1,Regional; Cocina de mercado,,0
Moarwirt,Sonnenlängstraße 26; Dietramszell; 83623; Alemania,Dietramszell,Alemania,1,Cocina de mercado; Alemana,Familiar;Productos locales,0
Bornheimer Ratskeller,Kettelerallee 72; Fráncfort del Meno; 60385; Alemania,Fráncfort del Meno,Alemania,1,Regional,Terraza agradable;Productos locales,0
Münstermanns Kontor,Hohe Straße 11; Dusseldorf; 40213; Alemania,Dusseldorf,Alemania,1,Internacional; Tradicional,Cocina local,0
De Schans by Mike & Wes,Willeskop 87; Montfoort; 3417 MC; Holanda,Montfoort,Holanda,1,Creativa,,0
Norman's Neighbourhood Kitchen,22A North Road; Kirkburton; HD8 0RH; Reino Unido,Kirkburton,Reino Unido,1,Cocina mediterránea; Con influencias asiáticas,,0
Tölzer Schießstätte - Hager,Kiefersau 138; Wackersberg; 83646; Alemania,Wackersberg,Alemania,1,Regional; Tradicional,Cocina local,0
Weinhaus Stern,Hauptstraße 23; Bürgstadt; 63927; Alemania,Bürgstadt,Alemania,1,Regional; Cocina de mercado,Romántico,0
Zur Krone,Miltenberger Straße 1; Großheubach; 63920; Alemania,Großheubach,Alemania,1,Cocina de mercado; Cocina de temporada,,0
YALDY,Moselstraße 15; Fráncfort del Meno; 60329; Alemania,Fráncfort del Meno,Alemania,1,Cocina de temporada; Internacional,Tendencia,0
Rubino,53 Old Bakery Street; La Valeta; VLT 1454; Malta,La Valeta,Malta,1,Tradicional,Comer solo,0
AYU,209 The Strand; Gzira; GZR 1023; Malta,Gżira,Malta,0,Cocinas del mundo; Internacional,Familiar,0
Gründler's Genießer Wirtshaus,Seestraße 35; Achenkirch; 6215; Austria,Achenkirch,Austria,1,Regional,Cocina local,0
Hirsch,Maierstraße 2; Ellwangen; 73479; Alemania,Ellwangen,Alemania,1,Regional; Cocina de temporada,,0
Gaststube,Rondellstraße 20; Höchst im Odenwald; 64739; Alemania,Höchst im Odenwald,Alemania,1,Regional; Tradicional,,0
Bistrot di Pescheria,Via Luigi Guercio 1; Salerno; 84134; Italia,Salerno,Italia,1,Pescados y mariscos; Cocina mediterránea,Cocina local,0
Landhaus Zum Rössle,Zeilwiesen 5; Schwäbisch Hall; 74523; Alemania,Schwäbisch Hall,Alemania,1,Cocina de mercado; Regional,,0
HENNE.Weinbar,Pfeilstraße 31; Colonia; 50672; Alemania,Colonia,Alemania,0,Internacional; Cocina de temporada,Comer solo,0
Capricorn [ i ] Aries Brasserie,Alteburgerstraße 31; Colonia; 50678; Alemania,Colonia,Alemania,1,Francesa clásica,Cocina local,0
Verbena,St Anne Street; Mgarr; MGR 2110; Malta,Mġarr,Malta,1,Cocina mediterránea; Cocina de temporada,Familiar;Favorito del inspector,0
Gasthaus Scherz,Luxemburger Straße 256; Colonia; 50937; Alemania,Colonia,Alemania,1,Austriaca; Regional,Comer solo;Cocina local,0
Al Convento - Casa Torrente,Piazza San Francesco 16; Cetara; 84010; Italia,Cetara,Italia,1,Cocina de Campania; Cocina mediterránea,Familiar;Cocina local,0
La Fratanza,Via Garibaldi 37; Nocera Superiore; 84015; Italia,Nocera Superiore,Italia,0,Cocina de Campania; Tradicional,Familiar;Cocina local,0
Commando,Misraħ Iz-Żjara tal-Papa; Mellieħa; MLH 1080; Malta,Mellieħa,Malta,1,Cocina mediterránea,,0
Staudenwirt,Staudenweg 6; Finning; 86923; Alemania,Finning,Alemania,1,Regional; Cocina de temporada,,0
The Spärrows,16 Red Bank; Green Quarter; Mánchester; M4 4HF; Reino Unido,Mánchester,Reino Unido,1,Moderna,,0
Erst,9 Murray Street; Ancoats; Mánchester; M4 6HS; Reino Unido,Mánchester,Reino Unido,1,Británica comtemporánea,Comer solo,0
Higher Ground,Faulkner House; New York Street; Mánchester; M1 4DY; Reino Unido,Mánchester,Reino Unido,1,Inglesa moderna,Comer solo,0
El Gato Negro,52 King Street; Mánchester; M2 4LY; Reino Unido,Mánchester,Reino Unido,1,Española,Comer solo;Grupos,0
Asian Glories,Westewagenstraat 74; Róterdam; 3011 AT; Holanda,Róterdam,Holanda,1,China,Familiar;Grupos,0
Almanac,54 High Street West; Glossop; SK13 8BH; Reino Unido,Glossop,Reino Unido,1,Cocina de temporada; Inglesa tradicional,Cocina local,0
Die Krone,Hauptstraße 44; Sulzbach-Laufen; 74429; Alemania,Sulzbach-Laufen,Alemania,1,Cocina de mercado; Regional,,0
The Gunton Arms,Cromer Road; Gunton Park; Thorpe Market; NR11 8TZ; Reino Unido,Thorpe Market,Reino Unido,1,Inglesa tradicional,Un clásico,0
Restaurant Corona im Hotel zur Post,Mittelstraße 13; Hardert; 56579; Alemania,Hardert,Alemania,1,Cocina mediterránea; Cocina de mercado,,0
Bistro De Ertepeller,Slobbengorsweg 149; Papendrecht; 3351 LH; Holanda,Papendrecht,Holanda,1,Francesa creativa; Fusión,,0
Geberts Weinstuben,Frauenlobstraße 94; Maguncia; 55118; Alemania,Maguncia,Alemania,1,Clásica; Cocina de temporada,Cocina local,0
Estrò,piazza della Rinascita 23; Pescara; 65122; Italia,Pescara,Italia,0,Actual; Regional,Cocina local,0
Xiao Dong Men Niu Rou Shui Fen Lao Dian,36-20 & 21 Huangcheng Road; Jiaocheng; Ningde; China Continental,Ningde,China Continental,0,Noodles,Merece la espera,0
Chun Sheng,125 Bei Huan Shuang Nei Road; Jinjiang; Quanzhou; China Continental,Quanzhou,China Continental,1,Cocina de Fujian,Familiar;Cocina local,0
Xingxian (Mawei),66 Qingzhou Road; Mawei District; Fuzhou; China Continental,Fuzhou,China Continental,1,Pescados y mariscos,,0
Hu Yu Zhong Wu Qu Bian Rou,101D-102D; Building 8; 31 Mindong Middle Road; Jiaocheng; Ningde; China Continental,Ningde,China Continental,0,Small eats,Merece la espera,0
Ning Chuan Zu Yao Yu Wan,5-1 Bayiwu West Road; Jiaocheng; Ningde; China Continental,Ningde,China Continental,0,Small eats,Merece la espera,0
Ye Jia Hua Sheng Tang,51 Shijing Lane; Gulou; Fuzhou; China Continental,Fuzhou,China Continental,0,Small eats,Cocina local,0
Zhen Zhen Hai Li Jian,184 Xiahe Road; Siming; Xiamen; China Continental,Xiamen,China Continental,0,Cocina de Fujian,Cocina local,0
Lu Niang Zi (Huli),161 Jiangtou West Road; Huli; Xiamen; China Continental,Xiamen,China Continental,0,Noodles,,0
Yue Hua Sha Cha Mian,78 Zhenbang Road; Siming; Xiamen; China Continental,Xiamen,China Continental,0,Noodles,Cocina local,0
Lao Song Bian Shi Dian,202-101 Xiahe Road; Siming; Xiamen; China Continental,Xiamen,China Continental,0,Small eats,Cocina local,0
Hao Shi Lai,24 Hubin South Road; Siming; Xiamen; China Continental,Xiamen,China Continental,1,Pescados y mariscos,Cocina local,0
Mei Ya Bo Hua Sheng Tang,182 Lao Yaozhou Street; Taijiang; Fuzhou; China Continental,Fuzhou,China Continental,0,Small eats,Cocina local,0
Hall Thing (Licheng),24 Gongjie Lane; Licheng; Quanzhou; China Continental,Quanzhou,China Continental,1,Cocina de Fujian,,0
Wu Lan Sha Cha Mian,300-1 Jiaotang Street; Zengcuoan; Siming; Xiamen; China Continental,Xiamen,China Continental,0,Noodles,Cocina local,0
Hou Jie Lao Hua (216 Tonghu Road),216 Tonghu Road; Gulou; Fuzhou; China Continental,Fuzhou,China Continental,0,Noodles,Cocina local,0
Xiao Cheng Xi,4F; Pacific Wharf; 3 Lujiang Avenue; Siming; Xiamen; China Continental,Xiamen,China Continental,1,Cocina de Fujian,,0
Shan Hai Nan Yan,Building 20; 35; 37; Aicheng Lane; Taijiang; Fuzhou; China Continental,Fuzhou,China Continental,1,Cocina de Fujian,,0
Jian Lai Fa,104-106 Nanjun North Road; Licheng; Quanzhou; China Continental,Quanzhou,China Continental,1,Cocina de Fujian,Familiar,0
Min Shi Fu,2-3F; Block A; Xinhuafu Plaza; 173 Wusi Road; Gulou; Fuzhou; China Continental,Fuzhou,China Continental,1,Cocina de Fujian,Grupos,0
Lai Cuo Cheng Bian Shi Dian,8 Dayuan Road; Siming; Xiamen; China Continental,Xiamen,China Continental,0,Small eats,Cocina local,0
Panda's,170 Xiangdianli; Huli; Xiamen; China Continental,Xiamen,China Continental,1,Cocina de Sichuan,,0
Wu Tang Sha Cha Mian,76 Minzu Road; Siming; Xiamen; China Continental,Xiamen,China Continental,0,Noodles,Cocina local,0
Chic 1699,3F; Building C; JFC Center; 1705 Island Ring East Boulevard; Siming; Xiamen; China Continental,Xiamen,China Continental,1,Cocina de Fujian,,0
Xian Xiong Qi,29 Houjiangdai Road; Siming; Xiamen; China Continental,Xiamen,China Continental,1,Pescados y mariscos,,0
167 Shan Hai Li,2F; Zhongfu Plaza; 92 Dong Street; Gulou; Fuzhou; China Continental,Fuzhou,China Continental,1,Cocina de Fujian,Familiar,0
Shou Ning Mi Gao,103D; Building 4; 6 Quchitang Road; Jiaocheng; Ningde; China Continental,Ningde,China Continental,0,Small eats,Merece la espera,0
Shan Li Yan Sha Cha Mian,285 Datong Road; Siming; Xiamen; China Continental,Xiamen,China Continental,0,Noodles,Cocina local,0
Da Tong Shao Jiu Lang,280-304 Sidongheng Lane; Siming; Xiamen; China Continental,Xiamen,China Continental,1,Cocina de Fujian,Cocina local,0
Jing Li,3F; Sandi Union Center; Zhenwu Road; Taijiang; Fuzhou; China Continental,Fuzhou,China Continental,1,Cocina de Fujian,Romántico,0
Chen Xian Sen Sha Cha Mian,131-3 Jiageng Road; Jimei; Xiamen; China Continental,Xiamen,China Continental,0,Noodles,Cocina local,0
A Xin Xian Lao (Gongnong Road),9 Gongnong Road; Cangshan; Fuzhou; China Continental,Fuzhou,China Continental,0,Noodles,Cocina local,0
Wai Tou Niu Rou (Meiling Road),472-476 Meiling Road; Jinjiang; Quanzhou; China Continental,Quanzhou,China Continental,0,Cocina de Fujian,Cocina local,0
Si Xia Li (Huli),2F; Building B3; G Art Park; 566 Jinbian Road; Huli; Xiamen; China Continental,Xiamen,China Continental,1,Cocina de Fujian,Familiar,0
"Homeme18"" (Huming Road)",24 Huming Road; Siming; Xiamen; China Continental,Xiamen,China Continental,0,Cocina de Fujian,Familiar;Cocina local,0
Guo Gong Fan Dian,315 Xiangxi Road; Xiang'an; Xiamen; China Continental,Xiamen,China Continental,0,Cocina de Fujian,Cocina local,0
Yi Qiang (Dadao Road),51 Dadao Road; Taijiang; Fuzhou; China Continental,Fuzhou,China Continental,0,Cocina de Fujian,,0
Longkushan Eatery,24 Xiyuan Road; Jin'an; Fuzhou; China Continental,Fuzhou,China Continental,0,Cocina de Fujian,Cocina local,0
Antstory,7 Buzhengya Lane; Wudianshi; Jinjiang; Quanzhou; China Continental,Quanzhou,China Continental,1,Cocina de Fujian,Familiar;Grupos,0
Dai Tai,20 Jianye Road; Siming; Xiamen; China Continental,Xiamen,China Continental,1,Cocina de Yunnan,Familiar,0
Yu Xian Lou,66-70 South Jiangbin West Avenue; Cangshan; Fuzhou; China Continental,Fuzhou,China Continental,1,Pescados y mariscos,Grupos,0
Zhuang Ji Quan Fu Lu Mian Guan,59-3 Hua Lane; Licheng; Quanzhou; China Continental,Quanzhou,China Continental,0,Noodles,Cocina local,0
Zhang Lin A Shan Jiang Mu Ya,65-6;7;8;9; Xinhua North Road; Licheng; Quanzhou; China Continental,Quanzhou,China Continental,0,Cocina de Fujian,Familiar;Cocina local,0
A Qiu Niu Pai (Huxin Street),500 Huxin Street; Fengze; Quanzhou; China Continental,Quanzhou,China Continental,0,Cocina de Fujian,Cocina local,0
Luo Ji Mian Xian Hu,56 Xianhou Road; Licheng; Quanzhou; China Continental,Quanzhou,China Continental,0,Noodles,Cocina local,0
Tong'an Fan Dian (Huachang Road),A103; Zone A; Southeast World; 125 Huachang Road; Huli; Xiamen; China Continental,Xiamen,China Continental,1,Cocina de Fujian,Familiar;Cocina local,0
Fu Ding Zheng Zong Bian Rou (Jianxin Road),1-27 Jianxin Road; Jiaocheng; Ningde; China Continental,Ningde,China Continental,0,Small eats,Merece la espera,0
Fu Yu Da Tong Ya Rou Zhou,166 Kaihe Road; Siming; Xiamen; China Continental,Xiamen,China Continental,0,Congee,Cocina local,0
Shang Xing,41-3 Beierhuan Middle Road; Gulou; Fuzhou; China Continental,Fuzhou,China Continental,1,Chao Zhou,,0
De Wen Xia Zai Mian,149 Dong Street; Licheng; Quanzhou; China Continental,Quanzhou,China Continental,0,Noodles,Cocina local,0
Lao A Bo,600-1 Chengbei Road; Fengze; Quanzhou; China Continental,Quanzhou,China Continental,1,Cocina de Fujian,,0
A Zhong Shi Fang,111-1 Jinbang Road; Siming; Xiamen; China Continental,Xiamen,China Continental,1,Cocina de Fujian,Cocina local,0
Che Qiao Tou Wen A Shui Wan (Daxi Street),9 Daxi Street; Licheng; Quanzhou; China Continental,Quanzhou,China Continental,0,Small eats,Cocina local,0
A Xi Xia Mian,11 Dayuan Road; Siming; Xiamen; China Continental,Xiamen,China Continental,0,Noodles,Cocina local,0
Lin Yi Nen Ming Pai Zhu Xue Hua,79-7 Xuejun Road; Taijiang; Fuzhou; China Continental,Fuzhou,China Continental,0,Noodles,Cocina local,0
Yong Zhou Ji Bian Rou (Jinrong South Road),10-10 Jinrong South Road; Cangshan; Fuzhou; China Continental,Fuzhou,China Continental,0,Small eats,Cocina local,0
Zhong Ji Yan Shao Fan Ya,91 Chongfu Road; Licheng; Quanzhou; China Continental,Quanzhou,China Continental,0,Cocina de Fujian,Cocina local,0
Yi Tong Lou,Zone A; 2F; International Building; 210 Wusi Road; Gulou; Fuzhou; China Continental,Fuzhou,China Continental,1,Cocina de Fujian,,0
Shan Gu Tang (Xiahe Road),386-119 Xiahe Road; Siming; Xiamen; China Continental,Xiamen,China Continental,0,Cocina de Fujian,,0
Cong Hui Tongan Lao Mei Shi Fan Dian,3-102 Dayuan Road; Siming; Xiamen; China Continental,Xiamen,China Continental,0,Cocina de Fujian,Familiar;Cocina local,0
Ming Yue Xia Mian (Xiahe Road),180-101 Xiahe Road; Siming; Xiamen; China Continental,Xiamen,China Continental,0,Noodles,Cocina local,0
Minnan Minnan (Siming),Shop 328; 3F; The MixC; 99 Hubin East Road; Siming; Xiamen; China Continental,Xiamen,China Continental,1,Cocina de Fujian,,0
Xiang Mo Jin Nian,224-103 Lvling Road; Siming; Xiamen; China Continental,Xiamen,China Continental,1,Cocina de Fujian,Familiar,0
Guan Zhong Wang Shi (Gulou),105; Building 4; Fujian Screen Culture Creative Industry Park; 81 Liuhe Road; Gulou; Fuzhou; China Continental,Fuzhou,China Continental,0,Noodles,,0
Pan Ya Yuan,Inside Huihe Stone Cultural Park; 149 Zhonglunshe; Lvling Road; Huli; Xiamen; China Continental,Xiamen,China Continental,1,Vegetariana,Grupos,0
Bai Jia Chun Hao De Lai Jiang Mu Ya (Zhongxing Road),40-102 Zhongxing Road; Siming; Xiamen; China Continental,Xiamen,China Continental,0,Cocina de Fujian,Cocina local,0
Secco,Eugenstraße 3; Hall in Tirol; 6060; Austria,Hall in Tirol,Austria,1,Regional; Con influencias asiáticas,,0
Lucie Cocina,Kleine Berg 34b; Eindhoven; 5611 JV; Holanda,Eindhoven,Holanda,1,Española contemporánea; Creativa,Familiar,0
Durnwald,via Nikolaus Amhof 6; località Durna in Selva; Valle di Casies; 39030; Italia,Valle di Casies,Italia,1,Regional; Tradicional,Cocina local,0
Ai Pero,Schafbachstraße 20; Andernach; 56626; Alemania,Andernach,Alemania,1,Italiana; Actual,,0
Sculthorpe Mill,Lynn Road; Sculthorpe; NR21 9QG; Reino Unido,Sculthorpe,Reino Unido,1,Inglesa moderna,,0
Stube ZWEI.NULL,Burghof 11; Langenau; 89129; Alemania,Langenau,Alemania,1,Regional; Cocina de mercado,,0
Thyme,Custume Place; Strand Street; Athlone; N37F1W4; Irlanda,Athlone,Irlanda,2,Moderna,,0
Lo Stuzzichino,Via Deserto 1/a; Sant'Agata sui Due Golfi; 80061; Italia,Sant'Agata sui Due Golfi,Italia,1,Cocina de Campania; Tradicional,Cocina local,0
Ziegler,Sachsenstraße 39; Weinheim; 69469; Alemania,Weinheim,Alemania,1,Internacional; Actual,,0
Weedenhof,Mainzer Straße 6; Jugenheim in Rheinhessen; 55270; Alemania,Jugenheim in Rheinhessen,Alemania,1,Cocina de mercado; Cocina mediterránea,,0
La Torre One Fire,Piazzetta Annunziata 7; Annunziata; 80061; Italia,Annunziata,Italia,1,Cocina de Campania; Cocina casera,Comer solo;Cocina local,0
daróg,56 Lower Dominick Street; Galway; H91 K225; Irlanda,Galway,Irlanda,1,Moderna,Romántico,0
The Reindeer,Main Street; Hoveringham; NG14 7JR; Reino Unido,Hoveringham,Reino Unido,1,Inglesa tradicional,,0
Andrea - Sapori Montani,Via Padre Giacinto 20; Palazzolo Acreide; 96010; Italia,Palazzolo Acreide,Italia,1,Siciliana,Cocina local,0
The Wildebeest,82 - 86 Norwich Road; Stoke Holy Cross; NR14 8QJ; Reino Unido,Stoke Holy Cross,Reino Unido,1,Europea,,0
BORGO,162-165 Phibsborough Road; Dublín; D07 RX3P; Irlanda,Dublín,Irlanda,1,Italiana,Familiar;Grupos,0
Speisemeisterei Burgthalschenke,Untere Hauptstraße 4; Vöhringen; 89269; Alemania,Vöhringen,Alemania,1,Clásica; Cocina de temporada,,0
Osteria Ophis,Corso Serpente Aureo 54/b; Offida; 63073; Italia,Offida,Italia,1,Cocina de Marches; Moderna,,0
Luna Rossa,Via Marconi 18; Terranova di Pollino; 85030; Italia,Terranova di Pollino,Italia,0,Basilicata; Regional,Familiar;Cocina local,0
Lerchner's In Runggen,Frazione Ronchi 3/a; San Lorenzo di Sebato; 39030; Italia,San Lorenzo di Sebato,Italia,1,Cocina de Alto Adigio; Cocina de temporada,Terraza agradable;Productos locales,0
Uno Mas,6 Aungier Street; Dublín; D02 WN47; Irlanda,Dublín,Irlanda,1,Cocina mediterránea,Romántico,0
Taverna dei Caldora,Piazza Umberto I 13; Pacentro; 67030; Italia,Pacentro,Italia,0,Cocina de los Abruzos; Carnes a la parrilla,,0
Spitalfields,25 The Coombe; Dublín; D08 YV07; Irlanda,Dublín,Irlanda,1,Tradicional,Cocina local,0
BIGFAN,16 Aungier Street; Dublín; D02 X044; Irlanda,Dublín,Irlanda,1,Asiática; China,Grupos,0
Forêt,8/9 Sussex Terrace; Ranelagh; Dublín; D04 KN82; Irlanda,Dublín,Irlanda,1,Francesa,,0
Da Giocondo,via Suffragio 2; Rivisondoli; 67036; Italia,Rivisondoli,Italia,0,Cocina de los Abruzos; Tradicional,Familiar;Cocina local,0
Landgasthaus Hirsch,Kaiserstraße 8; Winterbach; 73650; Alemania,Winterbach,Alemania,1,Regional; Cocina de mercado,,0
Amy Austin,Unit 1; Drury Street Car Park; Dublín; D02 PH26; Irlanda,Dublín,Irlanda,1,Moderna,Comer solo,0
Vier Jahreszeiten Restaurant Imhof,Dietenheimer Straße 63; Illertissen; 89257; Alemania,Illertissen,Alemania,1,Cocina de mercado; Regional,,0
Im Kittchen,Alte Poststraße 2; Bad Kreuznach; 55545; Alemania,Bad Kreuznach,Alemania,1,Cocina de temporada; Cocina de mercado,,0
Osteria del Gallo e della Volpe,Piazza Umberto I 14; Ospedaletto d'Alpinolo; 83014; Italia,Ospedaletto d'Alpinolo,Italia,0,Cocina de Campania; Moderna,Terraza agradable;Cocina local,0
Richmond,43 Richmond Street South; Dublín; D02 X499; Irlanda,Dublín,Irlanda,1,Moderna,,0
Kushi-Ya,14a Low Pavement; Nottingham; NG1 7DL; Reino Unido,Nottingham,Reino Unido,1,Japonesa,Merece la espera;Terraza agradable,0
Ibérico World Tapas,The Shire Hall; High Pavement; Nottingham; NG1 1HN; Reino Unido,Nottingham,Reino Unido,1,Cocina mediterránea,,0
De Lindeboom New Style,Burg. Janssenstraat 13; Beek; 6191 JB; Holanda,Beek,Holanda,1,Francesa contemporánea; Internacional,,0
Piccalilli,1a Cannon Court; Nottingham; NG1 6JE; Reino Unido,Nottingham,Reino Unido,1,Inglesa moderna,,0
De Farmasie,Antwerpsesteenweg 223; Vosselaar; 2350; Bélgica,Vosselaar,Bélgica,1,Francesa moderna; Tradicional,Terraza agradable,0
Al Piave,Via Cormons 6 - Fraz. Corona; Mariano del Friuli; 34070; Italia,Mariano del Friuli,Italia,0,Cocina de Frioul; Cocina de temporada,,0
The Duncombe Arms,Main Road; Ellastone; DE6 2GZ; Reino Unido,Ellastone,Reino Unido,1,Inglesa moderna,,0
Bistro,Benediktusplatz 12; Aquisgrán; 52076; Alemania,Aquisgrán,Alemania,1,Clásica,,0
Vecchio Porto,Lungomare Cenide 55; Villa San Giovanni; 89018; Italia,Villa San Giovanni,Italia,0,Pescados y mariscos; Actual,Familiar;Cocina local,0
La Chioccia d'Oro,Via Novi 2; loc. Pietra dei Correnti; bivio Novi Velia; Vallo della Lucania; 84078; Italia,Vallo della Lucania,Italia,0,Regional; Cocina de Campania,Cocina local,0
Moonstone,Wiemesmeerstraat 105; Genk; 3600; Bélgica,Genk,Bélgica,1,Francesa moderna,,0
Antica Trattoria da Miculan,Piazza Libertà 16; Tricesimo; 33019; Italia,Tricesimo,Italia,0,Regional; Cocina de Frioul,Cocina local,0
Lokanda Devetak,Via Brezici 22; località San Michele del Carso; Savogna d'Isonzo; 34070; Italia,Savogna d'Isonzo,Italia,1,Regional; Tradicional,Productos locales,0
Ostaria Tyrol,Piaz de Ramon 8; Moena; 38035; Italia,Moena,Italia,1,Regional; Tradicional,,0
WEINreich,Hauptstraße 25; Freinsheim; 67251; Alemania,Freinsheim,Alemania,1,Regional; Moderna,Cocina local,0
Nangalarruni,Cortile Ventimiglia 5; Castelbuono; 90013; Italia,Castelbuono,Italia,0,Siciliana; Regional,,0
The Six Bells,Main Street; Witham on The Hill; PE10 0JH; Reino Unido,Witham on The Hill,Reino Unido,1,Inglesa tradicional,,0
Zur Linde,Nürtinger Straße 24; Oberboihingen; 72644; Alemania,Oberboihingen,Alemania,0,Regional; Tradicional,,0
Foresta,Strada de la Comunità de Fiem 42; Moena; 38035; Italia,Moena,Italia,1,Regional; Clásica,Familiar;Cocina local,0
Gasthaus zur Kanne,Weinstr. 31; Deidesheim; 67146; Alemania,Deidesheim,Alemania,1,Regional; Regional,Cocina local,0
Burro & Alici,Lungomare Colombo 98; Marotta; 61032; Italia,Marotta,Italia,1,Pescados y mariscos; Clásica,Familiar;Grupos,0
Il Casolare dei Segreti,Contrada San Lorenzo 28; Treia; 62010; Italia,Treia,Italia,1,Cocina de Marches; Tradicional,Grupos,0
Cile's Bistrot,viale Cesare Battisti 37/A; Fano; 61032; Italia,Fano,Italia,1,Pescados y mariscos; Clásica,Grupos,0
L'Echappée Belle,rue de Lanaye 121; Lanaye; 4600; Bélgica,Lanaye,Bélgica,1,Cocina de mercado; Moderna,Productos locales;Cocina local,0
Arti'Choc,Haasstraße 38; Eupen; 4700; Bélgica,Eupen,Bélgica,1,Tradicional,,0
s'Morent,Zöblen 14; Zöblen; 6677; Austria,Zöblen,Austria,1,Regional; Cocina de temporada,,0
Angiolina,Via Passariello 2; Località Marina di Pisciotta; Pisciotta; 84066; Italia,Pisciotta,Italia,1,Cocina de Campania; Tradicional,Familiar;Cocina local,0
Agritur El Mas,Strada de Saslonch 176; località Col de Soldai; Moena; 38035; Italia,Moena,Italia,1,Regional; Alpina,Familiar,0
Karel V,Turfkade 11; Goes; 4461 AP; Holanda,Goes,Holanda,1,Francesa,,0
"Da Flavio e Fabrizio ""Al Teatro""",via della Vittoria 75; Mirano; 30035; Italia,Mirano,Italia,1,Pescados y mariscos; Veneciana,Cocina local,0
Alla Pace,Via Sauris di Sotto 38; Sauris; 33020; Italia,Sauris,Italia,1,Cocina de Frioul; Tradicional,Cocina local,0
Hitchen's Barn,12 Burley Road; Oakham; LE15 6DH; Reino Unido,Oakham,Reino Unido,1,Inglesa moderna,,0
Taverna 58,Corso Manthoné 46; Pescara; 65127; Italia,Pescara,Italia,0,Cocina de los Abruzos; Tradicional,Un clásico;Grupos,0
Les Fines Gueules,Faweux 794; Charneux; 4654; Bélgica,Charneux,Bélgica,1,Francesa contemporánea,,0
Tre Noghere,Via Crede 1; Bigolino; 31049; Italia,Bigolino,Italia,1,Regional; Tradicional,Grupos;Cocina local,0
Esszimmer,Ziegeleistraße 37; Mittelbiberach; 88441; Alemania,Mittelbiberach,Alemania,1,Regional; Cocina de temporada,,0
La Chapellerie,chaussée de la Seigneurie 13; Petit-Rechain; 4800; Bélgica,Petit-Rechain,Bélgica,1,Cocina de mercado,,0
l'Epicurien,rue des Martyrs 15; Herve; 4650; Bélgica,Herve,Bélgica,1,Francesa,,0
Krone,piazza Principale 4; Aldino; 39040; Italia,Aldino,Italia,1,Regional; Tradicional,Favorito del inspector,0
Ching Ching,Oostmalsesteenweg 140; Emblem; 2520; Bélgica,Emblem,Bélgica,1,China,,0
Ni Shifu,Breydelstraat 8; Antwerpen; 2018; Bélgica,Antwerpen,Bélgica,1,China; Cocina de Sichuan,Comer solo,0
Glou Glou,Moorkensplein 27; Borgerhout; 2140; Bélgica,Borgerhout,Bélgica,1,Francesa creativa; Fusión,,0
Antica Locanda al Cervo - Landgasthof zum Hirschen,Via Schrann 9/c; San Genesio Atesino; 39050; Italia,San Genesio Atesino,Italia,1,Regional; Tradicional,Cocina local,0
Veneziano,Contrada Arena; SS 120 km 187; Randazzo; 95036; Italia,Randazzo,Italia,1,Siciliana; Tradicional,Grupos,0
Le Coin des Saveurs,avenue de Spa 28; Verviers; 4800; Bélgica,Verviers,Bélgica,1,Moderna,,0
Trattoria da Paeto,Via Patriarcato 78; Pianiga; 30030; Italia,Pianiga,Italia,1,Regional; Tradicional,Cocina local,0
Ko'uzi,Leopoldplaats 12; Antwerpen; 2000; Bélgica,Antwerpen,Bélgica,1,Japonesa; Sushi,,0
Il Sogno,Via Vetrego 8; Vetrego; 30035; Italia,Vetrego,Italia,1,Regional; Tradicional,Familiar;Cocina local,0
Osteria Piazzetta Cattedrale,Largo Arcidiacono Trinchera 7; Ostuni; 72017; Italia,Ostuni,Italia,1,Cocina de Apulia; Moderna,,0
Au Dos de la Cuillère,rue Jules Cerexhe 10; Verviers; 4800; Bélgica,Verviers,Bélgica,0,Cocina de temporada; Regional,,0
Clemente,piazza Santa Monica; Sulmona; 67039; Italia,Sulmona,Italia,1,Cocina de los Abruzos; Tradicional,,0
Osteria Borsò Gambrinus,Via Capitello; 20; San Polo di Piave; 31020; Italia,San Polo di Piave,Italia,1,Veneciana; Cocina de temporada,Familiar,0
Bauernstuben,Franz-Josef-Gall-Straße 13; Tiefenbronn; 75233; Alemania,Tiefenbronn,Alemania,1,Regional; Internacional,,0
ROSE,Aichelauer Straße 6; Hayingen; 72534; Alemania,Hayingen,Alemania,0,Bio; Regional,Productos locales;Cocina local,0
and/or,Haantjeslei 1; Antwerpen; 2018; Bélgica,Antwerpen,Bélgica,1,Vegana; Cocina de mercado,,0
Ciro's,Amerikalei 6; Antwerpen; 2000; Bélgica,Antwerpen,Bélgica,1,Belga,Un clásico,0
Mingone,Via Pietro Nenni 96; Carnello; 03033; Italia,Carnello,Italia,0,Cocina del Lazio; Pescados y mariscos,Grupos;Cocina local,0
Al Palazzon,Via Ca' Onorai 2; Loc. Mottinello Nuovo; Galliera Veneta; 35015; Italia,Galliera Veneta,Italia,1,Veneciana; Clásica,Comer solo,0
Dalla Libera,via Farra 52; Sernaglia della Battaglia; 31020; Italia,Sernaglia della Battaglia,Italia,1,Actual; Tradicional,Cocina local,0
Den Bourgondiër,Sint-Bavostraat 121; Wilrijk; 2610; Bélgica,Wilrijk,Bélgica,1,Clásica,,0
Zum Lamm,Hauptstraße 7; Neupotz; 76777; Alemania,Neupotz,Alemania,1,Clásica; Regional,,0
Gehrlein's Hardtwald,Sandhohl 14; Neupotz; 76777; Alemania,Neupotz,Alemania,1,Regional; Francesa contemporánea,Cocina local,0
Apollonia,Via Sant'Apollonia 3; Località Sirmiano Sopra; Nalles; 39010; Italia,Nalles,Italia,1,Regional; Tradicional,Terraza agradable;Cocina local,0
La Villa,Contrada Cavallerizza; SS 303 verso Rocchetta Sant'Antonio; Melfi; 85025; Italia,Melfi,Italia,0,Basilicata; Tradicional,,0
Le Antiche Sere,Via P. Micca 22; Lesina; 71010; Italia,Lesina,Italia,1,Cocina de Apulia; Pescados y mariscos,,0
Osteria dal Moro,lungomare Spalato 74; Giulianova Lido; 64021; Italia,Giulianova Lido,Italia,0,Cocina de los Abruzos; Pescados y mariscos,Familiar;Cocina local,0
Poststuben,Meerbachstraße 24; Meerfeld; 54531; Alemania,Meerfeld,Alemania,1,Cocina de mercado; Regional,,0
La Cuisine de Yannick,En Féronstrée 111; Liège; 4000; Bélgica,Liège,Bélgica,1,Tradicional; Regional,Cocina local,0
Le Bistrot d'en Face,rue de la Goffe 8; Liège; 4000; Bélgica,Liège,Bélgica,1,Regional; Tradicional,Cocina local,0
De Gebrande Winning,Zepperenweg 7; Sint-Truiden; 3800; Bélgica,Sint-Truiden,Bélgica,1,Moderna; Cocina de mercado,,0
Enoteca,rue de la Casquette 5; Liège; 4000; Bélgica,Liège,Bélgica,1,Italiana; Cocina mediterránea,,0
Al Becco della Civetta,Vico I Maglietta 7; Castelmezzano; 85010; Italia,Castelmezzano,Italia,1,Basilicata,Comer solo;Cocina local,0
la cantinetta,Rue Haute Wez 191; Grivegnée; 4030; Bélgica,Grivegnée,Bélgica,1,Italiana; Bio,,0
Allgäuer Stuben,Lindauer Straße 75; Isny im Allgäu; 88316; Alemania,Isny im Allgäu,Alemania,1,Regional; Cocina mediterránea,,0
Le Cabochon,Boulevard Emile de Laveleye 191; Liège; 4020; Bélgica,Liège,Bélgica,1,Francesa moderna; Cocina de Marches,,0
Sot'Ajarchi,Via Marconi 93; Ancona; 60125; Italia,Ancona,Italia,1,Pescados y mariscos; Cocina de Marches,Cocina local,0
Das Fetzwerk,Freibergstraße 21; Oberstdorf; 87561; Alemania,Oberstdorf,Alemania,1,Internacional; Regional,,0
Das Jagdhaus,Ludwigstraße 13; Oberstdorf; 87561; Alemania,Oberstdorf,Alemania,1,Regional; Tradicional,,0
Bistro Margarete,Scheffelstraße 55; Karlsruhe; 76133; Alemania,Karlsruhe,Alemania,1,Regional; Cocina de temporada,,0
Weinstube Brand,Weinstraße 19; Frankweiler; 76833; Alemania,Frankweiler,Alemania,1,Regional; Cocina de temporada,Cocina local,0
Osteria Madonnetta,Via Vajenti 21; Marostica; 36063; Italia,Marostica,Italia,0,Tradicional,Familiar,0
Gassenwirt,Via Paese 42; Chienes; 39030; Italia,Chienes,Italia,1,Regional; Cocina casera,Familiar;Cocina local,0
Osteria Zanchetti,Via Cesare Battisti 1; Fossombrone; 61034; Italia,Fossombrone,Italia,1,Regional; Cocina de temporada,Romántico,0
Trattoria Bazalia,Koningin Astridplein 11; Bazel; 9150; Bélgica,Bazel,Bélgica,1,Italiana,,0
Al Borgo,Via Anconetta 8; Belluno; 32100; Italia,Belluno,Italia,1,Regional; Tradicional,Familiar,0
Osteria dell'Accademia,Via Roma 16; Montegridolfo; 47837; Italia,Montegridolfo,Italia,1,Regional; Tradicional,Familiar,0
Osteria dei Segreti,Contrada Verdefiore 25; Appignano; 62010; Italia,Appignano,Italia,1,Cocina de Marches; Carnes a la parrilla,Grupos,0
Nerina,Via De Gasperi 31; località Malgolo; Romeno; 38010; Italia,Romeno,Italia,0,Regional; Cocina de temporada,,0
Borgo Poscolle,Via Poscolle 21/a; Cavazzo Carnico; 33020; Italia,Cavazzo Carnico,Italia,0,Cocina de Frioul; Regional,Productos locales,0
Palmerino - Il Bacalà a Sandrigo,Via Piave 13; Sandrigo; 36066; Italia,Sandrigo,Italia,1,Veneciana; Pescados y mariscos,Grupos,0
Osteria de Börg,Via Forzieri 12; Rímini; 47921; Italia,Rímini,Italia,1,Cocina de Romaña; Tradicional,Cocina local,0
Talblick,Bahnhofsträßle 6; Wildberg; 72218; Alemania,Wildberg,Alemania,1,Regional; Cocina de mercado,Grupos,0
Biestro H-eat,Hingenesteenweg 48; Bornem; 2880; Bélgica,Bornem,Bélgica,1,Moderna; Cocina de temporada,,0
Granaro del Monte,Via Vittorio Alfieri 12; Norcia; 06046; Italia,Norcia,Italia,0,Regional,Cocina local,0
LAMM,Mönchstraße 31; Bad Herrenalb; 76332; Alemania,Bad Herrenalb,Alemania,1,Regional; Tradicional,Cocina local,0
Ronchi Rò,Località Cime di Dolegna 12; Dolegna del Collio; 34070; Italia,Dolegna del Collio,Italia,1,Regional; Regional,,0
Osteria Platzegg,Piazza Municipio 1; San Michele; 39057; Italia,San Michele,Italia,1,Regional; Clásica,Terraza agradable;Cocina local,0
Peacock Inn,37 The Street; Chelsworth; IP7 7HU; Reino Unido,Chelsworth,Reino Unido,1,Inglesa moderna,,0
Carnozet,Oberseitestraße 6; Hirschegg; 6992; Austria,Hirschegg,Austria,1,Regional; Regional,,0
Osteria Bartolini,Corso Garibaldi 41; Cesenatico; 47042; Italia,Cesenatico,Italia,1,Pescados y mariscos,,0
Furbetto,Naamsesteenweg 213; Heverlee; 3001; Bélgica,Heverlee,Bélgica,1,Cocina mediterránea; Cocina de mercado,,0
Locanda da Condo,Via Fontana 134; Col San Martino; 31010; Italia,Col San Martino,Italia,1,Veneciana; Tradicional,Grupos;Cocina local,0
Osteria Bartolini,Via A. Boito 26; Milano Marittima; 48015; Italia,Milano Marittima,Italia,1,Pescados y mariscos; Cocina de temporada,Familiar;Grupos,0
Vögele,Via Goethe 3; Bolzano; 39100; Italia,Bolzano,Italia,1,Regional; Tradicional,Familiar;Favorito del inspector,0
Il Turacciolo,Piazza Vittorio Emanuele II 4; Andria; 76123; Italia,Andria,Italia,1,Cocina de Apulia; Moderna,Cocina local,0
Krone Hittisau,Am Platz 185; Hittisau; 6952; Austria,Hittisau,Austria,1,Regional,Cocina local,0
La Pignata,Viale Dei Tigli 7; Ariano Irpino; 83031; Italia,Ariano Irpino,Italia,0,Cocina de Campania; Tradicional,Cocina local,0
Ernele,Heideggen 311; Hittisau; 6952; Austria,Hittisau,Austria,1,Regional; Cocina de temporada,Comer solo;Cocina local,0
Cibus,via Chianche di Scarano 7; Ceglie Messapica; 72013; Italia,Ceglie Messapica,Italia,1,Cocina de Apulia; Regional,Cocina local,0
Trattoria al Parco,Via Stretta 7; Buttrio; 33042; Italia,Buttrio,Italia,1,Regional; A la Parrilla,Familiar;Grupos,0
Al Monastero,Via Ristori 9; Cividale del Friuli; 33043; Italia,Cividale del Friuli,Italia,1,Regional; Clásica,,0
Landhotel zum Hirsch,Hauptstraße 27; Ostrach; 88356; Alemania,Ostrach,Alemania,1,Regional; Regional,,0
Le Sixième,Avenue Fernand Charlot 2; Jodoigne; 1370; Bélgica,Jodoigne,Bélgica,1,Moderna,Productos locales,0
Me Cumpari Turiddu,Piazza Turi Ferro 36; Catania; 95124; Italia,Catania,Italia,1,Siciliana,Grupos;Cocina local,0
La Gioconda,Via Brancuti; Cagli; 61043; Italia,Cagli,Italia,1,Regional; Cocina de Marches,Grupos,0
Il Ritrovo d'Abruzzo,Contrada Bosco 16; Civitella Casanova; 65010; Italia,Civitella Casanova,Italia,1,Regional; Moderna,Terraza agradable;Grupos,0
Antica Filanda,SS 157; contrada Raviola; Capri Leone; 98070; Italia,Capri Leone,Italia,1,Siciliana; Moderna,,0
La Maison Thai,Grand'Place 2; Ouffet; 4590; Bélgica,Ouffet,Bélgica,1,Thai,Familiar;Terraza agradable,0
K restaurant,2 Stawelerstrooss; Huldange; 9964; Luxemburgo,Huldange,Luxemburgo,2,Cocina casera; Francesa,Familiar,0
Taverna Kerkira,Corso Vittorio Emanuele 217; Bagnara Calabra; 89011; Italia,Bagnara Calabra,Italia,1,Pescados y mariscos; Cocina mediterránea,Familiar;Cocina local,0
TuMa,Via del Cavaliere 59; Bagheria; 90011; Italia,Bagheria,Italia,0,Siciliana; Cocina de temporada,,0
Osteria dei Maltagliati,Via Regina Margherita 37; Torano Nuovo; 64010; Italia,Torano Nuovo,Italia,1,Cocina de mercado; Regional,Favorito del inspector,0
Station 3,Statieplaats 3; Kraainem; 1950; Bélgica,Kraainem,Bélgica,1,China; Asiática,Familiar,0
Boivin,Via Garibaldi 9; Levico Terme; 38056; Italia,Levico Terme,Italia,1,Regional; Tradicional,,0
Cadre Culinaire,rue des Rôtisseurs 4; Huy; 4500; Bélgica,Huy,Bélgica,1,Francesa moderna,,0
La Cuccagna Giro di Vite,Corso Umberto I 168; Crispiano; 74012; Italia,Crispiano,Italia,1,Cocina de Apulia; Cocina de temporada,Familiar,0
Basta!,chaussée de Tirlemont 118; Wanze; 4520; Bélgica,Wanze,Bélgica,1,Italiana; Francesa moderna,,0
Schwanen,Kirchdorf 77; Bizau; 6874; Austria,Bizau,Austria,1,Regional,Cocina local,0
Trattoria da Zamboni,Via Santa Croce 73; Lapio; 36057; Italia,Lapio,Italia,1,Clásica; Italiana contemporánea,Familiar,0
Faraya,De Limburg Stirumlaan 200; Wemmel; 1780; Bélgica,Wemmel,Bélgica,1,Libanesa; Cocina de Oriente Medio,Familiar,0
De Maurice à Olivier,chaussée de Roodebeek 246; Woluwe-Saint-Lambert; 1200; Bélgica,Woluwe-Saint-Lambert,Bélgica,1,Clásica; Cocina de mercado,Comer solo,0
Gasthof Adler,Hof 15; Schwarzenberg; 6867; Austria,Schwarzenberg,Austria,1,Austriaca,Cocina local,0
Dei Cantoni,via Santa Maria 19; Longiano; 47020; Italia,Longiano,Italia,1,Cocina de Romaña,Familiar,0
Yoka Tomo,Avenue Félix Marchal 28; Schaerbeek; 1030; Bélgica,Schaerbeek,Bélgica,1,Japonesa,Comer solo,0
Molin Vecio,Via Giaroni 116; Caldogno; 36030; Italia,Caldogno,Italia,0,Veneciana; Cocina de temporada,Favorito del inspector,0
Durbuy Ô,Warre 26; Durbuy; 6941; Bélgica,Durbuy,Bélgica,1,Tradicional; Regional,,0
Palazzaccio,Via Giordano; 4; Castelbuono; 90013; Italia,Castelbuono,Italia,1,Siciliana; Regional,Cocina local,0
French Kiss,rue Léopold I 470; Jette; 1090; Bélgica,Jette,Bélgica,1,Carnes a la parrilla; Clásica,Un clásico;Comer solo,0
Antichi Sapori,Piazza Sant'Isidoro 10; Montegrosso; 76123; Italia,Montegrosso,Italia,1,Cocina de Apulia; Tradicional,Merece la espera,0
Tropea,27 - 33 Lordswood Road; Harborne; Birmingham; B17 9RP; Reino Unido,Birmingham,Reino Unido,1,Italiana,Romántico,0
BORIS & MAURICE,Antwerpsesteenweg 329; Sint-Amandsberg; 9040; Bélgica,Sint-Amandsberg,Bélgica,1,Cocina de mercado,Cocina local,0
Villa Singha,rue des Trois Ponts 22; Auderghem; 1160; Bélgica,Auderghem,Bélgica,1,Thai; Asiática,Comer solo,0
Le Tournant,chaussée de Wavre 168; Ixelles; 1050; Bélgica,Ixelles,Bélgica,1,Cocina casera,Comer solo,0
Osteria Bolognese,rue de la Paix 49; Ixelles; 1050; Bélgica,Ixelles,Bélgica,1,Italiana,Familiar,0
Maza'j,boulevard du Souverain 145; Auderghem; 1160; Bélgica,Auderghem,Bélgica,1,Libanesa; Cocina de Oriente Medio,Terraza agradable;Comer solo,0
Locanda del Barone,Località San Vittorino; Caramanico Terme; 65023; Italia,Caramanico Terme,Italia,0,Cocina de los Abruzos,Terraza agradable,0
Strofilia,rue du Marché aux Porcs 11; Bruselas; 1000; Bélgica,Bruselas,Bélgica,1,Griega; Cocina mediterránea,Grupos,0
Osteria Expanificio,Piazza Sinatra 16; Agrigento; 92100; Italia,Agrigento,Italia,0,Siciliana; Tradicional,Familiar;Cocina local,0
Kline,Rue de Flandre 162; Bruselas; 1000; Bélgica,Bruselas,Bélgica,1,Moderna; Cocina de temporada,Productos locales;Tendencia,0
ANJU,Rue de la Source 73; Saint-Gilles; 1060; Bélgica,Saint-Gilles,Bélgica,1,Coreana contemporánea,Grupos;Tendencia,0
Selecto,rue de Flandre 95; Bruselas; 1000; Bélgica,Bruselas,Bélgica,1,Francesa moderna,Comer solo,0
La Dispensa di Armatore,Via Cantone 1; Cetara; 84010; Italia,Cetara,Italia,0,Pescados y mariscos; Cocina de Campania,Cocina local;Favorito del inspector,0
Restaurant Coquo,Rue de Hannut 2a; Bierwart; 5380; Bélgica,Bierwart,Bélgica,1,Francesa; Cocina de temporada,,0
Nénu,Rue Dejoncker 21; Saint-Gilles; 1060; Bélgica,Saint-Gilles,Bélgica,1,Vietnamita comtemporánea,Comer solo;Tendencia,0
ÔNGBÀ,Rue Lesbroussart 52; Ixelles; 1050; Bélgica,Ixelles,Bélgica,1,Vietnamita; A compartir,,0
Alley Mian,rue de l'Ecuyer 45; Bruselas; 1000; Bélgica,Bruselas,Bélgica,0,Noodles; China,,0
Riverine Rabbit,1464 Pershore Road; Stirchley; Birmingham; B30 2NT; Reino Unido,Birmingham,Reino Unido,1,Moderna,Mesa del chef,0
Sha-Roe Bistro,Main Street; Clonegall; Y21 KH61; Irlanda,Clonegall,Irlanda,1,Moderna,,0
La Charcuterie,avenue Paul Dejaer 16; Saint-Gilles; 1060; Bélgica,Saint-Gilles,Bélgica,1,A compartir; Regional,,0
Le Baan Thaï,Corduwaniersstraat 57; Gent; 9000; Bélgica,Gent,Bélgica,1,Thai,Comer solo;Terraza agradable,0
Car Bon,chaussée de Waterloo 552; Ixelles; 1050; Bélgica,Ixelles,Bélgica,0,China; Cocina de Sichuan,Comer solo,0
Coquus,via Luigi Blanch 19/21; Lucera; 71036; Italia,Lucera,Italia,1,Cocina de Apulia; Regional,,0
Lune Siamoise,Rue de Tenbosch 108; Ixelles; 1050; Bélgica,Ixelles,Bélgica,1,Thai,,0
La Taverna delle Follie,Via San Biagio 30; Limatola; 82030; Italia,Limatola,Italia,1,Pescados y mariscos; Clásica,Comer solo;Cocina local,0
The Three Horseshoes,74 Church Road; Fordham; CO6 3NJ; Reino Unido,Fordham,Reino Unido,1,Inglesa moderna,,0
Babam,Avenue du Bois de la Cambre 25; Watermael-Boitsfort; 1170; Bélgica,Watermael-Boitsfort,Bélgica,1,Francesa contemporánea,,0
Onslow,Jeruzalemstraat 53; Brugge; 8000; Bélgica,Brugge,Bélgica,1,Cocina de mercado; Cocina de temporada,Merece la espera;Grupos,0
Nole,viale Regina Margherita 84; Pescara; 65123; Italia,Pescara,Italia,1,Italiana contemporánea; Italiana,Comer solo,0
In Cucina dai Pennisi,Via Umberto I 9; Linguaglossa; 95015; Italia,Linguaglossa,Italia,1,Carnes a la parrilla; Siciliana,Familiar;Cocina local,0
Appel Thaï,rue du Pommier 439; Anderlecht; 1070; Bélgica,Anderlecht,Bélgica,0,Thai,Familiar;Grupos,0
Quatre Vins,Philipstockstraat 8; Brugge; 8000; Bélgica,Brugge,Bélgica,1,A compartir; Internacional,,0
Taberna Bask,Doorgang der Hallegasten 14; Ledeberg; 9050; Bélgica,Ledeberg,Bélgica,1,Española; Moderna,,0
Jacobin,Predikherenstraat 13; Brugge; 8000; Bélgica,Brugge,Bélgica,1,Cocina de temporada,,0
Au repos de la montagne,Montagne de Saint-Job 39; Uccle; 1180; Bélgica,Uccle,Bélgica,1,Tradicional,Comer solo,0
Ostaria Pignatelli,Riviera di Chiaia 216; Nápoles; 80121; Italia,Nápoles,Italia,0,Cocina de Campania; Cocina mediterránea,Cocina local,0
Stone Dial,2 Chemin du Crabbegat; Uccle; 1180; Bélgica,Uccle,Bélgica,1,China contemporánea,,0
Weinstube zum Engel,Mauerbergstraße 62; Baden-Baden; 76534; Alemania,Baden-Baden,Alemania,1,Regional; Cocina de temporada,,0
La Cucoma,Via Molinaccio 175; San Pancrazio; 48020; Italia,San Pancrazio,Italia,1,Pescados y mariscos; Cocina de temporada,Familiar;Grupos,0
Vecchia Marina,Lungomare Trento 37; Roseto degli Abruzzi; 64026; Italia,Roseto degli Abruzzi,Italia,1,Pescados y mariscos; Clásica,,0
La Locanda Gesù Vecchio,Via Giovanni Paladino 26; Nápoles; 80121; Italia,Nápoles,Italia,0,Cocina de Campania; Tradicional,Cocina local;Favorito del inspector,0
Oishi,Via Mario Capuani 47; Teramo; 64100; Italia,Teramo,Italia,1,Japonesa; Fusión,,0
Buatta Cucina Popolana,Via Vittorio Emanuele 176; Palermo; 90133; Italia,Palermo,Italia,1,Siciliana; Tradicional,Familiar;Cocina local,0
Menya Hosaki,845 Upshur St. NW; Washington; DC; 20011; Estados Unidos,Washington,Estados Unidos,1,Japonesa; Ramen,Terraza agradable;Familiar,0
La Tejana,3211 Mt. Pleasant St. NW; Washington; DC; 20010; Estados Unidos,Washington,Estados Unidos,0,Mexicana,Cocina local,0
Taqueria Habanero,3710 14th St. NW; Washington; DC; 20010; Estados Unidos,Washington,Estados Unidos,1,Mexicana,,0
Laos in Town,250 K St. NE; Washington; DC; 20002; Estados Unidos,Washington,Estados Unidos,1,Cocina del Sudeste Asiático; Laosiana,Familiar;Cocina local,0
Yellow,1524 Wisconsin Ave. NW; Washington; DC; 20007; Estados Unidos,Washington,Estados Unidos,1,Cocina de Oriente Medio,Cocina local,0
Your Only Friend,1114 9th St. NW; Washington; DC; 20001; Estados Unidos,Washington,Estados Unidos,1,Gastro-Pub; Americana,,0
PhoXotic,103 Rhode Island Ave. NW; Washington; DC; 20001; Estados Unidos,Washington,Estados Unidos,1,Vietnamita,,0
Del Rossi's,538 N. 4th St.; Philadelphia; PA; 19123; Estados Unidos,Philadelphia,Estados Unidos,0,Americana; Pizza,Familiar;Cocina local,0
Unconventional Diner,1207 9th St. NW; Washington; DC; 20001; Estados Unidos,Washington,Estados Unidos,1,Americana,Grupos;Cocina local,0
Angelo's,736 S. 9th St.; Philadelphia; PA; 19147; Estados Unidos,Philadelphia,Estados Unidos,0,Americana; Pizza,Merece la espera;Cocina local,0
Jahunger,272 Brookline St.; Cambridge; MA; 02139; Estados Unidos,Cambridge,Estados Unidos,1,Asiática,,0
Famous 4th Street Delicatessen,700 S. 4th St.; Philadelphia; PA; 19147; Estados Unidos,Philadelphia,Estados Unidos,0,Deli,Cocina local,0
Dalessandro's,600 Wendover St.; Philadelphia; PA; 19128; Estados Unidos,Philadelphia,Estados Unidos,0,Americana,Un clásico,0
Phayul,37-59 74th St.; Queens; NY; 11372; Estados Unidos,Queens,Estados Unidos,1,Tibetana,Familiar;Cocina local,0
Cardamom,43-45 43rd St.; Queens; NY; 11104; Estados Unidos,Queens,Estados Unidos,1,Hindú,Cocina local,0
Bohemian Spirit,321 E. 73rd St.; Nueva York; NY; 10021; Estados Unidos,Nueva York,Estados Unidos,1,Checa,Familiar;Cocina local,0
Bánh Anh Em,99 3rd Ave.; Nueva York; NY; 10003; Estados Unidos,Nueva York,Estados Unidos,1,Vietnamita,,0
SaRanRom Thai,81-10 Broadway; Queens; NY; 11373; Estados Unidos,Queens,Estados Unidos,1,Thai,Familiar;Cocina local,0
Bayon,408 E. 64th St.; Nueva York; NY; 10065; Estados Unidos,Nueva York,Estados Unidos,0,Camboyana,Familiar;Cocina local,0
Hometown Bar B Que New York,454 Van Brunt St.; Brooklyn; NY; 11231; Estados Unidos,Brooklyn,Estados Unidos,1,Barbacoa,Familiar;Cocina local,0
Pierozek,592 Manhattan Ave.; Brooklyn; NY; 11222; Estados Unidos,Brooklyn,Estados Unidos,1,Polaca; Raviolis,Familiar;Cocina local,0
Cho Dang Gol,55 W. 35th St.; Nueva York; NY; 10001; Estados Unidos,Nueva York,Estados Unidos,1,Coreana,Familiar,0
Caleta 111 Cevicheria,111-27 Jamaica Ave.; Queens; NY; 11418; Estados Unidos,Queens,Estados Unidos,1,Peruana,Familiar;Cocina local,0
Tong Sam Gyup Goo Yi,162-23 Depot Rd.; Queens; NY; 11358; Estados Unidos,Queens,Estados Unidos,1,Coreana; Barbacoa,,0
Legend of Taste,2002 Utopia Pkwy.; Queens; NY; 11357; Estados Unidos,Queens,Estados Unidos,1,China; Cocina de Sichuan,Familiar;Cocina local,0
Chavela’s,736 Franklin Ave.; Brooklyn; NY; 11238; Estados Unidos,Brooklyn,Estados Unidos,1,Mexicana,,0
Katz's,205 E. Houston St.; Nueva York; NY; 10002; Estados Unidos,Nueva York,Estados Unidos,0,Deli,Un clásico;Familiar,0
Untable,529 Henry St.; Brooklyn; NY; 11231; Estados Unidos,Brooklyn,Estados Unidos,1,Thai,,0
Little Myanmar,150 E. 2nd St.; Nueva York; NY; 10009; Estados Unidos,Nueva York,Estados Unidos,1,Birmana,,0
Kung Fu Little Steamed Buns Ramen,811 Eighth Ave.; Nueva York; NY; 10019; Estados Unidos,Nueva York,Estados Unidos,0,China; Raviolis,Cocina local,0
Russ & Daughters Cafe,127 Orchard St.; Nueva York; NY; 10002; Estados Unidos,Nueva York,Estados Unidos,1,Americana,,0
Dim Sum Go Go,5 E. Broadway; Nueva York; NY; 10038; Estados Unidos,Nueva York,Estados Unidos,1,China; Dim Sum,,0
Taqueria El Chato,620 Manhattan Ave.; Brooklyn; NY; 11222; Estados Unidos,Brooklyn,Estados Unidos,0,Mexicana,Familiar;Cocina local,0
Norma Gastronomia Siciliana,438 Third Ave.; Nueva York; NY; 10016; Estados Unidos,Nueva York,Estados Unidos,1,Italiana; Siciliana,,0
Sobaya,229 E. 9th St.; Nueva York; NY; 10003; Estados Unidos,Nueva York,Estados Unidos,0,Japonesa; Soba,,0
Nyonya,199 Grand St.; Nueva York; NY; 10013; Estados Unidos,Nueva York,Estados Unidos,0,Malaya,,0
Superiority Burger,119 Avenue A; Nueva York; NY; 10009; Estados Unidos,Nueva York,Estados Unidos,1,Vegetariana; Actual,Familiar,0
Potluck Club,133 Chrystie St.; Nueva York; NY; 10002; Estados Unidos,Nueva York,Estados Unidos,1,China; Cantonesa,Familiar,0
Birrieria Zaragoza,4852 S. Pulaski Rd.; Chicago; IL; 60632; Estados Unidos,Chicago,Estados Unidos,0,Mexicana; Regional,Cocina local,0
Ghin Khao,2128 W. Cermak Rd.; Chicago; IL; 60608; Estados Unidos,Chicago,Estados Unidos,0,Thai,,0
Taqueria Chingón,817 W. Fulton Market; Chicago; IL; 60607; Estados Unidos,Chicago,Estados Unidos,0,Mexicana,,0
Pleasant House Pub,2119 S. Halstead St.; Chicago; IL; 60608; Estados Unidos,Chicago,Estados Unidos,1,Gastro-Pub; Inglesa,,0
Sol de Mexico,3018 N. Cicero Ave.; Chicago; IL; 60641; Estados Unidos,Chicago,Estados Unidos,1,Mexicana; Regional,Familiar,0
Chilam Balam,3023 N. Broadway; Chicago; IL; 60657; Estados Unidos,Chicago,Estados Unidos,1,Mexicana,,0
Fi Glbak,3058 Prince Turki Bin Abdulaziz Al Awal Rd; Al Mohammadiyyah; Riyadh; 12362; Arabia Saudí,Riyadh,Arabia Saudí,0,Cocina saudí,Cocina local,0
The Lucky Llama,4056 Ibrahim Al-Anqari; Al Mohammadiyyah; Jeddah; 23617; Arabia Saudí,Jeddah,Arabia Saudí,1,Peruana; Japonesa,,0
Sifu,154 Jalan Pintal Tali; George Town; 10100; Malasia,George Town,Malasia,1,Peranakan,Cocina local,0
Lum Lai Duck Meat Koay Teow Th'ng,Pasar Lebuh Cecil; 24 Lebuh Cecil; George Town; 10300; Malasia,George Town,Malasia,0,Street food,,0
Laksalicious,117-117A Jalan Hutton; George Town; 10050; Malasia,George Town,Malasia,0,Malaya,Grupos,0
Penang Road Famous Jin Kor Char Kuey Teow,Joo Hooi Cafe; 475 Jalan Penang; George Town; 10000; Malasia,George Town,Malasia,0,Street food,,0
Siam Road Char Koay Teow,82 Jalan Siam; George Town; 10400; Malasia,George Town,Malasia,0,Street food,Cocina local,0
Sister Yao’s Char Koay Kak,96 Lorong Macalister; George Town; 11400; Malasia,George Town,Malasia,0,Street food,,0
Roti by d'Tandoor,82 Jalan Damai; off Jalan Ampang; Kampung Datuk Keramat; Kuala Lumpur; 55000; Malasia,Kuala Lumpur,Malasia,1,Hindú,Terraza agradable;Familiar,0
Hor Poh Cuisine,36 Jalan 6/38D; Taman Sri Sinar; Segambut; Kuala Lumpur; 52100; Malasia,Kuala Lumpur,Malasia,0,Cocina de Hakka,Familiar,0
Jalan Ipoh Claypot Chicken Rice,Lot 1224; 7 Jalan Batu Ambar; Taman Kok Lian; Kuala Lumpur; 51200; Malasia,Kuala Lumpur,Malasia,0,Street food,,0
Bridge Street Prawn Noodle,533 Lebuh Pantai; George Town; 10300; Malasia,George Town,Malasia,0,Noodles,,0
Duck Blood Curry Mee,223B Jalan Burma; George Town; 10050; Malasia,George Town,Malasia,0,Street food,,0
BM Yam Rice,7 Jalan Murthy; Bukit Mertajam; Seberang Perai; 14000; Malasia,Seberang Perai,Malasia,0,Cocina de Teochew,Cocina local,0
Nam Heong Chicken Rice (City Centre),56 Jalan Sultan; Kuala Lumpur City Centre; Kuala Lumpur; 50000; Malasia,Kuala Lumpur,Malasia,0,Malaya,Familiar;Cocina local,0
Sardaarji,6 Lebuh China; George Town; 10200; Malasia,George Town,Malasia,1,Hindú,,0
Coast by Kayra,Lot G03-G05; GF; The Starhill; 181 Jalan Bukit Bintang; Bukit Bintang; Kuala Lumpur; 55100; Malasia,Kuala Lumpur,Malasia,1,Hindú,Familiar,0
BM Cathay Pancake,next to the entrance of Cathay Food Court; Jalan Aston; Bukit Mertajam; Seberang Perai; 14000; Malasia,Seberang Perai,Malasia,0,Street food,Merece la espera,0
Sek Yuen,313 Jalan Pudu; Pudu; Kuala Lumpur; 55100; Malasia,Kuala Lumpur,Malasia,1,Cantonesa,Cocina local,0
Hot Bowl White Curry Mee,58C Jalan Rangoon; George Town; 10400; Malasia,George Town,Malasia,0,Noodles,Familiar;Cocina local,0
Awesome Char Koay Teow,New KK99 Cafe; 99 Jalan Lembah Permai; Tanjung Bungah; George Town; 11200; Malasia,George Town,Malasia,0,Street food,Merece la espera;Cocina local,0
Leen's,1F; 136A Jalan Burhanuddin Helmi; Taman Tun Dr Ismail; Kuala Lumpur; 60000; Malasia,Kuala Lumpur,Malasia,1,Cocina de Oriente Medio,Grupos,0
Wong Mei Kee,30 Jalan Nyonya; off Jalan Pudu; Pudu; Kuala Lumpur; 55100; Malasia,Kuala Lumpur,Malasia,0,Street food,Merece la espera,0
Ghee Lian,Lot No. 39; MBPP Kompleks Makanan Medan Renong Padang Kota Lama; 4 Jalan Tun Syed Sheh Barakhbah; George Town; 10200; Malasia,George Town,Malasia,0,Street food,,0
Taman Bukit Curry Mee,Jalan Bukit Kecil; Taman Bukit; Bukit Mertajam; Seberang Perai; 14000; Malasia,Seberang Perai,Malasia,0,Street food,,0
Penang Road Famous Laksa,5 Lebuh Keng Kwee; George Town; 10100; Malasia,George Town,Malasia,0,Street food,Merece la espera;Cocina local,0
Lama,Lot 12; 257 Jalan Ayer Jerneh; Taman Ayer Panas; Kuala Lumpur; 53200; Malasia,Kuala Lumpur,Malasia,1,Peranakan,Cocina local,0
Winn's Cafe,38 Jalan Cantonment; George Town; 10350; Malasia,George Town,Malasia,1,Peranakan,,0
Foong Lian,55 Jalan Yew; Pudu; Kuala Lumpur; 55100; Malasia,Kuala Lumpur,Malasia,0,Cantonesa,Merece la espera,0
Super Star Koay Teow Soup (78 Lebuh Kimberley),78 Lebuh Kimberley; George Town; 10100; Malasia,George Town,Malasia,0,Street food,Merece la espera;Cocina local,0
My Own Café,2 Lebuh Cannon; George Town; 10200; Malasia,George Town,Malasia,0,Street food,,0
MTR 1924,69 Jalan Thambipillay; Brickfields; Kuala Lumpur; 50470; Malasia,Kuala Lumpur,Malasia,0,Hindú vegetariana,,0
Nasi Ayam Hainan Chee Meng (Jalan Kelang Lama),Sub Lot-A1; Batu 4 1/4; Jalan Kelang Lama; Kuala Lumpur; 58000; Malasia,Kuala Lumpur,Malasia,0,Malaya,Cocina local,0
Nirwana,43 Jalan Telawi 3; Bangsar Baru; Kuala Lumpur; 59100; Malasia,Kuala Lumpur,Malasia,1,Hindú,Cocina local,0
Wan Dao Tou Assam Laksa,1 Jalan Gottlieb; George Town; 10350; Malasia,George Town,Malasia,0,Street food,Cocina local,0
Ah Hei Bak Kut Teh,33A Medan Imbi; Pudu; Kuala Lumpur; 55100; Malasia,Kuala Lumpur,Malasia,0,Malaya,Cocina local,0
Bee Hwa Cafe,10 Lebuh Dickens; George Town; George Town; 10050; Malasia,George Town,Malasia,0,Malaya,Cocina local,0
Sin Kiew Yee Shin Kee Beef Noodles,7a; Jalan Tun Tan Cheng Lock; Kuala Lumpur City Centre; Kuala Lumpur; 50000; Malasia,Kuala Lumpur,Malasia,0,Noodles,,0
Ah Boy Koay Teow Th'ng,1 Lebuh Clarke; George Town; 10050; Malasia,George Town,Malasia,0,Street food,Cocina local,0
Thara,5 Lorong Prangin; George Town; 10100; Malasia,George Town,Malasia,1,Thai,,0
Ravi's Famous Apom Manis,319 Jalan Burma; George Town; 10350; Malasia,George Town,Malasia,0,Street food,,0
Hing Kee Bakuteh (121 Jalan Kepong),121 Jalan Kepong; Taman Usahawan; Kuala Lumpur; 52100; Malasia,Kuala Lumpur,Malasia,0,Malaya,,0
Bibik's Kitchen,73 Jalan Sri Bahari; George Town; 10050; Malasia,George Town,Malasia,1,Peranakan,Familiar;Cocina local,0
Ming Qin Charcoal Duck Egg Char Koay Teow,29 Jalan Betek; off Jalan Sungai Rambai; Bukit Mertajam; Seberang Perai; 14000; Malasia,Seberang Perai,Malasia,0,Noodles,,0
Masterpiece,3940 Buford Hwy.; B-103; Duluth; GA; 30096; Estados Unidos,Duluth,Estados Unidos,1,China; Cocina de Sichuan,,0
The Busy Bee,810 Martin Luther King Jr. Dr. SW; Atlanta; GA; 30314; Estados Unidos,Atlanta,Estados Unidos,1,Cocina del Sur,Cocina local,0
Fred's Meat & Bread,99 Krog St.; Atlanta; GA; 30307; Estados Unidos,Atlanta,Estados Unidos,0,Americana,Cocina local,0
Mala Pata,2431 Crabtree Blvd.; Ste. 102; Raleigh; NC; 27604; Estados Unidos,Raleigh,Estados Unidos,1,Mexicana,,0
Prime Barbecue,403 Knightdale Station Run; Knightdale; NC; 27545; Estados Unidos,Knightdale,Estados Unidos,1,Barbacoa,Merece la espera;Cocina local,0
S.S. Gai,1101 McKennie Ave.; Nashville; TN; 37206; Estados Unidos,Nashville,Estados Unidos,1,Thai,,0
Uzbegim,117 28th Ave. N.; Nashville; TN; 37203; Estados Unidos,Nashville,Estados Unidos,0,Uzbeka,Familiar;Cocina local,0
Domilise’s Po-Boy & Bar,5240 Annunciation St.; New Orleans; LA; 70115; Estados Unidos,New Orleans,Estados Unidos,0,Deli; Criolla,Un clásico;Familiar,0
Fishmonger,674 N. Highland Ave. NE; Ste. A; Atlanta; GA; 30306; Estados Unidos,Atlanta,Estados Unidos,1,Pescados y mariscos,Cocina local,0
Little Chango,134 Coxe Ave.; Asheville; NC; 28801; Estados Unidos,Asheville,Estados Unidos,0,Latinoamericana,Terraza agradable,0
Mother,244 Short Coxe Ave.; #110; Asheville; NC; 28801; Estados Unidos,Asheville,Estados Unidos,1,Panadería; Actual,,0
OvenBird,2810 3rd Ave. S.; Birmingham; AL; 35233; Estados Unidos,Birmingham,Estados Unidos,1,Española; Latinoamericana,Romántico;Grupos,0
Elvie's,809 Manship St.; Jackson; MS; 39202; Estados Unidos,Jackson,Estados Unidos,2,Francesa; Americana,Romántico;Cocina local,0
Little Coyote,3950 Tennessee Ave.; Chattanooga; TN; 37409; Estados Unidos,Chattanooga,Estados Unidos,1,Tex-Mex,Terraza agradable;Grupos,0
Lewis Barbecue,464 N. Nassau St.; Charleston; SC; 29403; Estados Unidos,Charleston,Estados Unidos,1,Barbacoa,Familiar,0
Heirloom Market BBQ,2243 Akers Mill Rd. SE; Atlanta; GA; 30339; Estados Unidos,Atlanta,Estados Unidos,1,Barbacoa,Cocina local,0
Antico Pizza Napoletana,1093 Hemphill Ave. NW; Atlanta; GA; 30318; Estados Unidos,Atlanta,Estados Unidos,0,Pizza,,0
Arepa Mia,10 N. Clarendon Ave.; Ste. A; Avondale Estates; GA; 30002; Estados Unidos,Avondale Estates,Estados Unidos,1,Venezolana; Small eats,,0
Whoopsie's,1 Moreland Ave. SE; Ste. C; Atlanta; GA; 30316; Estados Unidos,Atlanta,Estados Unidos,1,Americana,,0
Sam Jones BBQ,502 W. Lenoir St.; Raleigh; NC; 27601; Estados Unidos,Raleigh,Estados Unidos,0,Barbacoa,,0
Estrellita,580 Woodward Ave.; Atlanta; GA; 30312; Estados Unidos,Atlanta,Estados Unidos,1,Filipina,,0
Cochon Butcher,930 Tchoupitoulas St.; New Orleans; LA; 70130; Estados Unidos,New Orleans,Estados Unidos,1,Deli; Americana,Familiar;Grupos,0
Sacred Ground Barbecue,1052 Pocahontas Rd.; Jackson; MS; 39206; Estados Unidos,Jackson,Estados Unidos,1,Barbacoa; Americana,Familiar;Cocina local,0
Pizza Grace,2212 Morris Ave.; Ste. 105; Birmingham; AL; 35203; Estados Unidos,Birmingham,Estados Unidos,1,Pizza,,0
Redheaded Stranger,305 Arrington St.; Nashville; TN; 37207; Estados Unidos,Nashville,Estados Unidos,0,Tex-Mex,Cocina local,0
Lang Van,3019 Shamrock Dr.; Charlotte; NC; 28215; Estados Unidos,Charlotte,Estados Unidos,0,Vietnamita,,0
Kisser,747 Douglas Ave.; Ste. 105B; Nashville; TN; 37207; Estados Unidos,Nashville,Estados Unidos,1,Japonesa,,0
Em Hà Nội,GF; F1 Hotel; 32nd Street corner Lane A; Bonifacio Global City; Taguig - Metro Manila; 1226; Filipinas,Taguig - Metro Manila,Filipinas,1,Vietnamita,,0
Parkway Bakery & Tavern,538 Hagan Ave.; New Orleans; LA; 70119; Estados Unidos,New Orleans,Estados Unidos,0,Deli; Criolla,Familiar;Cocina local,0
Lampara,2F; 5883 Enriquez Street; Poblacion; Makati - Metro Manila; 1210; Filipinas,Makati - Metro Manila,Filipinas,1,Filipina,Cocina local,0
Palm Grill (Diliman),179 Tomas Morato Avenue; Diliman; Quezon - Metro Manila; Filipinas,Quezon - Metro Manila,Filipinas,1,Filipina,Familiar;Cocina local,0
Your Local,106 Esteban; Legazpi Village; Makati - Metro Manila; Filipinas,Makati - Metro Manila,Filipinas,1,Asiática contemporánea,Familiar,0
CUR8,Banilad Town Center; Governor M. Cuenco Avenue; Cebu; Cebu; 6000; Filipinas,Cebu,Filipinas,1,Asiática,Grupos,0
Sarsa,109 Rada; Legazpi Village; Makati - Metro Manila; 1229; Filipinas,Makati - Metro Manila,Filipinas,1,Filipina; Actual,Familiar,0
COCHI,Unit 1; GF; Verve Residences Tower 2; 27th Street corner 9th Avenue; Bonifacio Global City; Taguig - Metro Manila; 1637; Filipinas,Taguig - Metro Manila,Filipinas,1,Filipina,Grupos;Cocina local,0
The Underbelly,The Alley at Karrivin; Karrivin Plaza; 2316 Chino Roces Avenue Extension; Makati - Metro Manila; Filipinas,Makati - Metro Manila,Filipinas,1,Ramen; Japonesa,Comer solo,0
Hálong,U-105; First Midland Condominium Building; 109 Gamboa; Makati - Metro Manila; 1223; Filipinas,Makati - Metro Manila,Filipinas,1,Fusión,Comer solo;Familiar,0
Pares Batchoy Food House,12 C. Rodriguez Street; Cebu; Cebu; 6000; Filipinas,Cebu,Filipinas,0,Filipina,Grupos;Cocina local,0
Los Tacos,UGF; One Uptown Residences; 36th Street; Bonifacio Global City; Taguig - Metro Manila; 1214; Filipinas,Taguig - Metro Manila,Filipinas,1,Mexicana,Comer solo,0
Taquería Franco,130 LPL Center; L.P. Leviste Street; Salcedo Village; Makati - Metro Manila; Filipinas,Makati - Metro Manila,Filipinas,1,Mexicana,Grupos,0
Manam at the Triangle,Restaurant Arcade; Ayala Triangle Walkways; Makati - Metro Manila; Filipinas,Makati - Metro Manila,Filipinas,1,Filipina,Familiar;Cocina local,0
Kumba,92 Aguirre Avenue; BF Homes; Parañaque - Metro Manila; Filipinas,Parañaque - Metro Manila,Filipinas,1,Asiática; Creativa,Familiar;Grupos,0
Pilya's Kitchen,Stall 11; The Grid - Food Market; Power Plant Mall; Rockwell Drive corner Estrella; Makati - Metro Manila; 1210; Filipinas,Makati - Metro Manila,Filipinas,1,Noodles,Comer solo,0
Cabel,1153 JP Laurel corner Aguado Street; San Miguel; Manila - Metro Manila; Filipinas,Manila - Metro Manila,Filipinas,1,Filipina,Familiar;Grupos,0
La Pita (Poblacion),5652 Don Pedro; Poblacion; Makati - Metro Manila; 1210; Filipinas,Makati - Metro Manila,Filipinas,1,Cocina de Oriente Medio,Familiar,0
Bolero,GF; Verve Residences Tower 2; High Street South; 26th 27th Street; Bonifacio Global City; Taguig - Metro Manila; 1634; Filipinas,Taguig - Metro Manila,Filipinas,1,Española,Comer solo,0
The Pig & Palm,GF; MSY Tower; Pescadores Road; Cebu Business Park; Cebu; Cebu; 6000; Filipinas,Cebu,Filipinas,1,Europea contemporánea,Terraza agradable,0
Brick Corner,151 Forbeswood Heights; Forbestown Road; Bonifacio Global City; Taguig - Metro Manila; Filipinas,Taguig - Metro Manila,Filipinas,1,Hindú; Asiática,Grupos,0
Esmen,10 F. Rallos Street; Pasil; Cebu; Cebu; Filipinas,Cebu,Filipinas,0,Street food,Cocina local,0
Lasa,Near Roosevelt Drive; Busay; Cebu; Cebu; 6000; Filipinas,Cebu,Filipinas,1,Filipina; Actual,Terraza agradable;Familiar,0
Abaseria Deli & Cafe,32 President Quirino Street; Villa Aurora Subdivision; Kasambagan; Cebu; Cebu; 6000; Filipinas,Cebu,Filipinas,1,Filipina,Familiar,0
SOME THAI (Quezon),195 Tomas Morato; Scout Fuentebella Street; Quezon - Metro Manila; Filipinas,Quezon - Metro Manila,Filipinas,1,Thai,Comer solo,0
Morning Sun Eatery,120 J.P. Rizal; Project 4; Quezon - Metro Manila; 1109; Filipinas,Quezon - Metro Manila,Filipinas,0,Street food,Cocina local,0
Nam Giao,6938 Wilcrest Dr.; Houston; TX; 77072; Estados Unidos,Houston,Estados Unidos,0,Vietnamita,Familiar;Cocina local,0
Ngon Vietnamese Kitchen,1907 Greenville Ave.; Dallas; TX; 75206; Estados Unidos,Dallas,Estados Unidos,1,Vietnamita,,0
Parish Barbecue,10300 Springdale Rd.; Austin; TX; 78754; Estados Unidos,Austin,Estados Unidos,1,Barbacoa,Merece la espera,0
Mercado Sin Nombre,408 N. Pleasant Valley Rd.; Austin; TX; 78702; Estados Unidos,Austin,Estados Unidos,0,Mexicana; Americana,,0
Mala Sichuan Bistro,9348 Bellaire Blvd.; Houston; TX; 77036; Estados Unidos,Houston,Estados Unidos,1,China; Cocina de Sichuan,,0
Papalo Taqueria,712 Main St.; Houston; TX; 77002; Estados Unidos,Houston,Estados Unidos,1,Mexicana,,0
Veracruz Fonda & Bar,1905 Aldrich St.; Austin; TX; 78723; Estados Unidos,Austin,Estados Unidos,1,Mexicana; Regional,Terraza agradable;Familiar,0
Nixta Taqueria,2512 E. 12th St.; Austin; TX; 78702; Estados Unidos,Austin,Estados Unidos,1,Mexicana; Regional,Cocina local;Merece la espera,0
La Santa Barbacha,2806 Manor Rd.; Austin; TX; 78722; Estados Unidos,Austin,Estados Unidos,0,Mexicana,Terraza agradable;Cocina local,0
Tejas Chocolate + Barbecue,200 N. Elm St.; Tomball; TX; 77375; Estados Unidos,Tomball,Estados Unidos,1,Barbacoa,,0
Burnt Bean Co.,108 S. Austin St.; Seguin; TX; 78155; Estados Unidos,Seguin,Estados Unidos,1,Barbacoa,Merece la espera,0
Cattleack Barbeque,13628 Gamma Rd.; Dallas; TX; 75244; Estados Unidos,Dallas,Estados Unidos,1,Barbacoa,Cocina local,0
Goldee’s Bar-B•Q,4645 Dick Price Rd.; Fort Worth; TX; 76140; Estados Unidos,Fort Worth,Estados Unidos,1,Barbacoa; Americana,,0
Barbs B Q,102 E. Market St.; Lockhart; TX; 78644; Estados Unidos,Lockhart,Estados Unidos,1,Barbacoa; Americana,Cocina local,0
KG BBQ,3108 Manor Rd.; Austin; TX; 78723; Estados Unidos,Austin,Estados Unidos,1,Barbacoa; Egipcia,Merece la espera;Cocina local,0
nobie's,2048 Colquitt St.; Houston; TX; 77098; Estados Unidos,Houston,Estados Unidos,1,Americana,,0
Cuantos Tacos,1108 E. 12th St.; Austin; TX; 78702; Estados Unidos,Austin,Estados Unidos,0,Mexicana; Regional,Terraza agradable,0
Distant Relatives,3901 Promontory Point Dr.; Austin; TX; 78744; Estados Unidos,Austin,Estados Unidos,1,Barbacoa,Terraza agradable;Merece la espera,0
The Pit Room,1201 Richmond Ave.; Houston; TX; 77006; Estados Unidos,Houston,Estados Unidos,1,Barbacoa; Mexicana,,0
Franklin Barbecue,900 E. 11th St.; Austin; TX; 78702; Estados Unidos,Austin,Estados Unidos,1,Barbacoa; Regional,Un clásico,0
Micklethwait Craft Meats,4602 Tanney St.; Austin; TX; 78721; Estados Unidos,Austin,Estados Unidos,1,Barbacoa; Regional,Cocina local,0
Killen's BBQ,3613 Broadway St.; Pearland; TX; 77581; Estados Unidos,Pearland,Estados Unidos,1,Barbacoa,,0
Rosemeyer Bar-B-Q,2111 Riley Fuzzel Rd.; Spring; TX; 77386; Estados Unidos,Spring,Estados Unidos,1,Barbacoa,Cocina local,0
Casaema,5307 N. Main St.; Houston; TX; 77009; Estados Unidos,Houston,Estados Unidos,1,Mexicana,Cocina local,0
Briscuits,4204 Menchaca Rd.; Austin; TX; 78704; Estados Unidos,Austin,Estados Unidos,1,Barbacoa,Cocina local;Merece la espera,0
Truth BBQ,110 S. Heights Blvd.; Houston; TX; 77007; Estados Unidos,Houston,Estados Unidos,1,Barbacoa,Familiar;Grupos,0
The Jerk Shack,10234 Texas 151; Ste. 103; San Antonio; TX; 78251; Estados Unidos,San Antonio,Estados Unidos,0,Jamaicana; Caribeña,,0
Pinkerton's Barbecue,1504 Airline Dr.; Houston; TX; 77009; Estados Unidos,Houston,Estados Unidos,1,Barbacoa,,0
Hua Sheng Feng (Dongsanhuan South Road),13-3 Dongsanhuan South Road; Chaoyang; Beijing; China Continental,Beijing,China Continental,1,Zhejiang,Familiar,0
Xiang Bin Xuan (Huayuan Road),2 Huayuan Road; Haidian; Beijing; China Continental,Beijing,China Continental,1,Cocina de Hunan,Merece la espera,0
Zhong,37 Gulou West Street; Xicheng; Beijing; China Continental,Beijing,China Continental,1,Huaiyanesa,,0
Ladychai,1F; Building 21; Ganjiakou Residence; Ganjiakou North Street; Haidian; Beijing; China Continental,Beijing,China Continental,0,Noodles,Familiar;Cocina local,0
Mingyuan Restaurant,21 Beizongbu Hutong; Dongcheng; Beijing; China Continental,Beijing,China Continental,1,Pekinesa,Cocina local,0
My Soup,Unit W104; 1F; West Tower; World Financial Centre; 1 Dongsanhuan Middle Road; Chaoyang; Beijing; China Continental,Beijing,China Continental,1,Cantonesa,Cocina local,0
Tianchumiaoxiang Vegetarian (Chaoyang),0260; 2F; Building D; CHAOWAI SOHO; 6 Chaowai Street; Chaoyang; Beijing; 100020; China Continental,Beijing,China Continental,0,Vegetariana,Familiar,0
Rong Cuisine (Baiziwan South Er Road),77 Baiziwan South Er Road; Chaoyang; Beijing; China Continental,Beijing,China Continental,1,Taizhóu,Familiar;Grupos,0
Tan,Building E1; Langyuan Station; 53 Banjieta Road; Chaoyang; Beijing; China Continental,Beijing,China Continental,1,Cocina de Sichuan,Familiar,0
Bao Yuan,North side of Building 6; Maizidian Street; Chaoyang; Beijing; China Continental,Beijing,China Continental,0,Raviolis,Cocina local,0
No. 69 Fangzhuanchang Zhajiangmian (Fangzhuanchang Hutong),1 Fangzhuanchang Hutong; Dongcheng; Beijing; China Continental,Beijing,China Continental,0,Noodles,Cocina local,0
Xiang Lin Tian Xia,2F; Podium; AVIC Building; 128 Jianguo Road; Chaoyang; Beijing; China Continental,Beijing,China Continental,1,Cocina de Hunan,,0
Liu Ma Ma Dumplings (Chaoyang),Buidling 3818; 798 Art District; 2 Jiuxianqiao Road; Chaoyang; Beijing; China Continental,Beijing,China Continental,0,Raviolis,,0
Yu Hua Tai (Xicheng),Building 23; Yuzhongxili Residence; Yumin Road; Xicheng; Beijing; China Continental,Beijing,China Continental,1,Huaiyanesa,,0
Qiantang Garden (Shuangyushu North Road),59 Shuangyushu North Road; Haidian; Beijing; China Continental,Beijing,China Continental,1,Cocina de Ningbó,Familiar;Cocina local,0
Lao Chuan Ban,5 Gongyuan 1st Alley; Dongzongbu Hutong; Dongcheng; Beijing; China Continental,Beijing,China Continental,1,Cocina de Sichuan,Familiar,0
Tong He Ju (Yuetan South Street),71A Yuetan South Street; Sanlihe; Xicheng; Beijing; China Continental,Beijing,China Continental,1,Shandong,Familiar;Cocina local,0
Fujian Cuisine (Dongsanhuan North Road),110-111; Kaidexingmao; 26A Dongsanhuan North Road; Chaoyang; Beijing; China Continental,Beijing,China Continental,1,Cocina de Fujian,Familiar;Grupos,0
Bao Du Jin Sheng Long (Dongcheng),13 Hepingli East Street; Dongcheng; Beijing; China Continental,Beijing,China Continental,1,Fondue china,Familiar;Cocina local,0
Jing Hua Lou,No. 202; 2F; Building 111; Huizhong North Lane; Datun North Road; Chaoyang; Beijing; China Continental,Beijing,China Continental,1,Pekinesa,Familiar;Cocina local,0
Bao Bao Hao,Building 12A; Chaoyangmen North Street; Chaoyang; Beijing; China Continental,Beijing,China Continental,1,Cantonesa,Familiar;Cocina local,0
Jingyi (Liulichang East Street),2 Liulichang East Street; Xicheng; Beijing; China Continental,Beijing,China Continental,0,Hubei,Cocina local,0
Niujie Halal Man Heng Ji,14 Ping'anli West Street; Xicheng; Beijing; China Continental,Beijing,China Continental,1,Fondue china,Familiar;Cocina local,0
Hong Fan Qie (Yuyuantan South Road),36 Cui Wei South Lane; Yuyuantan South Road; Haidian; Beijing; China Continental,Beijing,China Continental,1,Hubei,Grupos,0
Pang Mei Noodles (Xiang'er Hutong),Xiang'er Hutong; 69 Dongsi North Street; Dongcheng; Beijing; China Continental,Beijing,China Continental,0,Noodles,Merece la espera,0
Bua Thai Cafe,Yas Bay - Yas Island - YS2; Abu Dhabi,Abu Dhabi,Abu Dhabi,1,Thai,Comer solo,0
Yibin,28 Xizhong Hutong; Xicheng; Beijing; China Continental,Beijing,China Continental,0,Cocina de Sichuan,Merece la espera;Familiar,0
3Fils Abu Dhabi,The Abu Dhabi EDITION; Al Bateen; Abu Dhabi,Abu Dhabi,Abu Dhabi,1,Japonesa contemporánea,,0
Al Mrzab,Airport Road; Abu Dhabi,Abu Dhabi,Abu Dhabi,0,Emirati,Cocina local,0
Mika,Building 7; Yas Marina; Yas Island; Abu Dhabi,Abu Dhabi,Abu Dhabi,1,Cocina mediterránea,Terraza agradable;Romántico,0
ryba,31 Al Marabi‘ Street; Zayed Port; Al Mina; Abu Dhabi,Abu Dhabi,Abu Dhabi,1,Pescados y mariscos,,0
Otoro,Al Qana Marina South; Al Maqta' Street; Abu Dhabi,Abu Dhabi,Abu Dhabi,1,Japonesa contemporánea,,0
Snatch,Elizabetes iela 39; Riga; 1010; Letonia,Riga,Letonia,1,Italiana,Terraza agradable,0
Shōyu,Ausekļa iela 20; Riga; 1010; Letonia,Riga,Letonia,1,Japonesa; Ramen,,0
Milda,Grēcinieku iela 26; Riga; 1050; Letonia,Riga,Letonia,1,Tradicional,Terraza agradable;Cocina local,0
H.E. Vanadziņš,Rīgas iela 15; Cēsis; 4101; Letonia,Cēsis,Letonia,1,Moderna; Regional,Terraza agradable;Cocina local,0
Monsieur V,Dapperensquare 19; Linkebeek; 1630; Bélgica,Linkebeek,Bélgica,1,Clásica,Familiar,0
La Branche d'Olivier,rue Engeland 172; Uccle; 1180; Bélgica,Uccle,Bélgica,1,Clásica,Un clásico;Romántico,0
Kok Sur Mer,Warvinge 49; Vlissegem; 8421; Bélgica,Vlissegem,Bélgica,1,Francesa moderna,,0
Löwen,Hauptstraße 41; Frickingen; 88699; Alemania,Frickingen,Alemania,1,Creativa; Moderna,,0
Pinus im Seegut,Ziegelstraße 5; Friedrichshafen; 88048; Alemania,Friedrichshafen,Alemania,1,A compartir; Regional,Familiar,0
Da Marchesi,Località Ca' Gianessi 7; Novafeltria; 47863; Italia,Novafeltria,Italia,0,Regional; Regional,Familiar;Grupos,0
Freigeist,Raiffeisenstraße 4; Lustenau; 6890; Austria,Lustenau,Austria,1,Cocina de mercado,Cocina local,0
Gasthof Rössle,Arlbergstraße 61; Innerbraz; 6751; Austria,Innerbraz,Austria,1,Regional; Cocina de temporada,,0
Garde Manger,Chaussée de Gramptinne 37; Gesves; 5340; Bélgica,Gesves,Bélgica,1,Cocina de mercado,Familiar;Tendencia,0
Michel,rue Arthur Mahaux 3; Boninne; 5021; Bélgica,Boninne,Bélgica,1,Clásica,Familiar,0
Dorfstuben,Hermine-Bareiss-Weg 1; Baiersbronn; 72270; Alemania,Baiersbronn,Alemania,1,Regional; Cocina de mercado,,0
Camiano Piccolo,Via Camiano Piccolo 5; Montefalco; 06036; Italia,Montefalco,Italia,1,Cocina de Umbría; Tradicional,,0
Casa del Vino della Vallagarina,piazza San Vincenzo 1; Isera; 38060; Italia,Isera,Italia,1,Regional; Cocina de temporada,,0
Landgenuss,Bliestalstraße 110a; Blieskastel; 66440; Alemania,Blieskastel,Alemania,1,Regional; Internacional,,0
Seehof,Bachstraße 15; Immenstaad am Bodensee; 88090; Alemania,Immenstaad am Bodensee,Alemania,1,Regional; Clásica,,0
Perbacco - Vini e Cucina,Via Umberto I 14; Cannara; 06033; Italia,Cannara,Italia,0,Cocina de Umbría; Tradicional,Cocina local,0
L'Espièglerie,rue des Tanneries 13; Namur; 5000; Bélgica,Namur,Bélgica,1,Moderna; Creativa,Un clásico,0
Maïnoï,Chaussée Reine Astrid 34; Braine-l'Alleud; 1420; Bélgica,Braine-l'Alleud,Bélgica,1,Thai,Comer solo,0
Au gré des Saisons,rue d'Achet 70; Achet; 5362; Bélgica,Achet,Bélgica,1,Moderna; Italiana,,0
Les 4 Saisons,Rue de Bastogne 108; Marche-en-Famenne; 6900; Bélgica,Marche-en-Famenne,Bélgica,1,Moderna,Familiar,0
Comptoir de l'Eau Vive,place des Jardins de Baseilles 14; Erpent; 5101; Bélgica,Erpent,Bélgica,1,Belga,Comer solo,0
Ca' d'Frara,Via del Gambero 4; Ferrara; 44121; Italia,Ferrara,Italia,1,Cocina de Emilia; Regional,Grupos,0
Chez Chen Wépion,chaussée de Dinant 873; Wépion; 5100; Bélgica,Wépion,Bélgica,1,China,Terraza agradable;Familiar,0
dis-moi où ?,Rue Emile Marcq 3; Ways; 1474; Bélgica,Ways,Bélgica,1,Francesa moderna; Tradicional,,0
Plat préféré,Dorpsstraat 71; Snaaskerke; 8470; Bélgica,Snaaskerke,Bélgica,1,Clásica,,0
Klösterle Hof,Klösterleweg 2; Bad Rippoldsau; 77776; Alemania,Bad Rippoldsau,Alemania,1,Regional; Cocina de temporada,,0
Zum Rebstock,Kutzendorf 1; Kappelrodeck; 77876; Alemania,Kappelrodeck,Alemania,1,Regional,,0
Le Cygne,35 Grande-Rue; Gundershoffen; 67110; Francia,Gundershoffen,Francia,1,Moderna,,0
Maso Palù,Via Graziani 56; Brentonico; 38060; Italia,Brentonico,Italia,1,Regional; Alpina,,0
Trattoria Lanzagallo,Via Ravenna 1048; Gaibana; 44124; Italia,Gaibana,Italia,0,Pescados y mariscos; Clásica,Familiar;Cocina local,0
13 Comuni,Piazza della Vittoria 31; Velo Veronese; 37030; Italia,Velo Veronese,Italia,1,Regional; Tradicional,,0
Charlton Arms,Ludford Bridge; Ludlow; SY8 1PJ; Reino Unido,Ludlow,Reino Unido,1,Inglesa tradicional,Terraza agradable,0
Émulsion,Rue Ferdinand Francot 8B; Floriffoux; 5150; Bélgica,Floriffoux,Bélgica,1,Francesa moderna,,0
Kamin- und Bauernstube,Dollenberg 3; Bad Peterstal; 77740; Alemania,Bad Peterstal,Alemania,1,Cocina de temporada; Tradicional,,0
La Baita,Via Naviglio 25/c; Faenza; 48018; Italia,Faenza,Italia,1,Cocina de Emilia; Cocina de temporada,Merece la espera;Cocina local,0
Pensiun Aldier,Plaz 154; Sent; 7554; Suiza,Sent,Suiza,1,Suiza,,0
Stella,Via dei Narcisi 47/a; Casaglia; 06126; Italia,Casaglia,Italia,0,Regional; Tradicional,Familiar;Cocina local,0
Tipico Osteria dei Sensi,Via Roma 7; Montone; 06014; Italia,Montone,Italia,1,Cocina de Umbría; Tradicional,Familiar;Cocina local,0
Auberge du Pont de la Zorn,2 rue de la République; Weyersheim; 67720; Francia,Weyersheim,Francia,1,Alsaciana; Moderna,Cocina local,0
Gufer 55,Gufer 55; Brand; 6708; Austria,Brand,Austria,1,Europea tradicional,,0
Au Phil des Saveurs,Rue Émile Mazy 20; Bois-de-Villers; 5170; Bélgica,Bois-de-Villers,Bélgica,1,Moderna,,0
Li Somari,Piazza Rivarola 21; Tívoli; 00019; Italia,Tívoli,Italia,1,Cocina del Lazio; Tradicional,Cocina local,0
Galvin Green Man,Main Road; Great Waltham; Howe Street; CM3 1BG; Reino Unido,Howe Street,Reino Unido,1,Inglesa tradicional; Cocina mediterránea,,0
Restaurant Dimofski,2 quartier de la Gare; Wœlfling-lès-Sarreguemines; 57200; Francia,Wœlfling-lès-Sarreguemines,Francia,1,Moderna,Terraza agradable;Familiar,0
Mona Lisa,Rue du Colonel Tachet des Combes 19; Yvoir; 5530; Bélgica,Yvoir,Bélgica,1,Italiana; Moderna,Tendencia,0
Le Barathym,rue du Parvis 10; Nassogne; 6950; Bélgica,Nassogne,Bélgica,1,Cocina de mercado; Clásica,Familiar,0
The FOX,Einestraat 4; Oudenaarde; 9700; Bélgica,Oudenaarde,Bélgica,1,A compartir; Cocina de temporada,,0
Locanda Pincelli,Via Selva 52; Selva Malvezzi; 40062; Italia,Selva Malvezzi,Italia,1,Creativa; Cocina de Emilia,Comer solo;Familiar,0
Bären,Halten 112; Grub; 9035; Suiza,Grub,Suiza,1,Regional; Clásica,,0
Salotto sul Mare,Via dei Mille 2/b; Terrasini; 90049; Italia,Terrasini,Italia,0,Siciliana; Tradicional,Terraza agradable,0
il était une fois toi et moi,Chaussée de Nivelles 13; Arquennes; 7181; Bélgica,Arquennes,Bélgica,1,Moderna; Francesa clásica,,0
Le Confessionnal,rue Rémy Himmer 4; Dinant; 5500; Bélgica,Dinant,Bélgica,1,Francesa,Un clásico;Familiar,0
Solas,Unit 1; Strand Street; Dingle; V92 FEF2; Irlanda,Dingle,Irlanda,1,Española,,0
La Campanara,Via Borgo Pianetto 24/a; Galeata; 47010; Italia,Galeata,Italia,1,Regional,Terraza agradable;Favorito del inspector,0
Trattoria alla Ruota,Via Proale 6; località Mazzano; Negrar; 37024; Italia,Negrar,Italia,1,Moderna; Regional,,0
L'Entre D'Eux,rue Saint-Antoine 84; Pont-à-Celles; 6230; Bélgica,Pont-à-Celles,Bélgica,1,Francesa contemporánea,,0
La Broche,rue Grande 22; Dinant; 5500; Bélgica,Dinant,Bélgica,1,Cocina de mercado,Un clásico,0
Osteria Mondo d'Oro,Via Mondo d'Oro 4; Verona; 37121; Italia,Verona,Italia,1,Italiana; Cocina de temporada,Comer solo,0
Brasserie N4,La Roche Percée 1; Martelange; 6630; Bélgica,Martelange,Bélgica,1,Francesa moderna; Moderna,,0
La Fermette,rue du Château-Ferme 30; Falaën; 5522; Bélgica,Falaën,Bélgica,1,Francesa moderna; Francesa,Un clásico;Romántico,0
Wan Thai Food,Rue du Commerce 4; Châtelet; 6200; Bélgica,Châtelet,Bélgica,1,Thai,Familiar,0
Trattoria della Fortuna,Via Salaria 57; Monterotondo; 00015; Italia,Monterotondo,Italia,1,Cocina de temporada; Italiana,,0
Candela,Sonnenstrasse 5; Sankt Gallen; 9000; Suiza,Sankt Gallen,Suiza,1,Internacional,,0
Netts Schützengarten,Sankt Jakob Strasse 35; Sankt Gallen; 9000; Suiza,Sankt Gallen,Suiza,1,Internacional; Regional,,0
Al Bersagliere,Via Dietro Pallone 1; Verona; 37121; Italia,Verona,Italia,1,Tradicional; Regional,,0
Bazaar,46 Place Guillaume II; 1648; Luxemburgo,Luxemburgo,Luxemburgo,1,Cocina mediterránea; A compartir,Tendencia,0
L'Embellie,rue de la Station 115; Soignies; 7060; Bélgica,Soignies,Bélgica,1,Moderna,,0
Olijfboom,Noordstraat 3; Veurne; 8630; Bélgica,Veurne,Bélgica,1,Tradicional,,0
Da Alighiero,via Garibaldi 8; Anghiari; 52031; Italia,Anghiari,Italia,0,Toscana,Cocina local,0
Au Pont Corbeau,21 quai Saint-Nicolas; Estrasburgo; 67000; Francia,Estrasburgo,Francia,1,Alsaciana,Familiar;Cocina local,0
Anker,Dorf 10; Teufen; 9053; Suiza,Teufen,Suiza,1,Internacional; Tradicional,,0
Chez Yvonne - S'Burjerstuewel,10 rue du Sanglier; Estrasburgo; 67000; Francia,Estrasburgo,Francia,1,Alsaciana; Regional,Familiar;Cocina local,0
Au Coin des Pucelles,12 rue des Pucelles; Estrasburgo; 67000; Francia,Estrasburgo,Francia,1,Tradicional; Alsaciana,,0
Vilain,Avenue Paul Pastur 365; Charleroi; 6032; Bélgica,Charleroi,Bélgica,1,Cocina de temporada,,0
CCnomie,rue Haute 38; Falmignoul; 5500; Bélgica,Falmignoul,Bélgica,1,Regional; Cocina de mercado,Terraza agradable;Familiar,0
Hirsch,Dorfstraße 9; Berghaupten; 77791; Alemania,Berghaupten,Alemania,0,Regional; Tradicional,,0
Dalla Rosa Alda,Strada Garibaldi 4; San Giorgio di Valpolicella; 37015; Italia,San Giorgio di Valpolicella,Italia,0,Veneciana; Tradicional,,0
Table et Vin,Avenue Paul Pastur 122; Mont-sur-Marchienne; 6032; Bélgica,Mont-sur-Marchienne,Bélgica,1,Francesa,,0
Osteria la Fefa,Via Trento e Trieste 9/c; Finale Emilia; 41034; Italia,Finale Emilia,Italia,1,Cocina de Emilia; Tradicional,Cocina local,0
Golden Dragon,Talstrasse 3; Davos Platz; 7270; Suiza,Davos Platz,Suiza,1,China; Cocina de Sichuan,,0
Colani Bistrot,Via Principela 20; Madulain; 7523; Suiza,Madulain,Suiza,1,Cocina mediterránea; Regional,Cocina local,0
PINOT,Steigstrasse 12; Fläsch; 7306; Suiza,Fläsch,Suiza,1,Internacional; Cocina de temporada,,0
Gasthaus Schupfen,Steinerstrasse 501; Diessenhofen; 8253; Suiza,Diessenhofen,Suiza,1,Tradicional; Cocina de mercado,Terraza agradable,0
Joontos,Dar Tantora The House Hotel; 375 Old Town; AlUla; 43562; Arabia Saudí,AlUla,Arabia Saudí,1,Cocina de Oriente Medio; Cocina mediterránea,,0
Tameesa,King Abdul Aziz Branch Road; Alyasmin; Riyadh; 13326; Arabia Saudí,Riyadh,Arabia Saudí,0,Cocina saudí,Terraza agradable;Cocina local,0
Mirzam,Takamul Plaza; Altakhassusi Street; Alnakheel District; Riyadh; 12383; Arabia Saudí,Riyadh,Arabia Saudí,0,Cocina saudí,Cocina local,0
Anyukám Mondta,Petőfi utca 57; Encs; 3860; Hungría,Encs,Hungría,1,Italiana; Cocina mediterránea,Terraza agradable;Familiar,0
Macok Bistro,Tinódi Sebestyén tér 4; Eger; 3300; Hungría,Eger,Hungría,1,Moderna,Terraza agradable;Cocina local,0
Sparhelt,Szent István tér 7; Balatonfüred; 8230; Hungría,Balatonfüred,Hungría,1,Moderna,Terraza agradable,0
Casa Christa,Izabella utca 1; Balatonszőlős; 8233; Hungría,Balatonszőlős,Hungría,1,Cocina mediterránea,Terraza agradable,0
Cabrio,Vitkovics Mihály utca 3-5; Budapest; 1052; Hungría,Budapest,Hungría,1,Europea contemporánea,Terraza agradable,0
N28 Wine and Kitchen,Nagymező utca 28; Budapest; 1065; Hungría,Budapest,Hungría,1,Tradicional; Húngara,Cocina local,0
Morzsa Konyha,Király utca 42; Pécs; 7621; Hungría,Pécs,Hungría,1,Actual; Húngara,Productos locales;Cocina local,0
Kistücsök,Bajcsy-Zsilinszky utca 25; Balatonszemes; 8636; Hungría,Balatonszemes,Hungría,1,Húngara,Terraza agradable;Cocina local,0
Újváros Bisztró,Arborétum utca 2; Szarvas; 5540; Hungría,Szarvas,Hungría,1,Húngara,Terraza agradable;Romántico,0
94' Konyha & Bar,Kiraly utca 39; Budapest; 1077; Hungría,Budapest,Hungría,1,Vietnamita,,0
Café Sjiek,Sint Pieterstraat 13; Maastricht; 6211 JM; Holanda,Maastricht,Holanda,1,Tradicional; Francesa clásica,Un clásico;Comer solo,0
Bistrôt Chapeau,Huizerweg 1; Blaricum; 1261 AR; Holanda,Blaricum,Holanda,1,Francesa,Comer solo,0
Café Visscher,Stationsweg 7; Leiden; 2312 AS; Holanda,Leiden,Holanda,1,Francesa,Comer solo,0
Basaal,Dunne Bierkade 3; La Haya; 2512 BC; Holanda,La Haya,Holanda,1,Cocina de temporada; Moderna,,0
Auberge - cuisine française,Albert Cuypstraat 58; Amsterdam; 1072 CV; Holanda,Amsterdam,Holanda,1,Francesa,,0
Bovenmeester,Woldpoort 57; Steenwijk; 8331 KP; Holanda,Steenwijk,Holanda,1,Francesa moderna,,0
De Watergeus,Simon van Capelweg 10; Noorden; 2431 AG; Holanda,Noorden,Holanda,1,Moderna; Cocina de mercado,Un clásico;Terraza agradable,0
Restaurant élevé,Heliconweg 52; Leeuwarden; 8914 AT; Holanda,Leeuwarden,Holanda,1,Moderna,,0
Bij Mette,Dorpstraat 41; Linschoten; 3461 CP; Holanda,Linschoten,Holanda,1,Clásica; Europea,Romántico,0
De Witte Gans,Heinoseweg 30; Dalfsen; 7722 JP; Holanda,Dalfsen,Holanda,1,Cocina de mercado,,0
Prix de Rome,Susserweg 1; Maastricht; 6213 NE; Holanda,Maastricht,Holanda,1,Actual; Francesa moderna,,0
De Wilg,Sint-Antoniusstraat 30; De Mortel; 5425 VE; Holanda,De Mortel,Holanda,1,Cocina de mercado; Cocina de temporada,,0
Restaurant ñ,Nobelstraat 22; La Haya; 2513 BD; Holanda,La Haya,Holanda,1,Española,,0
Tabkeaw,Rechtstraat 102; Maastricht; 6221 EL; Holanda,Maastricht,Holanda,1,Thai,Familiar,0
Bistro Nijeholt,Van Harinxmaweg 10; Beetsterzwaag; 9244 CJ; Holanda,Beetsterzwaag,Holanda,1,Cocina de mercado,,0
Scheepskameel,Kattenburgerstraat 7; gebouw 24; Amsterdam; 1018 JA; Holanda,Amsterdam,Holanda,1,Europea,Familiar,0
Promessa,Markt 3; Eersel; 5521 AJ; Holanda,Eersel,Holanda,1,Cocinas del mundo; Creativa,Familiar,0
LEV. FOOD & WINE BAR,Iseldoks 1; Doetinchem; 7005 CX; Holanda,Doetinchem,Holanda,1,Francesa moderna,,0
Gitane,Jan Pieter Heijestraat 146; Amsterdam; 1054 MK; Holanda,Amsterdam,Holanda,1,Cocina mediterránea,Tendencia,0
Resumé by 6&24,Bierkade 16A; La Haya; 2512 AB; Holanda,La Haya,Holanda,1,Internacional,Comer solo,0
Avenue43,Raadhuislaan 43; Oss; 5341 GL; Holanda,Oss,Holanda,1,Francesa moderna,Familiar;Grupos,0
Zilt & Zoet,Dorpsweg 153; Maartensdijk; 3738 CD; Holanda,Maartensdijk,Holanda,1,Moderna,Terraza agradable;Familiar,0
LEV by Mike,Badweg 4; Winterswijk; 7102 EG; Holanda,Winterswijk,Holanda,1,Moderna,Terraza agradable,0
Fa. Pekelhaaring,Van Woustraat 127; Amsterdam; 1074 AH; Holanda,Amsterdam,Holanda,1,Cocina de mercado; Italiana,,0
Hofstede de Blaak,Dussenpad 1; Tilburg; 5032 WL; Holanda,Tilburg,Holanda,1,Regional,,0
De Basiliek,Korte Houtstraat 4a; La Haya; 2511 CD; Holanda,La Haya,Holanda,1,Moderna,Comer solo;Tendencia,0
Spandershoeve,Bussumergrintweg 46; Hilversum; 1217 BS; Holanda,Hilversum,Holanda,1,Indonesia,Un clásico;Familiar,0
De Aubergerie,Kamp 88; Amersfoort; 3811 AT; Holanda,Amersfoort,Holanda,1,Moderna,,0
Te Koop in Tilburg,Jan Pieterszoon Coenstraat 71; Tilburg; 5018 CP; Holanda,Tilburg,Holanda,1,Internacional; Francesa contemporánea,,0
MOUT & HOUT,Jan Smuldersstraat 24; Vessem; 5512 AZ; Holanda,Vessem,Holanda,1,Barbacoa; A la Parrilla,Grupos,0
Restaurant Blauw Utrecht,Springweg 64; Utrecht; 3511 VT; Holanda,Utrecht,Holanda,1,Indonesia,Grupos,0
Niemeijer,Akerkstraat 20; Groninga; 9612 BE; Holanda,Groninga,Holanda,1,Francesa creativa,,0
Nova,Rottekade 31; Bergschenhoek; 2661 JN; Holanda,Bergschenhoek,Holanda,1,Cocina de mercado,Terraza agradable,0
De Uitkijk,Hellendoornsebergweg 8; Hellendoorn; 7447 PA; Holanda,Hellendoorn,Holanda,1,Moderna,Terraza agradable,0
L'Auberge,Von Dopfflaan 10; Maastricht; 6213 NG; Holanda,Maastricht,Holanda,1,Clásica; Francesa,,0
Café de Gaper,Rapenburg 97; Leiden; 2311 GL; Holanda,Leiden,Holanda,1,Internacional; Francesa moderna,,0
NEV,Stratumseind 87; Eindhoven; 5611 ER; Holanda,Eindhoven,Holanda,1,Turca,,0
La Fleurie,Rijkesluisstraat 4; Oirschot; 5688 ED; Holanda,Oirschot,Holanda,1,Francesa clásica; Moderna,Familiar,0
De Beleving,Hertog Hendrikstraat 6; Sint-Oedenrode; 5492 BB; Holanda,Sint-Oedenrode,Holanda,1,Francesa moderna,,0
Vineum,Eendrachtsweg 23; Róterdam; 3012 LB; Holanda,Róterdam,Holanda,1,Francesa moderna,,0
Bistro,Botersloot 1; Noordeloos; 4225 PR; Holanda,Noordeloos,Holanda,1,Tradicional,Cocina local,0
Tapisco,Kneuterdijk 11; La Haya; 2514 EM; Holanda,La Haya,Holanda,1,Española,Grupos;Tendencia,0
Pouwe,Bovenstraat 4; Hoeven; 4741 AV; Holanda,Hoeven,Holanda,1,Creativa,,0
Le Vieux Jean,Heilige Geestkerkhof 3; Delft; 2611 HP; Holanda,Delft,Holanda,1,Francesa clásica,Un clásico;Romántico,0
Rijsel,Marcusstraat 52b; Amsterdam; 1091 TK; Holanda,Amsterdam,Holanda,1,Tradicional,,0
Sea Palace,Oosterdokskade 8; Amsterdam; 1011 AE; Holanda,Amsterdam,Holanda,1,Cantonesa; China,,0
Kok Verhoeven,NS Plein 32; Tilburg; 5014 DC; Holanda,Tilburg,Holanda,1,Pescados y mariscos,Comer solo,0
Héron,Schalkwijkstraat 26; Utrecht; 3512 KS; Holanda,Utrecht,Holanda,1,Bio; Cocina de mercado,Productos locales,0
Chef aan de Werf,Mussenstraat 11; Hilversum; 1223 RB; Holanda,Hilversum,Holanda,1,Cocina de mercado,Cocina local,0
Bistrobar Berlin,Daalseweg 15; Nimega; 6521 GE; Holanda,Nimega,Holanda,0,Moderna; A compartir,,0
DiVino,Kerkstraat 27; Hapert; 5527 EE; Holanda,Hapert,Holanda,1,Actual; Cocina mediterránea,,0
Wils Bakery Café,Stadionplein 24; Amsterdam; 1076 CM; Holanda,Amsterdam,Holanda,1,Francesa,,0
Rotonde,Goudsesingel 230; Róterdam; 3011 KE; Holanda,Róterdam,Holanda,1,Vegetariana; Moderna,Mesa del chef;Productos locales,0
Bij Erik,Sluisplein 11; Leidschendam; 2266 AV; Holanda,Leidschendam,Holanda,1,Francesa moderna; Cocina de temporada,Terraza agradable,0
Reua Thai,Dorpstraat 45b; Nuth; 6361EK; Holanda,Nuth,Holanda,1,Thai,Familiar;Grupos,0
De Voorburcht,Adelaarshoek 18; Hattem; 8051 GR; Holanda,Hattem,Holanda,1,Francesa creativa; Francesa moderna,,0
Seaport City Seafood,2425 Cambie St.; Vancouver; V5Z 4M5; Canadá,Vancouver,Canadá,1,China; Dim Sum,Familiar;Cocina local,0
Magari by Oca,1260 Commercial Dr.; Vancouver; V5L 2T6; Canadá,Vancouver,Canadá,1,Actual; Italiana,,0
Motonobu Udon,3501 E. Hastings St.; Vancouver; V5K 0E5; Canadá,Vancouver,Canadá,1,Udon; Japonesa,,0
Fable Kitchen,1944 W. 4th Ave.; Vancouver; V6J 1M5; Canadá,Vancouver,Canadá,1,Actual; Norteamericana,,0
ZUPPERIA OSTERIA PITIGLIANO,2F; 3-4-9 Soshigaya; Setagaya-ku; Tokyo; 157-0072; Japón,Tokyo,Japón,1,Italiana,,0
Les six,2F; 5-15-25 Minamiazabu; Minato-ku; Tokyo; 106-0047; Japón,Tokyo,Japón,1,Francesa,,0
Ma Poule,2-19-17 Nishikata; Bunkyo-ku; Tokyo; 113-0024; Japón,Tokyo,Japón,1,Francesa,,0
Washokuya Taichi,3-36-14 Kitasenzoku; Ota-ku; Tokyo; 145-0062; Japón,Tokyo,Japón,1,Izakaya,,0
Watabe,1-9-14 Koishikawa; Bunkyo-ku; Tokyo; 112-0002; Japón,Tokyo,Japón,1,Unagi / Anguila,Un clásico;Cocina local,0
YAKUMO,3-6-15 Higashiyama; Meguro-ku; Tokyo; 153-0043; Japón,Tokyo,Japón,0,Ramen,Merece la espera;Comer solo,0
BRAMASOLE,3-42-5 Jingumae; Shibuya-ku; Tokyo; 150-0001; Japón,Tokyo,Japón,1,Italiana,Comer solo,0
Tou.Gou,Smedenstraat 47; Brugge; 8000; Bélgica,Brugge,Bélgica,1,Cocina de mercado; Francesa creativa,,0
Tohakuan Karibe,4-23-19 Kasuya; Setagaya-ku; Tokyo; 157-0063; Japón,Tokyo,Japón,0,Soba,Comer solo;Cocina local,0
T'astous,2-5-21 Minamiazabu; Minato-ku; Tokyo; 106-0047; Japón,Tokyo,Japón,1,Francesa,,0
Hatsuogawa,2-8-4 Kaminarimon; Taito-ku; Tokyo; 111-0034; Japón,Tokyo,Japón,1,Unagi / Anguila,Cocina local,0
Le cabaret,8-8 Motoyoyogicho; Shibuya-ku; Tokyo; 151-0062; Japón,Tokyo,Japón,1,Francesa,,0
ROZZO SICILIA,1-1-12 Shirokane; Minato-ku; Tokyo; 108-0072; Japón,Tokyo,Japón,1,Italiana,,0
Seki Hanare,3-1-3 Setagaya; Setagaya-ku; Tokyo; 154-0017; Japón,Tokyo,Japón,1,Japonesa,Comer solo;Grupos,0
REI,10-8 Motoyoyogicho; Shibuya-ku; Tokyo; 151-0062; Japón,Tokyo,Japón,1,China,,0
L'AMITIE,2-9-12 Takadanobaba; Shinjuku-ku; Tokyo; 169-0075; Japón,Tokyo,Japón,1,Francesa,,0
Tonkatsu Nanaido,3-42-11 Jingumae; Shibuya-ku; Tokyo; 150-0001; Japón,Tokyo,Japón,0,Tonkatsu,Merece la espera;Comer solo,0
Edosoba Hosokawa,1-6-5 Kamezawa; Sumida-ku; Tokyo; 130-0014; Japón,Tokyo,Japón,0,Soba,Comer solo;Cocina local,0
Torishige,2-6-5 Yoyogi; Shibuya-ku; Tokyo; 151-0053; Japón,Tokyo,Japón,1,Cocina especializada en cerdo,Comer solo;Grupos,0
grill GRAND,3-24-6 Asakusa; Taito-ku; Tokyo; 111-0032; Japón,Tokyo,Japón,0,Yoshoku,Familiar,0
Sasaki Seimenjo,4-26-10 Nishiogikita; Suginami-ku; Tokyo; 167-0042; Japón,Tokyo,Japón,0,Ramen,Comer solo,0
IRUCA TOKYO,4-12-12 Roppongi; Minato-ku; Tokyo; 106-0032; Japón,Tokyo,Japón,0,Ramen,Merece la espera;Comer solo,0
Sushidokoro Shigeru,15 Funamachi; Shinjuku-ku; Tokyo; 160-0006; Japón,Tokyo,Japón,1,Sushi,Comer solo;Cocina local,0
Cristiano's,1-51-10 Tomigaya Shibuya-ku; Tokyo; 151-0063; Japón,Tokyo,Japón,1,Portuguesa,,0
there is ramen,3-10-16 Amanuma; Suginami-ku; Tokyo; 167-0032; Japón,Tokyo,Japón,0,Ramen,Merece la espera;Comer solo,0
Tempura Kakiage Yukimura,6-13-13 Shimbashi; Minato-ku; Tokyo; 105-0004; Japón,Tokyo,Japón,0,Tempura,Comer solo;Cocina local,0
Tachigui Sushi Tonari,2F; 2-8-7 Azabujuban; Minato-ku; Tokyo; 106-0045; Japón,Tokyo,Japón,1,Sushi,Comer solo;Grupos,0
Sobakiri Suzuki,4-43-32 Minamioizumi; Nerima-ku; Tokyo; 178-0064; Japón,Tokyo,Japón,0,Soba,Comer solo,0
Teuchi Asama,2-13-7 Kamimeguro; Meguro-ku; Tokyo; 153-0051; Japón,Tokyo,Japón,0,Ramen,Comer solo,0
Teuchisoba Jiyusan,3-1-4 Eharacho; Nakano-ku; Tokyo; 165-0023; Japón,Tokyo,Japón,1,Soba,Comer solo;Cocina local,0
Gigio,4-24-19 Wakabayashi; Setagaya-ku; Tokyo; 154-0023; Japón,Tokyo,Japón,1,Italiana,Comer solo,0
Mochibuta Tonkatsu Taiyo,3-22-7 Koyama; Shinagawa-ku; Tokyo; 142-0062; Japón,Tokyo,Japón,0,Tonkatsu,Comer solo,0
Tonkatsu Enraku,6-1-4 Ikegami; Ota-ku; Tokyo; 146-0082; Japón,Tokyo,Japón,0,Tonkatsu,Comer solo,0
Katchar Batchar,2F; 3-2-10 Minamiotsuka; Toshima-ku; Tokyo; 170-0005; Japón,Tokyo,Japón,0,Hindú,Comer solo,0
Los Reyes Magos,5-55-7 Yoyogi; Shibuya-ku; Tokyo; 151-0053; Japón,Tokyo,Japón,1,Española,Comer solo,0
Matsunozushi,2-16-12 Minaminagasaki; Toshima-ku; Tokyo; 171-0052; Japón,Tokyo,Japón,1,Sushi,Comer solo;Cocina local,0
LANBRoA,3-11-15 Yoga; Setagaya-ku; Tokyo; 158-0097; Japón,Tokyo,Japón,1,Española,Comer solo,0
Shokudo Wata,1-19-11 Shinjuku; Shinjuku-ku; Tokyo; 160-0022; Japón,Tokyo,Japón,1,Izakaya; Japonesa,Comer solo,0
Tonkatsu Hinata,2-13-9 Takadanobaba; Shinjuku-ku; Tokyo; 169-0075; Japón,Tokyo,Japón,0,Tonkatsu,Merece la espera;Comer solo,0
LA BETTOLA da Ochiai,1-21-2 Ginza; Chuo-ku; Tokyo; 104-0061; Japón,Tokyo,Japón,1,Italiana,Grupos,0
Hamacho Kaneko,3-7-3 Nihombashihamacho; Chuo-ku; Tokyo; 103-0007; Japón,Tokyo,Japón,0,Soba,Comer solo;Cocina local,0
Meishan,37-39 Yokoteramachi; Shinjuku-ku; Tokyo; 162-0831; Japón,Tokyo,Japón,1,China,,0
jeeten,3-2-3 Nishihara; Shibuya-ku; Tokyo; 151-0066; Japón,Tokyo,Japón,1,China,,0
Katsuyoshi,3-4-11 Nihombashiningyocho; Chuo-ku; Tokyo; 103-0013; Japón,Tokyo,Japón,0,Tonkatsu,Comer solo,0
Onigiri Asakusa Yadoroku,3-9-10 Asakusa; Taito-ku; Tokyo; 111-0032; Japón,Tokyo,Japón,0,Onigiri,Comer solo,0
Sushi Yoshino,B1F; 2-30-2 Chuo; Nakano-ku; Tokyo; 164-0011; Japón,Tokyo,Japón,1,Sushi,,0
Tensuke,3-22-7 Koenjikita; Suginami-ku; Tokyo; 166-0002; Japón,Tokyo,Japón,0,Tempura,Merece la espera;Comer solo,0
IL BALLOND'ORO,1-24-10 Ebisu; Shibuya-ku; Tokyo; 150-0013; Japón,Tokyo,Japón,1,Italiana,,0
Yoshoku Edoya,6-6-1 Shirokane; Minato-ku; Tokyo; 108-0072; Japón,Tokyo,Japón,0,Yoshoku,Comer solo;Familiar,0
YAMATO,16-3 Nihombashitomizawacho; Chuo-ku; Tokyo; 103-0006; Japón,Tokyo,Japón,1,Izakaya,,0
Ginza HARU CHAN Ramen,3-11-6 Ginza; Chuo-ku; Tokyo; 104-0061; Japón,Tokyo,Japón,0,Ramen,Merece la espera;Comer solo,0
Katsuo Shokudo,B1F; 7-12 Uguisudanicho; Shibuya-ku; Tokyo; 150-0032; Japón,Tokyo,Japón,0,Japonesa,Comer solo;Cocina local,0
LAUBURU,6-8-18 Minamiaoyama; Minato-ku; Tokyo; 107-0062; Japón,Tokyo,Japón,1,Francesa,,0
Ramenya Toy Box,1-1-3 Higashinippori; Arakawa-ku; Tokyo; 116-0014; Japón,Tokyo,Japón,0,Ramen,Merece la espera;Comer solo,0
Sosakumenkobo NAKIRYU,2-34-4 Minamiotsuka; Toshima-ku; Tokyo; 170-0005; Japón,Tokyo,Japón,0,Ramen,Merece la espera;Comer solo,0
Soba Tajima,3-8-6 Nishiazabu; Minato-ku; Tokyo; 106-0031; Japón,Tokyo,Japón,0,Soba,Comer solo;Cocina local,0
Tompachitei,4-3-4 Ueno; Taito-ku; Tokyo; 110-0005; Japón,Tokyo,Japón,0,Tonkatsu,Merece la espera;Comer solo,0
Kyorakutei,3-6 Kagurazaka; Shinjuku-ku; Tokyo; 162-0825; Japón,Tokyo,Japón,0,Soba,Comer solo;Cocina local,0
Sennomago,4-4-2 Nishiogikita; Suginami-ku; Tokyo; 167-0042; Japón,Tokyo,Japón,1,China,Grupos,0
Ittoan,2-16-10 Higashijujo; Kita-ku; Tokyo; 114-0001; Japón,Tokyo,Japón,0,Soba,Comer solo;Cocina local,0
AlCeppo,2F; 1-25-32 Shirokane; Minato-ku; Tokyo; 108-0072; Japón,Tokyo,Japón,1,Italiana,,0
Bistrot Vivienne,4-13-19 Ginza; Chuo-ku; Tokyo; 104-0061; Japón,Tokyo,Japón,1,Francesa,Comer solo,0
Osteria da K. [káppa],5F; 8-7-2 Ginza; Chuo-ku; Tokyo; 104-0061; Japón,Tokyo,Japón,1,Italiana,Comer solo,0
Tiflisi,1970 Queen St. E.; Toronto; M4L 1H8; Canadá,Toronto,Canadá,1,Cocina de Asia Central,Familiar;Grupos,0
SumiLicious Smoked Meat & Deli,5631 Steeles Ave.; #5; Toronto; M1V 5P6; Canadá,Toronto,Canadá,0,Deli,Familiar;Cocina local,0
Ricky + Olivia,996 Queen St. E; Toronto; M4M 1K1; Canadá,Toronto,Canadá,1,Creativa,Grupos,0
Puerto Bravo,1425 Gerrard St. E.; Toronto; M4L 1Z7; Canadá,Toronto,Canadá,1,Mexicana; Pescados y mariscos,,0
Cherry Street Bar-B-Que,275 Cherry St.; Toronto; M5A 3L3; Canadá,Toronto,Canadá,1,Barbacoa,Terraza agradable;Grupos,0
Barrel Heart Brewing,104 King St. W.; Unit 1; Dundas; L9H 0B4; Canadá,Dundas,Canadá,1,Actual,Familiar;Grupos,0
Guru Lukshmi,7070 St. Barbara Blvd.; Mississauga; L5W 0E6; Canadá,Mississauga,Canadá,1,Hindú; Cocina del Sur de la India,Familiar;Grupos,0
Sundays,58 Brock St. W.; Uxbridge; L9P 1P3; Canadá,Uxbridge,Canadá,1,Creativa,Familiar;Cocina local,0
White Lily Diner,678 Queen St. E.; Toronto; M4M 1G8; Canadá,Toronto,Canadá,0,Creativa; Panadería,,0
Chica's Chicken,2853 Dundas St. W.; Toronto; M6P 1Y6; Canadá,Toronto,Canadá,1,Americana,,0
The Ginger Pig,4262 Lowell Blvd.; Denver; CO; 80211; Estados Unidos,Denver,Estados Unidos,1,China; Asiática,,0
Bar Raval,505 College St.; Toronto; M6G 1A5; Canadá,Toronto,Canadá,1,Española,Romántico,0
Hop Alley,3500 Larimer St.; Denver; CO; 80205; Estados Unidos,Denver,Estados Unidos,1,China; Actual,,0
La Diabla Pozole y Mezcal,2233 Larimer St.; Denver; CO; 80205; Estados Unidos,Denver,Estados Unidos,1,Mexicana,,0
Rong Yuan Can Guan,No. 2; 10 Shuhan Street; Wuhou; Chengdu; China Continental,Chengdu,China Continental,1,Cocina de Sichuan,Familiar;Cocina local,0
Zeng Niu Rou,No. 16; 17 Jinfeng Road; Qingyang; Chengdu; China Continental,Chengdu,China Continental,0,Cocina de Sichuan,Familiar;Cocina local,0
Mind (Wuhou),85 Longyang Street; Wuhou; Chengdu; China Continental,Chengdu,China Continental,0,Cocina de Sichuan,,0
Gong Zhou · Ba Shu Wei Yuan,No. 6; 64 Junlong Street; Jinjiang; Chengdu; China Continental,Chengdu,China Continental,0,Cocina de Sichuan,Cocina local,0
Zhu Ji Zhi Mian Pu (Jinjiang),194 Yixinqiao South Street; Jinjiang; Chengdu; China Continental,Chengdu,China Continental,0,Noodles,Terraza agradable;Cocina local,0
Mosnack,Shop L101-1-A; Shimao 52+ Mini Mall; 99 Mengzhuiwan Bystreet; Chenghua; Chengdu; China Continental,Chengdu,China Continental,0,Noodles,Cocina local,0
Wan San Mian Guan (Qinglongzheng Street),No. 1; 131 Qinglongzheng Street; Jinjiang; Chengdu; China Continental,Chengdu,China Continental,0,Noodles,Cocina local,0
Wu Ji Guai Wei Mian,108-11; Section 5; Yihuan East Road; Jinjiang; Chengdu; China Continental,Chengdu,China Continental,0,Noodles,Cocina local,0
The Woo's (Jinjiang),No. 17; 39 Hongji Middle Road; Jinjiang; Chengdu; China Continental,Chengdu,China Continental,1,Cocina de Sichuan,Familiar,0
Yangboying Chuan Tong Za Jiang Mian,No. 13; 19 Tongsi Road; Qingyang; Chengdu; China Continental,Chengdu,China Continental,0,Noodles,Cocina local,0
Ting Yuan 399 (Jinjiang),399 Jingjusi; Jinjiang; Chengdu; China Continental,Chengdu,China Continental,1,Cocina de Sichuan,,0
Cuo Xia,Shop 109; B1 Level; CyPARK; 688 Tianfu 4th Street; Wuhou; Chengdu; China Continental,Chengdu,China Continental,1,Chao Zhou,Familiar,0
Nian Feng Restaurant,56-3 Nianfeng Alley; Jinjiang; Chengdu; China Continental,Chengdu,China Continental,1,Cocina de Sichuan,Familiar,0
Bai Nian Fen Zheng Niu Rou,No. 5; 33 Zhimin Road; Wuhou; Chengdu; China Continental,Chengdu,China Continental,0,Cocina de Sichuan,Cocina local,0
Gan Ji Fei Chang Fen,No. 1-3; 18 Ma'an North Road; Jinniu; Chengdu; China Continental,Chengdu,China Continental,0,Noodles,Cocina local,0
Hu Er Ge Yao Shan Ti Hua,146-19; Section 1; Yihuan West Road; Qingyang; Chengdu; China Continental,Chengdu,China Continental,0,Cocina de Sichuan,Cocina local,0
Rongrong Beida Pugaimian,No. 2-4; Section 2; Jiefang Road; Jinniu; Chengdu; China Continental,Chengdu,China Continental,0,Noodles,Cocina local,0
Guan Jin (Chenghan South Road),4F; Block 5; Think Zone; 19 Chenghan South Road; Wuhou; Chengdu; China Continental,Chengdu,China Continental,1,Cocina de Sichuan,Familiar,0
Yongle Restaurant,36 Xiaojiahe Middle Road; Wuhou; Chengdu; China Continental,Chengdu,China Continental,0,Cocina de Sichuan,Cocina local,0
Lao Chengdu Yi Cheng Xian San Yang Mian,No. 6-8; 46 Guojielou Street; Qingyang; Chengdu; China Continental,Chengdu,China Continental,0,Noodles,Cocina local,0
Zhuan Zhuan Hui (Lianhua South Road),27 Lianhua South Road; Jinjiang; Chengdu; China Continental,Chengdu,China Continental,1,Cocina de Sichuan,Familiar,0
Chen Mapo Tofu (Qinghua Road),No.10-12; 10 Qinghua Road; Qingyang; Chengdu; China Continental,Chengdu,China Continental,0,Cocina de Sichuan,Merece la espera;Cocina local,0
Yao Guai Mian,49 Longzhou East Alley; Jinjiang; Chengdu; China Continental,Chengdu,China Continental,0,Noodles,Cocina local,0
Dumpling & Drinks (Lancao Road),16 Lancao Road; Wuhou; Chengdu; China Continental,Chengdu,China Continental,0,Raviolis,Cocina local,0
Organization South,No. 209; Block 1; Pebble Walk; 669 Wanxiang South Road; Wuhou; Chengdu; China Continental,Chengdu,China Continental,1,Cocina de Sichuan,Familiar;Cocina local,0
Long Sen Yuan (Qingyang),60 Qintai Road; Qingyang; Chengdu; China Continental,Chengdu,China Continental,1,Fondue china,Familiar,0
Zhou Men,Shop 103; 172 Zhoumen Street; Liwan; Guangzhou; China Continental,Guangzhou,China Continental,0,Noodles,Cocina local,0
Nan Yuan,142 Qianjin Road; Haizhu; Guangzhou; China Continental,Guangzhou,China Continental,1,Cantonesa,Cocina local,0
Dai Yong Town,59 Tianhe East Road; Tianhe; Guangzhou; China Continental,Guangzhou,China Continental,1,Chao Zhou,Familiar,0
Rong Yi Fa Niu Za Dian (Yuexiu),56 Shishu Road; Yuexiu; Guangzhou; China Continental,Guangzhou,China Continental,0,Cantonesa,Cocina local,0
Fa Sing Garden (Jinsui Road),5F; Grand Mercure; 62 Jinsui Road; Zhujiang New Town; Tianhe; Guangzhou; China Continental,Guangzhou,China Continental,1,Cantonesa,Familiar;Grupos,0
Ya Yuan,14 Chaotian Road; Yuexiu; Guangzhou; China Continental,Guangzhou,China Continental,1,Cantonesa,Familiar;Cocina local,0
Soodle,Shop 309; 3F; Adjoining Building; Kingold Century; 62 Jinsui Road; Tianhe; Guangzhou; China Continental,Guangzhou,China Continental,1,Vegetariana,,0
Xiang Qun (Longjin East Road),853-857 Longjin East Road; Liwan; Guangzhou; China Continental,Guangzhou,China Continental,0,Cantonesa,Cocina local,0
Xin Tai Le (Yuexiu),1-2F; Sino Trade Centre; 65 Panfu Road; Yuexiu; Guangzhou; China Continental,Guangzhou,China Continental,1,Cantonesa,Familiar;Cocina local,0
Jian Ji (Liwan),299-303 Changshou East Road; Liwan; Guangzhou; China Continental,Guangzhou,China Continental,0,Noodles,Cocina local,0
Mian Ji (Yuexiu),224 Dezheng Middle Road; Yuexiu; Guangzhou; China Continental,Guangzhou,China Continental,0,Cantonesa,Cocina local,0
Hua Ge Si Chu,443 Guangfu North Road; Liwan; Guangzhou; China Continental,Guangzhou,China Continental,0,Cantonesa,Familiar;Cocina local,0
Da Ge Fan (Tangxiayong West Road),1F; Tian Hui Building; 69 Tangxiayong West Road; Tianhe; Guangzhou; China Continental,Guangzhou,China Continental,1,Cantonesa,,0
Hai Men Yu Zi Dian (Yanling Road),1-2F; Jinyan Mansion; 120 Yanling Road; Tianhe; Guangzhou; China Continental,Guangzhou,China Continental,1,Chao Zhou,Familiar,0
Zijin Shi Fang,39-1 Zishan Street; Haizhu; Guangzhou; China Continental,Guangzhou,China Continental,0,Cantonesa,Cocina local,0
Lingnan Haiyanlou (Binjiang East Road),2-3F; Jiangpan Huating; 1040 Binjiang East Road; Haizhu; Guangzhou; China Continental,Guangzhou,China Continental,1,Cantonesa,Familiar;Grupos,0
Yao Ji,15 Long Yuan Road; Panyu; Guangzhou; China Continental,Guangzhou,China Continental,1,Cantonesa,Familiar;Cocina local,0
Temple Street,10 Dongdi Second Road; Yuexiu; Guangzhou; China Continental,Guangzhou,China Continental,0,Cantonesa,Cocina local,0
Hunan Cuisine,2842-39 East Xingang Road; Haizhu; Guangzhou; China Continental,Guangzhou,China Continental,1,Cocina de Hunan,,0
Qi Cun Da Tou Hui,2F; 20 Haiwen Road; Zhujiang New Town; Tianhe; Guangzhou; China Continental,Guangzhou,China Continental,1,Cantonesa,,0
Song Yuan,A101-201; LYK Park; 14-1 Hedong Road; Liwan; Guangzhou; China Continental,Guangzhou,China Continental,1,Cantonesa,Merece la espera,0
FT · Bak Kut Teh (Yuexiu),Wonderful Life Mansion; 36-48 Wenming Road; Yuexiu; Guangzhou; China Continental,Guangzhou,China Continental,0,Cocina del Sudeste Asiático,Merece la espera,0
Xiguan Zhuyuan (Shiba Fu),107 Shiba Fu South Road; Liwan; Guangzhou; China Continental,Guangzhou,China Continental,0,Noodles,Cocina local,0
Tong Ji,3 Fuguangli; Changshou East Road; Liwan; Guangzhou; China Continental,Guangzhou,China Continental,0,Noodles y Congee,Cocina local,0
Hui Xing Yuan,177 Xiaobei Road; Yuexiu; Guangzhou; China Continental,Guangzhou,China Continental,0,Cantonesa,Familiar,0
Wei Shi Jia,598 Jiefang North Road; Yuexiu; Guangzhou; China Continental,Guangzhou,China Continental,0,Cantonesa,Merece la espera,0
Dayang (Wenming Road),160-1 Wenming Road; Yuexiu; Guangzhou; China Continental,Guangzhou,China Continental,0,Cantonesa,Cocina local,0
Yong Zuo,2 Baoye North Street; Haizhu; Guangzhou; China Continental,Guangzhou,China Continental,0,Congee,Familiar,0
Ze 8 (Haizhu),174 Binjiang West Road; Haizhu; Guangzhou; China Continental,Guangzhou,China Continental,1,Cantonesa,Familiar,0
Lao Xiguan Laifen (Wenming Road),216 Wenming Road; Yuexiu; Guangzhou; China Continental,Guangzhou,China Continental,0,Noodles,Cocina local,0
Enning Liu Fu Ji (Donghua East Road),547 Donghua East Road; Yuexiu; Guangzhou; China Continental,Guangzhou,China Continental,0,Noodles,Cocina local,0
Hai Xian Jie Cai Guan,152-2 Haizhu South Road; Yuexiu; Guangzhou; China Continental,Guangzhou,China Continental,1,Cantonesa,Familiar,0
Chuang Fa,512-2 Guangfu North Road; Liwan; Guangzhou; China Continental,Guangzhou,China Continental,0,Cantonesa,Familiar;Cocina local,0
Mamak,Shop 082C; East 1 Street; B1 Level; Fashion Tianhe Plaza; 299 Tianhe Road; Tianhe; Guangzhou; China Continental,Guangzhou,China Continental,0,Malaya,Familiar,0
Xing Fu Yi Zhan (Yulei Third Street),8 Yulei Third Street; Tianhe; Guangzhou; China Continental,Guangzhou,China Continental,1,Cocina de Sichuan,Familiar,0
Stay Here,Shop 2; 23 Xigang Road; Haizhu; Guangzhou; China Continental,Guangzhou,China Continental,1,Chao Zhou,Familiar,0
Ease (Yuexiu),112A; 1F; Newspaper Printing Service Building; 289 Art Park; 289 Guangzhou Middle Avenue; Yuexiu; Guangzhou; China Continental,Guangzhou,China Continental,1,Cocina de Sichuan,Familiar,0
Xiguan Zhuyuan (Lizhiwan),C4; Phase 2; Lizhiwan Scenic Area; Huangsha Avenue; Liwan; Guangzhou; China Continental,Guangzhou,China Continental,0,Noodles,Cocina local,0
Liang Jie Nanning Pumiao Shengzha Mifen,242 Yinghua Street; Xiaogang Bay; Haizhu; Guangzhou; China Continental,Guangzhou,China Continental,0,Noodles,Cocina local,0
Sa Er Ta Dongxiang Shou Zhua,103 Baohan Zhijie; Yuexiu; Guangzhou; China Continental,Guangzhou,China Continental,1,Xibei,Familiar,0
Wen Ji Yixinji,10 Xuanyuanqiao; 76 Baohua Road; Liwan; Guangzhou; China Continental,Guangzhou,China Continental,1,Cantonesa,Cocina local,0
Zhu Zai Ji Shi Fu (Jiangnan Avenue),429 Jiangnan Avenue South; Haizhu; Guangzhou; 510260; China Continental,Guangzhou,China Continental,0,Cantonesa,Familiar,0
Xin Wen Ji (Panfu Road),1-3F; Sino Trade Centre; 67 Panfu Road; Yuexiu; Guangzhou; China Continental,Guangzhou,China Continental,1,Cantonesa,Familiar;Cocina local,0
Jia Yuan,7 Xingrenli; Guangxiao Road; Yuexiu; Guangzhou; China Continental,Guangzhou,China Continental,0,Vegetariana,,0
Hawkerboi,The Park; Jumeirah Lake Towers; Dubái; Dubai,Dubái,Dubai,1,Asiática,,0
Khadak,Villa 426 - 12 Al Wasl Road; Jumeirah 2; Dubái; Dubai,Dubái,Dubai,1,Hindú,Terraza agradable,0
3Fils,Shop 02; Jumeirah Fishing Harbour 1; Al Urouba St​reet; Dubái; Dubai,Dubái,Dubai,0,Japonesa contemporánea,Merece la espera,0
Berenjak,Dar Wasl Mall - Shop 01 - Al Wasl Rd - Al Wasl; Dubái; Dubai,Dubái,Dubai,1,Persa,,0
Bait Maryam,Cluster D Jumeirah Lakes Towers; Dubái; Dubai,Dubái,Dubai,0,Cocina de Oriente Medio,Merece la espera,0
Goldfish,Galleria Mall; Al Wasl Road; Jumeirah 1; Dubái; Dubai,Dubái,Dubai,1,Japonesa contemporánea,Merece la espera,0
Konjiki Hototogisu,Mall Of Emirates - 2nd Level; Dubái; Dubai,Dubái,Dubai,0,Japonesa; Ramen,,0
Harummanis,Al Wasl 51; Jumeirah; Jumeirah 1; Dubái; Dubai,Dubái,Dubai,1,Asiática,Comer solo,0
Sufret Maryam,Wasl 51 - Jumeirah - Jumeirah 1; Dubái; Dubai,Dubái,Dubai,0,Cocina de Oriente Medio,Terraza agradable,0
Kinoya,The Onyx Tower 2; Sheikh Zayed Road; Dubái; Dubai,Dubái,Dubai,0,Japonesa,Mesa del chef,0
Al Khayma Heritage Restaurant,Villa 54-44; Al Fahidi Historical District; Dubái; Dubai,Dubái,Dubai,0,Emirati,Terraza agradable,0
21 Grams,2nd Floor; Meyan Mall; Al Thanya Street; Umm Suqeim 2; Dubái; Dubai,Dubái,Dubai,0,Balcánica,Familiar,0
Cerdo Negro 1985,5 Vitonos Street; Atenas; 11854; Grecia,Atenas,Grecia,1,Cocina mediterránea; Fusión,,0
Lalola de Javi Abascal,Marco Sancho 1; Sevilla; 41003; España,Sevilla,España,1,Tradicional,,0
Az-Zait,Plaza de San Lorenzo 1; Sevilla; 41002; España,Sevilla,España,1,Actual,,0
El Espejo - Sanlúcar,Caballeros 11; Sanlúcar de Barrameda; 11540; España,Sanlúcar de Barrameda,España,1,Moderna,Terraza agradable,0
Casa Bigote,Pórtico de Bajo de Guía 10; Sanlúcar de Barrameda; 11540; España,Sanlúcar de Barrameda,España,1,Pescados y mariscos,,0
La Tarara,Plaza Andalucía; Olvera; 11690; España,Olvera,España,1,Actual,,0
Finca Alfoliz,Carretera A-492 km 6;5; Aljaraque; 21110; España,Aljaraque,España,1,Tradicional,Terraza agradable;Productos locales,0
La Taberna de Cuatro Caminos,Antonio Machado 24; Almodóvar del Río; 14720; España,Almodóvar del Río,España,1,Regional; Tradicional,,0
Platero & Co,Los Bancos 9; Gaucín; 29480; España,Gaucín,España,0,Tradicional,Terraza agradable,0
Alma Ezequiel Montilla,Cuesta Borrego 3; Puente Genil; 14500; España,Puente Genil,España,1,Internacional,,0
Terra Olea,Rigoberta Menchú 2; Córdoba; 14011; España,Córdoba,España,1,Moderna; Andaluza,Un clásico,0
Regadera,Ronda de Isasa 10; Córdoba; 14003; España,Córdoba,España,1,Moderna; Cocina de mercado,,0
La Taberna de Almodóvar,Benito Pérez Galdós 1; Córdoba; 14001; España,Córdoba,España,1,Tradicional,Cocina local,0
El Envero,Teruel 21; Córdoba; 14011; España,Córdoba,España,1,Moderna,Terraza agradable;Productos locales,0
La Cuchara de San Lorenzo,Arroyo de San Lorenzo 2; Córdoba; 14002; España,Córdoba,España,1,Moderna,Romántico,0
Acebuche,Santa Marina 3; Zafra; 06300; España,Zafra,España,1,Fusión,,0
Casa Mané,Almadraba; Palmones; 11379; España,Palmones,España,1,Pescados y mariscos; Regional,,0
Kàran Bistró,Plaza de la Constitución 1; Pozoblanco; 14400; España,Pozoblanco,España,1,Creativa,Productos locales,0
Base9,Salitre 9; Málaga; 29002; España,Málaga,España,0,Actual,,0
La Cosmo,Císter 11; Málaga; 29015; España,Málaga,España,1,Andaluza,Cocina local,0
La Taberna de Mike Palmer,Camino de los Almendrales; Málaga; 29013; España,Málaga,España,1,Tradicional,Cocina local,0
Macarraca,Navegante Juan Patiño 78; Villanueva de la Serena; 06700; España,Villanueva de la Serena,España,1,Tradicional,Cocina local,0
El Chiringuito,Villa del Castillo; 24; Sedella; 29715; España,Sedella,España,1,Andaluza,Cocina local,0
Aureum by Picualia,Autovía A4 Madrid-Cádiz KM. 298; Bailén; 23710; España,Bailén,España,1,Tradicional,,0
Albidaya,Horno de Haza 25; Granada; 18002; España,Granada,España,1,Cocina de mercado,,0
El Chaleco,Avenida Costa del Sol 37; Almuñécar; 18690; España,Almuñécar,España,1,Francesa,,0
La Cantina de Diego,Callejón de Ricarda 2; Monachil; 18193; España,Monachil,España,1,Tradicional,Cocina local,0
Los Sentidos,Doctor 13; Linares; 23700; España,Linares,España,1,Moderna,Merece la espera,0
Alberca,Victoria 8; Trujillo; 10200; España,Trujillo,España,1,Actual; Tradicional,Terraza agradable;Merece la espera,0
Cantina La Estación,Cuesta Rodadera 1; Úbeda; 23400; España,Úbeda,España,1,Actual,,0
Solar do Forcado,Rua Candido dos Reis 14; Portalegre; 7300-129; Portugal,Portalegre,Portugal,0,Tradicional,Cocina local,0
PODA,Rua Sacadura Cabral 25; Montemor-o-Novo; 7050 304; Portugal,Montemor-o-Novo,Portugal,0,Regional,Cocina local,0
Xtoria,Rua Guilherme Gomes Fernandes 17; Setúbal; 2900-395; Portugal,Setúbal,Portugal,1,Actual,Un clásico,0
Mesón Octavio,Severo Ochoa 6; Ciudad Real; 13005; España,Ciudad Real,España,1,Tradicional,Cocina local,0
Villa Xarahiz,Carretera EX 203; Jaraíz de la Vera; 10400; España,Jaraíz de la Vera,España,0,Regional,Terraza agradable;Grupos,0
Casa Chef Victor Felisberto,Rua Francisco Ferreira da Mata 99; Abrantes; 2200-223; Portugal,Abrantes,Portugal,0,Carnes a la parrilla; Regional,,0
El Molino,Garganta de Alardos; Madrigal de la Vera; 10480; España,Madrigal de la Vera,España,0,Actual,,0
Zunzum Gastrobar,Avenida Infante D. Henrique. Doca do Jardim do Tabaco; Lisboa; 1100-651; Portugal,Lisboa,Portugal,1,Actual,Familiar,0
Ofício - Wine & Dining Room,Rua Nova da Trindade 11; Lisboa; 1200-301; Portugal,Lisboa,Portugal,1,Tradicional,,0
Carnal,Rua da Misericordia 78; Lisboa; 1200 273; Portugal,Lisboa,Portugal,1,Mexicana,,0
Taberna Sakra,Av. Capitão João De Almeida Meleças 65; Alverca do Ribatejo; 2615-098; Portugal,Alverca do Ribatejo,Portugal,0,Portuguesa,Cocina local,0
Canalha,Rua da Junqueira 207; Lisboa; 1300-338; Portugal,Lisboa,Portugal,1,Cocina de mercado; Portuguesa,,0
Pigmeu,Rua do 4 De Infantaria 68; Lisboa; 1350-274; Portugal,Lisboa,Portugal,1,Portuguesa,Productos locales;Cocina local,0
Nardi,Braulio Navas 19; Hervás; 10700; España,Hervás,España,1,Regional,Mesa del chef,0
Terruja,Largo Dom Nuno Álvares Pereira; 173; Alvados; 2485-017; Portugal,Alvados,Portugal,1,Creativa,,0
Granero,San Fernando 90; Quintanar de la Orden; 45800; España,Quintanar de la Orden,España,1,Tradicional; Fusión,Cocina local,0
Azafrán,Avenida Reyes Católicos 71; Villarrobledo; 02600; España,Villarrobledo,España,1,Regional,,0
Terraza Carmona,Del Mar 1; Vera; 04620; España,Vera,España,1,Regional,Cocina local,0
Abantal,Alcalde José de la Bandera 7; Sevilla; 41003; España,Sevilla,España,3,Creativa,Romántico,1
Cañabota,Orfila 3; Sevilla; 41003; España,Sevilla,España,2,Pescados y mariscos,,1
Ochando,Sevilla 78; Los Rosales; 41330; España,Los Rosales,España,0,Actual,,1
Mantúa,Plaza Aladro 7; Jerez de la Frontera; 11402; España,Jerez de la Frontera,España,3,Moderna,Romántico,1
Mesón Sabor Andaluz,La Huerta 3; Alcalá del Valle; 11693; España,Alcalá del Valle,España,2,Actual,,1
Mare,Plaza de la Candelaria 12; Cádiz; 11005; España,Cádiz,España,2,Moderna; Regional,Romántico,1
Código de Barra,San Francisco 7; Cádiz; 11004; España,Cádiz,España,3,Moderna; Regional,Un clásico;Tendencia,1
ReComiendo,Mirto 7; Córdoba; 14012; España,Córdoba,España,2,Creativa; Moderna,,1
Choco,Compositor Serrano Lucena 14; Córdoba; 14010; España,Córdoba,España,3,Creativa; Andaluza,Romántico,1
Messina,Avenida Severo Ochoa 12; Marbella; 29603; España,Marbella,España,3,Creativa,,1
Nintai,Ramón Gómez de la Serna 18B; Marbella; 29602; España,Marbella,España,3,Japonesa,Un clásico,1
BACK,Pablo Casals 8; Marbella; 29602; España,Marbella,España,2,Moderna; Andaluza,,1
Sollo,Avenida del Higuerón 48; Fuengirola; 29640; España,Fuengirola,España,3,Creativa; Moderna,Romántico,1
A Ver Tavira,Calçada da Galeria 13; Tavira; 8800-306; Portugal,Tavira,Portugal,3,Moderna,Terraza agradable;Romántico,1
Palodú,Sebastián Souvirón 7-9; Málaga; 29005; España,Málaga,España,3,Actual; Tradicional,Un clásico;Tendencia,1
José Carlos García,Plaza de la Capilla; Málaga; 29016; España,Málaga,España,3,Creativa; Andaluza,,1
Kaleja,Marquesa de Moya 9; Málaga; 29015; España,Málaga,España,2,Actual,Un clásico,1
Blossom,Plaza de la Aduana; Málaga; 29015; España,Málaga,España,3,Actual,,1
Herdade do Esporão,Herdade do Esporão; Reguengos de Monsaraz; 7200-999; Portugal,Reguengos de Monsaraz,Portugal,2,Actual,Terraza agradable,1
Alameda,Rua da Polícia da Segurança Pública 10; Faro; 8000-151; Portugal,Faro,Portugal,2,Moderna,Romántico,1
Gusto by Heinz Beck,Estrada da Quinta do Lago; Almancil; 8135-106; Portugal,Almancil,Portugal,3,Cocina mediterránea,Un clásico;Terraza agradable,1
Radis,Tableron 10; Jaén; 23001; España,Jaén,España,2,Moderna,,1
Malak,Plaza de la Constitución 11; Jaén; 23001; España,Jaén,España,2,Actual,,1
Dama Juana,Melchor Cobo Medina 7; Jaén; 23001; España,Jaén,España,2,Moderna; Tradicional,,1
Bagá,Reja de la Capilla 3; Jaén; 23001; España,Jaén,España,2,Moderna,Merece la espera,1
Faralá,Cuesta de Gomérez 11; Granada; 18009; España,Granada,España,2,Actual,Romántico;Cocina local,1
A Cozinha do Paço,Paço do Morgado de Oliveira; Estrada M527 - Km10; Évora; 7000-016; Portugal,Évora,Portugal,3,Creativa,Grupos,1
Bon Bon,Estrada de Sesmarias; Lagoa; 8400-010; Portugal,Lagoa,Portugal,3,Moderna,Mesa del chef;Terraza agradable,1
Vista,Avenida Tomás Cabreira; Portimao; 8500-802; Portugal,Portimão,Portugal,3,Moderna,Terraza agradable,1
Vandelvira,Plaza de San Francisco; Baeza; 23440; España,Baeza,España,2,Moderna,Un clásico;Tendencia,1
Retama,Camino de Altamar; Torrenueva; 13740; España,Torrenueva,España,2,Moderna,Romántico,1
MAPA,Herdade das Valadas; N4; Montemor-o-Novo; 7050-031; Portugal,Montemor-o-Novo,Portugal,2,Actual; Tradicional,,1
La Costa,Bulevar 48; El Ejido; 04700; España,El Ejido,España,3,Actual; Cocina mediterránea,Cocina local,1
Coto de Quevedo Evolución,Paraje Tejeras Viejas; Torre de Juan Abad; 13344; España,Torre de Juan Abad,España,2,Tradicional; Actual,Cocina local,1
Raíces-Carlos Maldonado,Ronda de Cañillo 3; Talavera de la Reina; 45600; España,Talavera de la Reina,España,2,Creativa,Romántico,1
Ó Balcão,Rua Pedro de Santarém 73; Santarém; 2000-223; Portugal,Santarém,Portugal,1,Moderna,Cocina local,1
Marlene,Avenida Infante D. Henrique. Doca do Jardim do Tabaco; Lisboa; 1100-651; Portugal,Lisboa,Portugal,3,Moderna,Comer solo,1
SÁLA de João Sá,Rua dos Bacalhoeiros 103; Lisboa; 1100-068; Portugal,Lisboa,Portugal,2,Moderna,Comer solo,1
2Monkeys,Rua Câmara Pestana 23; Lisboa; 1150-082; Portugal,Lisboa,Portugal,3,Creativa; Francesa contemporánea,Mesa del chef;Comer solo,1
Grenache,Pátio de Dom Fradique 12; Lisboa; 1100-624; Portugal,Lisboa,Portugal,3,Francesa contemporánea,,1
Encanto,Largo De São Carlos 10; Lisboa; 1200 410; Portugal,Lisboa,Portugal,2,Vegetariana,,1
EPUR,Largo da Academia Nacional de Belas Artes 14; Lisboa; 1200-005; Portugal,Lisboa,Portugal,3,Creativa,,1
Versátil,Lagar 6; Zarza de Granadilla; 10710; España,Zarza de Granadilla,España,2,Actual,,1
Kabuki Lisboa,Rua Castilho 77B; Lisboa; 1070-050; Portugal,Lisboa,Portugal,2,Japonesa; Fusión,Comer solo,1
Loco,Rua dos Navegantes 53 B; Lisboa; 1200-731; Portugal,Lisboa,Portugal,3,Moderna,Un clásico,1
CURA,Rua Rodrigo da Fonseca 88; Lisboa; 1099-039; Portugal,Lisboa,Portugal,3,Moderna,Romántico,1
YŌSO,Rampa Das Necessidades 6; Lisboa; 1350-188; Portugal,Lisboa,Portugal,2,Japonesa,,1
Feitoria,Doca do Bom Sucesso; Lisboa; 1400-038; Portugal,Lisboa,Portugal,3,Moderna,Terraza agradable,1
Kanazawa,Rua Damião De Góis 3 A; Lisboa; 1400-291; Portugal,Lisboa,Portugal,3,Japonesa,Comer solo,1
Epílogo,Paseo Ramón Ugena 15; Tomelloso; 13700; España,Tomelloso,España,1,Moderna,,1
Kappo,Avenida Emídio Navarro 23A; Cascaes; 2750-337; Portugal,Cascaes,Portugal,3,Japonesa,Comer solo,1
LAB by Sergi Arola,Estrada da Lagoa Azul; Sintra; 2714-511; Portugal,Sintra,Portugal,3,Creativa,Romántico,1
Midori,Estrada da Lagoa Azul; Sintra; 2714-511; Portugal,Sintra,Portugal,3,Japonesa; Creativa,,1
Fortaleza do Guincho,Estrada do Guincho 2413; Cascaes; 2750-642; Portugal,Cascaes,Portugal,3,Moderna,Un clásico,1
El Bohío,Avenida Castilla-La Mancha 81; Illescas; 45200; España,Illescas,España,3,Moderna,Un clásico,1
Barro,Carretera de Salamanca 4; Ávila; 05002; España,Ávila,España,3,Creativa,Productos locales;Romántico,1
Chirón,Alarcón 27; Valdemoro; 28341; España,Valdemoro,España,2,Moderna,,1
La Casa de Manolo Franco,La Fuente 6; Valdemorillo; 28210; España,Valdemorillo,España,2,Actual,Romántico,1
Ancestral,Saliente 2; Pozuelo de Alarcón; 28223; España,Pozuelo de Alarcón,España,3,Moderna,Romántico,1
Èter,Granito 20; Madrid; 28045; España,Madrid,España,2,Actual,Mesa del chef,1
Corral de la Morería Gastronómico,Morería 17; Madrid; 28005; España,Madrid,España,3,Moderna,Un clásico,1
Saddle,Amador de los Ríos 6; Madrid; 28010; España,Madrid,España,3,Moderna; Clásica,Romántico,1
Yugo The Bunker,San Blas 4; Madrid; 28014; España,Madrid,España,3,Japonesa,Romántico,1
OSA,Ribera del Manzanares 123; Madrid; 28008; España,Madrid,España,3,Moderna,Tendencia,1
CEBO,San Jerónimo 34; Madrid; 28014; España,Madrid,España,3,Creativa,,1
EMi,Gaztambide 64; Madrid; 28015; España,Madrid,España,3,Moderna; Actual,Tendencia;Mesa del chef,1
Montia,Juan de Austria 7; San Lorenzo de El Escorial; 28200; España,San Lorenzo de El Escorial,España,3,Moderna,Productos locales,1
Gofio,Caballero de Gracia 20; Madrid; 28013; España,Madrid,España,3,Actual; Regional,Romántico,1
Ricardo Sanz Wellington,Velázquez 6; Madrid; 28001; España,Madrid,España,3,Japonesa contemporánea,,1
Toki,Sagasta 28; Madrid; 28004; España,Madrid,España,3,Japonesa,,1
Chispa Bistró,Barquillo 8; Madrid; 28004; España,Madrid,España,2,Moderna,Romántico;Tendencia,1
La Tasquería,Modesto Lafuente 82; Madrid; 28003; España,Madrid,España,2,Moderna,,1
A'Barra,Del Pinar 15; Madrid; 28006; España,Madrid,España,3,Internacional,Mesa del chef,1
Quimbaya,Zurbano 63; Madrid; 28010; España,Madrid,España,3,Colombiana,,1
El Invernadero,Ponzano 85; Madrid; 28003; España,Madrid,España,3,Vegetariana; Vegana,Productos locales,1
Clos Madrid,Raimundo Fernández Villaverde 28; Madrid; 28003; España,Madrid,España,2,Moderna,,1
RavioXO,Plaza de Manuel Gómez Moreno 5; Madrid; 28020; España,Madrid,España,3,Creativa; Raviolis,Romántico;Comer solo,1
Desde 1911,Vivero 3; Madrid; 28040; España,Madrid,España,3,Pescados y mariscos,,1
Ugo Chan,Félix Boix 6; Madrid; 28036; España,Madrid,España,3,Fusión,Tendencia,1
Pabú,Panamá 4; Madrid; 28036; España,Madrid,España,3,Creativa,Tendencia,1
Gaytán,Príncipe de Vergara 205; Madrid; 28002; España,Madrid,España,3,Moderna,,1
VelascoAbellà,Víctor Andrés Belaúnde 25; Madrid; 28016; España,Madrid,España,3,Cocina de mercado,Romántico,1
Mesa de Lemos,Quinta de Lemos - Passos de Silgueiros; Silgueiros; 3500-541; Portugal,Silgueiros,Portugal,3,Creativa,Romántico,1
Sen Omakase,Santa María Magdalena 14; Madrid; 28016; España,Madrid,España,3,Japonesa,Comer solo,1
Tayta by Víctor Gutiérrez,Empedrada 4; Salamanca; 37007; España,Salamanca,España,3,Creativa; Fusión,Romántico,1
En la Parra,San Pablo 80; Salamanca; 37008; España,Salamanca,España,2,Actual,Romántico,1
Ababol,Calderón de la Barca 14; Albacete; 02002; España,Albacete,España,3,Actual; Regional,,1
Frases,San Lorenzo 5 - Bajo Derecha; Murcia; 30001; España,Murcia,España,2,Moderna,Un clásico;Romántico,1
Almo de Juan Guillamón,Madre de Dios 15; Murcia; 30004; España,Murcia,España,2,Cocina mediterránea; Actual,,1
Magoga,Plaza Doctor Vicente García Marcos 5; Cartagena; 30201; España,Cartagena,España,2,Actual; Tradicional,Mesa del chef,1
Oba-,Tomás Pérez Úbeda 6; Casas-Ibáñez; 02200; España,Casas-Ibáñez,España,3,Creativa; Moderna,Productos locales;Tendencia,1
Schistó,Rua de Vilarinho dos Freires; Peso da Régua; 5050-364; Portugal,Peso da Régua,Portugal,3,Actual,Tendencia,1
Casas Colgadas Restaurante,Canónigos; Cuenca; 16001; España,Cuenca,España,2,Actual,Un clásico;Romántico,1
Barahonda,Carretera de Pinoso; Yecla; 30510; España,Yecla,España,2,Moderna,,1
La Botica de Matapozuelos,Plaza Mayor 2; Matapozuelos; 47230; España,Matapozuelos,España,2,Actual; Castellana,Productos locales,1
Largo do Paço,Largo do Paço 6; Amarante; 4600-017; Portugal,Amarante,Portugal,3,Moderna,Un clásico;Romántico,1
Vinha,Rua Quinta Fonte da Vinha 383; Vila Nova de Gaia; 4430-487; Portugal,Vila Nova de Gaia,Portugal,3,Portuguesa; Creativa,Romántico,1
Blind,Rua de Entreparedes 40; Oporto; 4000-197; Portugal,Oporto,Portugal,3,Creativa,Romántico,1
Euskalduna Studio,Rua Santo Ildefonso 404; Oporto; 4000-466; Portugal,Oporto,Portugal,3,Moderna,Mesa del chef,1
La Finca,Partida de Perleta 1-7; Elche; 03295; España,Elche,España,3,Actual,Terraza agradable,1
Éon,Rua Ricardo Severo 21; Oporto; 4050-515; Portugal,Oporto,Portugal,3,Moderna; Actual,Romántico,1
Le Monument,Avenida dos Aliados 151; Oporto; 4000-067; Portugal,Oporto,Portugal,3,Actual,Romántico,1
Gastro by Elemento,Rua Maria Adelaide Freitas Gonçalves 13; Oporto; 4350-109; Portugal,Oporto,Portugal,2,Actual; A la Parrilla,Comer solo,1
dop,Largo de São Domingos 16; Oporto; 4050-545; Portugal,Oporto,Portugal,3,Actual,Romántico,1
In Diferente,Rua do Doutor Sousa Rosa 23; Oporto; 4150-719; Portugal,Oporto,Portugal,2,Actual,,1
Pedro Lemos,Rua do Ouro 258; Oporto; 4150-554; Portugal,Oporto,Portugal,3,Actual; Moderna,Mesa del chef,1
Vila Foz,Avenida De Montevideu 236; Oporto; 4150-516; Portugal,Oporto,Portugal,3,Actual,Romántico,1
Alquimia - Laboratorio,Antigua 6; Valladolid; 47002; España,Valladolid,España,2,Creativa; Moderna,Romántico,1
Trigo,Jorge Guillén 6; Valladolid; 47003; España,Valladolid,España,2,Moderna,Comer solo,1
Refectorio,Carretera N 122; Sardón de Duero; 47340; España,Sardón de Duero,España,3,Creativa,Un clásico;Romántico,1
A Cozinha,Largo do Serralho 4; Guimaraes; 4800-472; Portugal,Guimarães,Portugal,2,Moderna,Romántico,1
Taller Arzuaga,Carretera N-122; Quintanilla de Onésimo; 47350; España,Quintanilla de Onésimo,España,3,Creativa; Moderna,Productos locales,1
Ambivium,Camino de Carraovejas; Peñafiel; 47300; España,Peñafiel,España,3,Moderna,,1
G Pousada,Estrada de Turismo; Bragança; 5300-271; Portugal,Bragança,Portugal,3,Creativa; Regional,Terraza agradable,1
Baeza & Rufete,Avenida de Ansaldo 31; Local 1 - Centro Comercial Portalada; Alacant; 03540; España,Alacant,España,3,Moderna,,1
El Doncel,Paseo de la Alameda 3; Sigüenza; 19250; España,Sigüenza,España,2,Moderna,,1
Oculto,Largo Dom Afonso Sanches; Vila do Conde; 4480-754; Portugal,Vila do Conde,Portugal,3,Moderna; Actual,Un clásico,1
El Molino de Alcuneza,Carretera GU 128; Sigüenza; 19250; España,Sigüenza,España,2,Moderna,Productos locales,1
Palatial,Av. da Independência 8; Arcos; Braga; 4705-162; Portugal,Braga,Portugal,2,Actual; Moderna,,1
Hospedería El Batán,Carretera A 1512; Tramacastilla; 44112; España,Tramacastilla,España,2,Moderna; Creativa,,1
Lera,Conquistadores Zamoranos 6; Castroverde de Campos; 49110; España,Castroverde de Campos,España,3,Regional; Moderna,Productos locales,1
El Ermitaño,Arrabal Huerta de los Salados; Benavente; 49600; España,Benavente,España,2,Tradicional; Moderna,Familiar,1
Origen,Avenida Germanies 3; Carcaixent; 46740; España,Carcaixent,España,2,Actual,Un clásico,1
El Xato,Avenida l'Esglèsia 3; La Nucia; 03530; España,La Nucia,España,2,Creativa; Cocina mediterránea,Merece la espera,1
Simposio,Moreras 2; San Antonio de Benagéber; 46184; España,San Antonio de Benagéber,España,2,Actual,,1
La Salita,Pere III El Gran 11; València; 46005; España,València,España,3,Creativa; Moderna,Un clásico;Romántico,1
Fierro,Doctor Serrano 4; València; 46006; España,València,España,3,Moderna,,1
Riff,Conde de Altea 18; València; 46005; España,València,España,3,Creativa; Moderna,Romántico,1
Lienzo,Plaza de Tetuán 18; València; 46003; España,València,España,2,Moderna; Cocina mediterránea,,1
Fraula,Cirilo Amorós 84; València; 46004; España,València,España,2,Actual,,1
Kaido Sushi Bar,Chile 3; València; 46021; España,València,España,3,Japonesa,,1
Casa Pepa,Partida Pamis 7-30; Ondara; 03760; España,Ondara,España,2,Creativa,,1
Orobianco,Colina del Sol 49 A; Calp; 03710; España,Calp,España,3,Italiana contemporánea,Terraza agradable;Romántico,1
Audrey's,Avenida Juan Carlos I 48; Calp; 03710; España,Calp,España,3,Creativa; Regional,Mesa del chef,1
Beat by José Manuel Miguel,Urbanización Marisol Park 1A; Calp; 03710; España,Calp,España,3,Internacional; Francesa contemporánea,Mesa del chef,1
Casa Bernardi,Partida Pedramala 60C; Benissa; 03720; España,Benissa,España,3,Italiana contemporánea,Terraza agradable,1
Arrels,Castillo 18; Sagunt; 46500; España,Sagunt,España,2,Actual; Moderna,,1
La Lobita,Avenida La Constitución 54; Navaleno; 42149; España,Navaleno,España,3,Creativa; Cocina de temporada,Cocina local,1
Peix & Brases,Plaza de Benidorm 18; Dénia; 03700; España,Dénia,España,3,Cocina mediterránea; Moderna,,1
Vértigo,Doade; Sober; 27424; España,Sober,España,2,Actual; Cocina de mercado,,1
Tula,Avenida de la Llibertat 36; Xàbia; 03730; España,Xàbia,España,2,Cocina mediterránea; Moderna,Merece la espera,1
Nova,Valle Inclán 5; Ourense; 32004; España,Ourense,España,2,Actual,,1
Ceibe,San Miguel 8; Ourense; 32005; España,Ourense,España,3,Gallega; Creativa,,1
Mu•na,Gil y Carrasco 25; Ponferrada; 24401; España,Ponferrada,España,3,Fusión; Japonesa contemporánea,Romántico,1
Miguel González,Avenida de Pontevedra 17; Ourense; 32005; España,Ourense,España,2,Actual,,1
Pablo,Avenida Los Cubos 8; León; 24007; España,León,España,2,Actual,Romántico,1
Cocinandos,Plaza de San Marcos 5; León; 24001; España,León,España,2,Moderna,Romántico,1
Ricardo Temiño,San Juan 3; Burgos; 09003; España,Burgos,España,3,Regional; Actual,,1
Cobo Evolución,Plaza de la Libertad 9; Burgos; 09004; España,Burgos,España,3,Moderna,,1
Silabario,Príncipe 44; Planta 6; Vigo; 36202; España,Vigo,España,2,Actual,Romántico,1
Maruja Limón,Montero Ríos 4; Vigo; 36201; España,Vigo,España,2,Actual,,1
Cal Paradís,Avenida Vilafranca 30; Vall d'Alba; 12194; España,Vall d'Alba,España,2,Actual,,1
Llavor,Plaza Islas Baleares 1; Oropesa del Mar; 12594; España,Oropesa del Mar,España,2,Actual,Romántico,1
Solla,Avenida Sineiro 7; San Salvador de Poio; 36005; España,San Salvador de Poio,España,3,Creativa; Pescados y mariscos,,1
Eirado,Plaza da Leña 3; Pontevedra; 36002; España,Pontevedra,España,2,Actual,Romántico,1
Yayo Daporta,Hospital 7; Cambados; 36630; España,Cambados,España,2,Creativa,Romántico,1
Atalaya,Camí l'Atall 1A; Alcossebre; 12579; España,Alcossebre,España,2,Actual; Creativa,Romántico,1
Nublo,Plaza de San Martín 5; Haro; 26200; España,Haro,España,3,Moderna,Romántico,1
Asador O'Pazo,Pazos s/n; Padrón; 15900; España,Padrón,España,3,A la Parrilla,Merece la espera,1
Ikaro,Avenida de Portugal 3; Logroño; 26001; España,Logroño,España,2,Creativa,Romántico,1
Ajonegro,Hermanos Moroy 1 - bajo 9; Logroño; 26001; España,Logroño,España,2,Fusión; Mexicana,Comer solo,1
Kiro Sushi,Emilia Pardo Bazán 5; Logroño; 26009; España,Logroño,España,3,Japonesa,Mesa del chef,1
Alejandro Serrano,Alfonso VI 49; Miranda de Ebro; 09200; España,Miranda de Ebro,España,3,Moderna,Mesa del chef;Romántico,1
Monte,San Feliz; San Feliz; 33638; España,San Feliz,España,3,Moderna; Actual,Productos locales,1
La Prensa,José Nebra 3; Zaragoza; 50007; España,Zaragoza,España,3,Actual,,1
Gente Rara,Santiago Lapuente 10; Zaragoza; 50014; España,Zaragoza,España,2,Creativa; Actual,Mesa del chef;Tendencia,1
A Tafona,Virxe da Cerca 7; Santiago de Compostela; 15703; España,Santiago de Compostela,España,3,Actual,,1
Raúl Resino,Alacant 2; Benicarló; 12580; España,Benicarló,España,3,Creativa; Pescados y mariscos,,1
Casa Marcelo,Hortas 1; Santiago de Compostela; 15705; España,Santiago de Compostela,España,3,Fusión,Mesa del chef;Romántico,1
L'Antic Molí,Carretera Ulldecona - La Sénia KM 10; Ulldecona; 43550; España,Ulldecona,España,2,Moderna; Tradicional,Productos locales,1
Rubén Miralles,Travessia de Sant Vicent 9; Vinaròs; 12500; España,Vinaròs,España,1,Moderna; Actual,,1
Les Moles,Carretera de La Sénia; Ulldecona; 43550; España,Ulldecona,España,2,Moderna; Creativa,Productos locales,1
Citrus del Tancat,CN-340 KM1059 - Sol de Riu; Alcanar; 43530; España,Alcanar,España,2,Moderna,,1
ARREA!,Subida al Frontón 46; Santa Cruz de Campezo; 01110; España,Santa Cruz de Campezo,España,3,Regional,Productos locales,1
Unic,Les Begònies 18; Sant Josep de sa Talaia; 07817; España,Sant Josep de sa Talaia,España,2,Innovadora,Romántico,1
Omakase by Walt,Canonge Joan Planells 8; Eivissa; 07800; España,Eivissa,España,3,Japonesa,Comer solo,1
El Corral del Indianu,Avenida de Europa 14; Arriondas; 33540; España,Arriondas,España,2,Moderna,Romántico,1
La Gaia,Paseo Juan Carlos I 17; Eivissa; 07800; España,Eivissa,España,3,Internacional; Creativa,Romántico;Tendencia,1
Terra,Paseo Da Ribeira 65; Fisterra; 15155; España,Fisterra,España,2,Moderna,,1
El Retiro,Carretera Pancar; Llanes; 33500; España,Llanes,España,3,Moderna,Familiar,1
Villa Retiro,Dels Molins 2; Xerta; 43592; España,Xerta,España,3,Creativa; Tradicional,Un clásico;Romántico,1
Ayalga,Dionisio Ruisánchez 6; Ribadesella; 33560; España,Ribadesella,España,3,Moderna,Un clásico;Romántico,1
Casa Gerardo,Carretera AS 19 Km 9; Prendes; 33438; España,Prendes,España,2,Moderna,Un clásico;Cocina local,1
Marcos,Cabrales 76; Gijón; 33201; España,Gijón,España,3,Moderna,Mesa del chef;Romántico,1
Auga,Claudio Alvargonzález; Gijón; 33201; España,Gijón,España,2,Tradicional,Terraza agradable,1
Regueiro,Tox; Tox; 33793; España,Tox,España,2,Fusión; Creativa,Romántico;Tendencia,1
Real Balneario,Avenida Juan Sitges 3; Salinas; 33405; España,Salinas,España,3,Cocina de mercado,Un clásico;Romántico,1
Ferpel Gastronómico,Coaña; Ortiguera; 33716; España,Ortiguera,España,3,Actual; Tradicional,Romántico;Cocina local,1
Garena,Barrio Iturriotz 11; Dima; 48141; España,Dima,España,3,Actual,Un clásico;Productos locales,1
La Bicicleta,La Plaza 12; Hoznayo; 39716; España,Hoznayo,España,3,Actual,Productos locales,1
Solana,La Bien Aparecida 11; Ampuero; 39849; España,Ampuero,España,2,Moderna,,1
Árbore da Veira,Parque Monte San Pedro; A Coruña; 15011; España,A Coruña,España,2,Creativa,,1
Pico Velasco,Barrio Angustina; Carasa; 39762; España,Carasa,España,2,Moderna,,1
Txispa,San Juan Auzoa 45; Axpe; 48291; España,Axpe,España,3,Creativa; Actual,,1
Etxebarri,Plaza San Juan 1; Axpe; 48291; España,Axpe,España,3,A la Parrilla,Terraza agradable,1
Casona del Judío,Repuente 20; Santander; 39012; España,Santander,España,3,Moderna,Romántico,1
Ola Martín Berasategui,Ribera 13; Bilbao; 48005; España,Bilbao,España,3,Moderna; Tradicional,,1
Zarate,Licenciado Poza 65; Bilbao; 48013; España,Bilbao,España,2,Pescados y mariscos; Tradicional,,1
Andra Mari,Barrio Elexalde 22; Galdakao; 48960; España,Galdakao,España,2,Tradicional; Actual,Un clásico;Terraza agradable,1
Mina,Ercilla 37; Bilbao; 48011; España,Bilbao,España,3,Creativa; Cocina de temporada,,1
El Serbal,Avenida de Manuel García Lago 1; Santander; 39005; España,Santander,España,2,Moderna,,1
Islares,Mazarredo Zumarkalea; 65bis; Bilbao; 48009; España,Bilbao,España,3,Creativa,,1
Nerua Guggenheim Bilbao,Avenida de Abandoibarra 2; Bilbao; 48009; España,Bilbao,España,3,Creativa,Un clásico,1
As Garzas,Porto Barizo 40; Barizo; 15113; España,Barizo,España,2,Gallega,,1
Boroa,Caserío Garai 11; Amorebieta; 48340; España,Amorebieta-Etxano,España,2,Tradicional; Moderna,,1
Rodero,Emilio Arrieta 3; Pamplona; 31002; España,Pamplona,España,2,Moderna; Actual,Mesa del chef,1
Eneko,Legina Auzoa; Larrabetzu; 48195; España,Larrabetzu,España,2,Creativa,Romántico,1
Europa,Espoz y Mina 11-1°; Pamplona; 31002; España,Pamplona,España,3,Actual,Un clásico,1
Kabo,Avenida de Zaragoza 10; Pamplona; 31003; España,Pamplona,España,2,Actual,,1
La Revelía,Aldana; 29; Amorebieta; 48340; España,Amorebieta-Etxano,España,1,Regional; Actual,Merece la espera;Romántico,1
Tatau,Azara; Huesca; 22002; España,Huesca,España,2,Creativa; Tradicional,,1
Lillas Pastia,del Parque 3; Huesca; 22002; España,Huesca,España,2,Moderna; Cocina de mercado,Mesa del chef,1
Bakea,Olalde Berezia Kalea 1; Mungia; 48100; España,Mungia,España,2,Regional,Comer solo,1
Ama,Martín José Iraola 4; Tolosa; 20400; España,Tolosa,España,2,Actual; Regional,Productos locales,1
Malena,Carretera de Sucs; Gimenells; 25112; España,Gimenells,España,2,Moderna; Cocina de mercado,Productos locales,1
Quatre Molins,Comte de Rius 8; Cornudella de Montsant; 43360; España,Cornudella de Montsant,España,2,Creativa,,1
Can Bosch,Rambla Jaume I 19; Cambrils; 43850; España,Cambrils,España,3,Tradicional,Un clásico,1
Rincón de Diego,Drassanes 19; Cambrils; 43850; España,Cambrils,España,2,Tradicional,Cocina local,1
Elkano,Herrerieta 2; Getaria; 20808; España,Getaria,España,3,Pescados y mariscos; A la Parrilla,Un clásico,1
Deliranto,Llevant 7; Salou; 43840; España,Salou,España,3,Actual; Moderna,Romántico,1
iBAi by Paulo Airaudo,Getaria 15; Donostia / San Sebastián; 20005; España,Donostia / San Sebastián,España,3,Vasca,,1
Itzuli,Gudamendi Bidea 21; Donostia / San Sebastián; 20008; España,Donostia / San Sebastián,España,2,Actual; Moderna,,1
Kokotxa,Kanpandegi 11; Donostia / San Sebastián; 20003; España,Donostia / San Sebastián,España,3,Moderna,Merece la espera,1
La Era de los Nogales,Baja 2; Sardas; 22613; España,Sardas,España,1,Moderna,,1
Alameda,Minasoroeta 1; Hondarribia; 20280; España,Hondarribia,España,3,Moderna,Un clásico,1
Canfranc Express,Avenida Fernando el Católico 2; Canfranc-Estación; 22880; España,Canfranc-Estación,España,3,Actual,Un clásico,1
Le Kaïku,17 rue de la République; Saint-Jean-de-Luz; 64500; Francia,Saint-Jean-de-Luz,Francia,2,Moderna,Productos locales,1
Ithurria,218 Karrika Nagusia; Ainhoa; 64250; Francia,Ainhoa,Francia,3,Moderna,Productos locales,1
La Table de Cédric Béchade - L'Auberge Basque,745 vieille route de Saint-Pée - quartier Helbarron; Saint-Pée-sur-Nivelle; 64310; Francia,Saint-Pée-sur-Nivelle,Francia,3,Creativa,Familiar;Productos locales,1
Callizo,Plaza Mayor; Ainsa; 22330; España,Ainsa,España,3,Creativa; Innovadora,,1
Lore Ttipia - Auberge Ostape,Domaine de Chahatoenia; Bidarray; 64780; Francia,Bidarray,Francia,3,Moderna,Terraza agradable;Productos locales,1
Choko Ona,155 rue Xerrendako-Bidea; Espelette; 64250; Francia,Espelette,Francia,2,Moderna; Creativa,Productos locales,1
Briketenia,142 rue de l'Église; Guéthary; 64210; Francia,Guéthary,Francia,2,Moderna,Grupos;Romántico,1
Les Frères Ibarboure,281 chemin Ttalienea; Bidart; 64210; Francia,Bidart,Francia,3,Moderna,Grupos;Productos locales,1
Moulin d'Alotz,1018 chemin Alotz-Errota; Arcangues; 64200; Francia,Arcangues,Francia,3,Vegetariana; Creativa,Productos locales,1
Sa Clastra,Carretera Es Capdellà; Km 1.7; Es Capdellà; 07196; España,Es Capdellà,España,3,Creativa,Romántico,1
La Maison de Pierre,Hôtel Berria; 68 rue Francis-Jammes; Hasparren; 64240; Francia,Hasparren,Francia,2,Moderna,Productos locales,1
La Table d'Aurélien Largeau,4 rue Jean-Bart; Biarritz; 64200; Francia,Biarritz,Francia,3,Moderna; Creativa,Productos locales,1
L'Impertinent,5 rue d'Alsace; Biarritz; 64200; Francia,Biarritz,Francia,2,Creativa,Terraza agradable,1
Casa Rubén,Carretera de Bielsa km 63 Hospital de Tella; Tella; 22364; España,Tella,España,2,Actual; Creativa,,1
Es Fum,Carretera Palma-Andratx 19; Palmanova; 07181; España,Palmanova,España,3,Creativa; Internacional,Terraza agradable;Romántico,1
Zaranda,Bala Roja 1; Palma; 07001; España,Palma,España,3,Creativa,Romántico,1
DINS Santi Taura,Plaza de Llorenç Villalonga 4; Palma; 07001; España,Palma,España,3,Moderna,Mesa del chef;Romántico,1
Marc Fosh,De la Missió 7; Palma; 07003; España,Palma,España,3,Moderna; Regional,Terraza agradable,1
Casa Nova,Finca Cal Tòfol – Barri La Bleda; Sant Martí Sarroca; 08731; España,Sant Martí Sarroca,España,3,Moderna,Productos locales,1
Casa Arcas,Carretera A-139; Villanova; 22467; España,Villanova,España,2,Actual; Moderna,Romántico,1
Andreu Genestra,Camí de Sa Torre; Km 8;7; Llucmajor; 07609; España,Llucmajor,España,3,Creativa,Mesa del chef,1
Ansils,General Ferraz 6; Anciles; 22469; España,Anciles,España,2,Actual,,1
Villa de l'Étang Blanc,2265 route de l'Étang-Blanc (D432); Seignosse; 40510; Francia,Seignosse,Francia,3,Moderna,Productos locales,1
Le Hittau,1 rue du Nouaou; Saint-Vincent-de-Tyrosse; 40230; Francia,Saint-Vincent-de-Tyrosse,Francia,2,Moderna,Terraza agradable;Productos locales,1
Relais de la Poste,24 avenue de Maremne; Magescq; 40140; Francia,Magescq,Francia,3,Clásica,Grupos,1
Fogony,Avenida Generalitat 45; Sort; 25560; España,Sort,España,2,Moderna,,1
Suto,Violant de Hungría Reina de Aragón 134; Barcelona; 08028; España,Barcelona,España,3,Japonesa,Comer solo,1
Quirat,Avenida de Rius I Taulet 1; Barcelona; 08004; España,Barcelona,España,3,Actual; Cocina de temporada,,1
Slow & Low,Comte Borrell 119; Barcelona; 08015; España,Barcelona,España,3,Cocinas del mundo; Actual,,1
Atempo,Còrsega 200; Barcelona; 08036; España,Barcelona,España,3,Moderna,Romántico,1
MAE Barcelona,Sant Elíes 22; Barcelona; 08006; España,Barcelona,España,2,Creativa,Romántico,1
Fishølogy,Diputació 73; Barcelona; 08015; España,Barcelona,España,2,Actual; Cocina mediterránea,,1
COME by Paco Méndez,Avenida del Mistral 54; Barcelona; 08015; España,Barcelona,España,3,Mexicana; Fusión,,1
Via Veneto,Ganduxer 10; Barcelona; 08021; España,Barcelona,España,3,Clásica,Grupos,1
Hisop,Passatge de Marimon 9; Barcelona; 08021; España,Barcelona,España,2,Creativa,,1
Caelis,Via Laietana 49; Barcelona; 08003; España,Barcelona,España,3,Creativa,Mesa del chef,1
Angle,Aragó 214; Barcelona; 08011; España,Barcelona,España,3,Moderna,Romántico,1
Moments,Passeig de Gràcia 38-40; Barcelona; 08007; España,Barcelona,España,3,Creativa,,1
Hofmann,La Granada del Penedès 14-16; Barcelona; 08006; España,Barcelona,España,2,Moderna,,1
Prodigi,Girona 145; Barcelona; 08037; España,Barcelona,España,2,Moderna,,1
Dos Palillos,Elisabets 9; Barcelona; 08001; España,Barcelona,España,3,Fusión,,1
Kamikaze,Roselló 197; Barcelona; 08036; España,Barcelona,España,2,Fusión; Creativa,Tendencia,1
Koy Shunka,De Copons 7; Barcelona; 08002; España,Barcelona,España,3,Japonesa; Fusión,Comer solo,1
Alkimia,Ronda San Antoni 41 - Principal; Barcelona; 08011; España,Barcelona,España,3,Moderna,Cocina local,1
L'Ó,Camí de Sant Benet de Bages; Sant Fruitós de Bages; 08272; España,Sant Fruitós de Bages,España,2,Moderna,,1
Lluerna,Avenida Pallaresa 104; Santa Coloma de Gramenet; 08921; España,Santa Coloma de Gramenet,España,2,Moderna,Mesa del chef;Productos locales,1
Fusion19,Avenida de s'Albufera 23; Muro; 07458; España,Muro,España,3,Fusión,Romántico,1
Maca de Castro,Juno s/n; Port d'Alcúdia; 07410; España,Port d'Alcúdia,España,3,Creativa,Productos locales,1
L'Orangerie,Place de l'Impératrice; Eugénie-les-Bains; 40320; Francia,Eugénie-les-Bains,Francia,3,Clásica,Romántico,1
Tresmacarrons,Avenida del Maresme 21; El Masnou; 08320; España,El Masnou,España,3,Moderna,Romántico,1
Els Casals,Masía Els Casals; Sagàs; 08517; España,Sagàs,España,2,Catalana; Actual,Productos locales,1
La Table Mirasol,2 boulevard Ferdinand-de-Candau; Mont-de-Marsan; 40000; Francia,Mont-de-Marsan,Francia,2,Moderna,Romántico,1
Sala,Plaza Major 17; Olost; 08516; España,Olost,España,2,Tradicional,Familiar,1
Can Jubany,Carretera C 25; Calldetenes; 08506; España,Calldetenes,España,3,Moderna,Mesa del chef,1
Ibaya,Carretera General 2; Soldeu; AD100; Andorra,Soldeu,Andorra,3,Creativa; Moderna,Mesa del chef;Romántico,1
La Fonda Xesc,Plaza Roser 1; Gombrèn; 17531; España,Gombrèn,España,2,Moderna; Tradicional,Mesa del chef,1
Les Magnòlies,Paseo Mossèn Anton Serres 7; Arbúcies; 17401; España,Arbúcies,España,2,Moderna,Romántico,1
La Maison Despouès,911 route de Montadet; Puylausic; 32220; Francia,Puylausic,Francia,2,Moderna,,1
L'Aliança d'Anglès,Jacint Verdaguer 3; Anglès; 17160; España,Anglès,España,3,Actual; Catalana,Terraza agradable,1
Ca l'Enric,Carretera Camprodón N 260; La Vall de Bianya; 17813; España,La Vall de Bianya,España,3,Creativa,,1
Le Patio,10 boulevard de la Plage; Arcachón; 33120; Francia,Arcachón,Francia,2,Moderna,,1
Divinum,Albereda 7; Girona; 17004; España,Girona,España,3,Actual; Catalana,Romántico,1
Els Tinars,Carretera de Sant Feliu de Guíxols; Llagostera; 17240; España,Llagostera,España,2,Tradicional; Cocina de temporada,Terraza agradable;Productos locales,1
Massana,Bonastruc de Porta 10-12; Girona; 17001; España,Girona,España,3,Moderna,Comer solo,1
Esperit Roca,Major; Entrada 1; Sant Julià de Ramis; 17481; España,Sant Julià de Ramis,España,3,Creativa; Moderna,,1
Le Puits Saint Jacques,57 avenue Victor-Capoul; Pujaudran; 32600; Francia,Pujaudran,Francia,3,Moderna,Grupos,1
En Marge,Lieu dit Le Birol; 1204 route de Lacroix-Falgarde;; Aureville; 31320; Francia,Aureville,Francia,3,Moderna,Terraza agradable,1
Nacre,3 bis rue Sophie-et-Paul-Wallerstein; Arès; 33740; Francia,Arès,Francia,2,Moderna,,1
Le Cercle Guiraud,14 rue Principale; Sauternes; 33210; Francia,Sauternes,Francia,2,Moderna,Terraza agradable;Favorito del inspector,1
Maison Pellestor Veyrier,28 chemin de Gramont; Colomiers; 31770; Francia,Colomiers,Francia,3,Moderna,Terraza agradable,1
L'Écorce,8 rue de l'Esquile; Toulouse; 31000; Francia,Toulouse,Francia,2,Moderna,Mesa del chef,1
Acte 2 Yannick Delpech,1 rue Paneboeuf; Toulouse; 31400; Francia,Toulouse,Francia,3,Moderna,Terraza agradable,1
Michel Sarran,21 boulevard Armand-Duportal; Toulouse; 31000; Francia,Toulouse,Francia,3,Moderna,Grupos,1
Stéphane Tournié - Les Jardins de l'Opéra,1 place du Capitole; Toulouse; 31000; Francia,Toulouse,Francia,2,Moderna,Un clásico,1
Auberge Le Prieuré,4 Grand'Rue; Moirax; 47310; Francia,Moirax,Francia,2,Creativa; Moderna,Terraza agradable,1
Agapes,7 rue de l'Industrie; Toulouse; 31000; Francia,Toulouse,Francia,1,Moderna,Favorito del inspector,1
SEPT,11 rue Théodore-Ozenne; Toulouse; 31000; Francia,Toulouse,Francia,3,Moderna,,1
Fario,12 rue Saint-Ferréol; Céret; 66400; Francia,Céret,Francia,3,Moderna,,1
En Pleine Nature,6 place de la Mairie; Quint-Fonsegrives; 31130; Francia,Quint-Fonsegrives,Francia,2,Moderna; Creativa,Productos locales,1
Castell Perelada,Sant Joan; Peralada; 17491; España,Peralada,España,3,Moderna,,1
L'Aparté,21 rue de l'Europe; Montrabé; 31850; Francia,Montrabé,Francia,2,Moderna,Terraza agradable,1
Empòrium,Santa Clara 31; Castelló d'Empúries; 17486; España,Castelló d'Empúries,España,3,Moderna,Productos locales,1
Soléna,5 rue Chauffour; Burdeos; 33000; Francia,Burdeos,Francia,3,Moderna,,1
Le Saint-James,3 place Camille-Hosteins; Bouliac; 33270; Francia,Bouliac,Francia,3,Moderna,,1
Amicis,19 rue Mably; Burdeos; 33000; Francia,Burdeos,Francia,3,Creativa,Romántico,1
Cent33,133 rue du Jardin-Public; Burdeos; 33000; Francia,Burdeos,Francia,2,Creativa,Favorito del inspector,1
Le Pavillon des Boulevards,120 rue de la Croix-de-Seguey; Burdeos; 33000; Francia,Burdeos,Francia,3,Moderna,Terraza agradable,1
L'Oiseau Bleu,127 avenue Thiers; Burdeos; 33100; Francia,Burdeos,Francia,2,Moderna,Terraza agradable,1
La Table d'Hôtes - Le Quatrième Mur,2 place de la Comédie; Burdeos; 33000; Francia,Burdeos,Francia,3,Moderna; Creativa,,1
Auberge de la Forge,8 rue Jean-Parisot; Lavalette; 31590; Francia,Lavalette,Francia,3,Moderna,,1
Tentazioni,59 rue du Palais-Gallien; Burdeos; 33000; Francia,Burdeos,Francia,3,Italiana; Moderna,,1
Ressources,126 rue Fondaudège; Burdeos; 33000; Francia,Burdeos,Francia,2,Moderna,,1
Voramar,Passeig de la Sardana 6; Portbou; 17497; España,Portbou,España,2,Actual,,1
Le Prince Noir - Vivien Durand,1 rue du Prince-Noir; Lormont; 33310; Francia,Lormont,Francia,3,Moderna,Productos locales,1
L'Auberge Saint Jean,90 rue du Pont; Saint-Jean-de-Blaignac; 33420; Francia,Saint-Jean-de-Blaignac,Francia,2,Moderna,,1
La Galinette,23 rue Jean-Payra; Perpiñán; 66000; Francia,Perpiñán,Francia,2,Creativa,Productos locales,1
L'Almandin,Boulevard de l'Almandin; St-Cyprien Sud; Saint-Cyprien; 66750; Francia,Saint-Cyprien,Francia,2,Moderna,,1
La Balette,Route de Port-Vendres; Collioure; 66190; Francia,Collioure,Francia,3,Creativa; Moderna,Terraza agradable;Productos locales,1
Logis de la Cadène,3 place du Marché-au-Bois; Saint-Emilion; 33330; Francia,Saint-Émilion,Francia,3,Moderna,Productos locales,1
Les Belles Perdrix de Troplong Mondot,Château Troplong Mondot; Saint-Emilion; 33330; Francia,Saint-Émilion,Francia,3,Moderna,Productos locales,1
Le Puits du Trésor,21 route des Quatre-Châteaux; Lastours; 11600; Francia,Lastours,Francia,2,Moderna,Productos locales,1
Les Fresques - Château des Vigiers,644 route Lars-Urban-Petersson; lieu-dit Le Vigier; Monestier; 24240; Francia,Monestier,Francia,3,Moderna,Grupos;Productos locales,1
Villa Pinewood,590 chemin du Nègre; Payrin-Augmontel; 81660; Francia,Payrin-Augmontel,Francia,3,Creativa,Mesa del chef,1
Le Grand Cap,Chemin du Phare; Leucate; 11370; Francia,Leucate,Francia,2,Moderna,Familiar;Productos locales,1
La Tour des Vents,450 route de Malfourat; Monbazillac; 24240; Francia,Monbazillac,Francia,2,Moderna,Terraza agradable,1
Holodeck,Château de Chambert; lieu-dit Chambert; Floressas; 46700; Francia,Floressas,Francia,2,Moderna,,1
Les Jardins,1533 route du Port-de-l'Angle; Parnac; 46140; Francia,Parnac,Francia,1,Creativa,Terraza agradable;Productos locales,1
Le Gindreau,146 rue du Gindreau; Saint-Médard; 46150; Francia,Saint-Médard,Francia,3,Moderna,Terraza agradable;Productos locales,1
Le Vieux Logis,81 rue des Écoles; Trémolat; 24510; Francia,Trémolat,Francia,3,Moderna,Terraza agradable;Productos locales,1
Calice,30 boulevard Bertrand-Duguesclin; Béziers; 34500; Francia,Béziers,Francia,3,Moderna,,1
L'Alter-Native,12 rue Boieldieu; Béziers; 34500; Francia,Béziers,Francia,3,Moderna; Pescados y mariscos,Terraza agradable,1
Le 1862 - Les Glycines,4 avenue de Laugerie; Les Eyzies-de-Tayac-Sireuil; 24620; Francia,Les Eyzies-de-Tayac-Sireuil,Francia,3,Moderna,Productos locales,1
Granit - La Mécanique des Frères Bonano,Lieu-dit La Mécanique; Colombières-sur-Orb; 34390; Francia,Colombières-sur-Orb,Francia,3,Moderna,Terraza agradable,1
L'Essentiel,8 rue de la Clarté; Périgueux; 24000; Francia,Périgueux,Francia,2,Moderna,,1
Le Petit Léon,Le Bourg; Saint-Léon-sur-Vézère; 24290; Francia,Saint-Léon-sur-Vézère,Francia,3,Creativa,Terraza agradable;Productos locales,1
Notes,Hôtel La Nauve; 12 rue de la Nauve; Cognac; 16100; Francia,Cognac,Francia,2,Moderna,Romántico,1
Les Foudres,Chais Monnet; 50 avenue Paul-Firino-Martell; Cognac; 16100; Francia,Cognac,Francia,3,Moderna,Romántico,1
La Ribaudière,2 place du Port; Bourg-Charente; 16200; Francia,Bourg-Charente,Francia,2,Moderna,Terraza agradable;Productos locales,1
Restaurant De Lauzun,Route de Nizas; Pézenas; 34120; Francia,Pézenas,Francia,3,Moderna,Grupos,1
Château de la Treyne,3135 route des Deux-Châteaux; Lacave; 46200; Francia,Lacave,Francia,3,Moderna,Terraza agradable;Romántico,1
Vieux Pont,245 route des berges de l'Aveyron; Belcastel; 12390; Francia,Belcastel,Francia,2,Moderna,,1
Le Moulin de l'Abbaye,1 route de Bourdeilles; Brantôme; 24310; Francia,Brantôme,Francia,2,Moderna,Terraza agradable,1
Aumì,6 chemin des Rochers; Puymoyen; 16400; Francia,Puymoyen,Francia,2,Moderna,Productos locales,1
L'Écailler,3 quai de Sénac; La Flotte; 17630; Francia,La Flotte,Francia,2,Moderna; Pescados y mariscos,Productos locales;Tendencia,1
Les Trois Soleils de Montal,687 route de Montal; Saint-Jean-Lespinasse; Saint-Céré; 46400; Francia,Saint-Céré,Francia,2,Moderna,Terraza agradable,1
Restaurant Hervé Busset,24 place du Bourg; Rodez; 12000; Francia,Rodez,Francia,3,Moderna,,1
Cueillette,3 La Raufie; Altillac; 19120; Francia,Altillac,Francia,3,Moderna,,1
Émilie & Thomas - Moulin de Cambelong,61 lieu-dit Cambelong; Conques-en-Rouergue; 12320; Francia,Conques-en-Rouergue,Francia,3,Moderna,,1
La Table d'Olivier,3 rue Saint-Ambroise; Brive-la-Gaillarde; 19100; Francia,Brive-la-Gaillarde,Francia,2,Moderna,,1
Moulin de la Tardoire,6 route du Bounit (Lieu-dit la Forge); Montbron; 16220; Francia,Montbron,Francia,2,Moderna,Terraza agradable;Productos locales,1
Reflet d'Obione,29 rue Jean-Jacques-Rousseau; Montpellier; 34000; Francia,Montpellier,Francia,2,Moderna; Cocina mediterránea,Productos locales,1
L'Abissiou,81 rue des Halles; Les Sables d’Olonne; 85100; Francia,Les Sables-d'Olonne,Francia,3,Moderna,Productos locales,1
Pastis Restaurant,3 rue Terral; Montpellier; 34000; Francia,Montpellier,Francia,2,Moderna,Productos locales,1
Jean-Marc Pérochon,63 avenue de la Grande-Roche; Bretignolles-sur-Mer; 85470; Francia,Brétignolles-sur-Mer,Francia,2,Moderna,Romántico;Productos locales,1
Jardin des Sens,Place de la Canourgue; Montpellier; 34000; Francia,Montpellier,Francia,3,Moderna,Grupos,1
Leclère,8 rue André-Michel; Montpellier; 34000; Francia,Montpellier,Francia,2,Moderna,Merece la espera,1
Les Genêts,21 bis rue de l'Océan; Brem-sur-Mer; 85470; Francia,Brem-sur-Mer,Francia,2,Creativa,Terraza agradable;Productos locales,1
Dyades au Domaine des Étangs,Domaine des Étangs; Massignac; 16310; Francia,Massignac,Francia,2,Moderna,Terraza agradable;Productos locales,1
La Réserve Rimbaud,820 avenue de Saint-Maur; Montpellier; 34000; Francia,Montpellier,Francia,3,Moderna,Terraza agradable,1
Ébullition,10 rue du Pila-Saint-Gély; Montpellier; 34000; Francia,Montpellier,Francia,3,Creativa,,1
Maison Desamy,2 rue Hervé-de-Mareuil; Mareuil-sur-Lay-Dissais; 85320; Francia,Mareuil-sur-Lay-Dissais,Francia,2,Moderna; Creativa,Productos locales,1
Les Reflets,227 rue Roger-Salengro; La Roche-sur-Yon; 85000; Francia,La Roche-sur-Yon,Francia,2,Moderna,Productos locales,1
Le Suquet - Sébastien Bras,Route de l'Aubrac; Laguiole; 12210; Francia,Laguiole,Francia,3,Creativa,Productos locales,1
Le Puy Tilleul,La Borie d'Hélipse; 5 chemin du Moulin; Tournemire; 15310; Francia,Tournemire,Francia,2,Moderna,,1
Monique,1ter impasse du Charron; Calvisson; 30420; Francia,Calvisson,Francia,3,Moderna,Grupos,1
La Chapelle Saint-Martin,33 route Saint-Martin-du-Fault; Nieul; 87510; Francia,Nieul,Francia,3,Moderna,Romántico,1
William,Estrada Monumental 139; Funchal; 9000-098; Portugal,Funchal,Portugal,3,Actual,Terraza agradable;Romántico,1
La Chabotterie,Logis de La Chabotterie; Montréverd; 85260; Francia,Montréverd,Francia,3,Moderna,,1
Desarma,Rua das Maravilhas 74; Funchal; 9000-177; Portugal,Funchal,Portugal,3,Actual,Mesa del chef,1
Skab,7 rue de la République; Nimes; 30000; Francia,Nimes,Francia,3,Moderna,Productos locales,1
Jérôme Nutile,351 chemin Bas-du-Mas-de-Boudan; Nimes; 30000; Francia,Nimes,Francia,3,Moderna,,1
Rouge,Margaret - Hôtel Chouleur; 6 rue Fresque; Nimes; 30000; Francia,Nimes,Francia,3,Creativa,Romántico,1
La Chassagnette,Route du Sambuc; Arles; 13200; Francia,Arles,Francia,3,Creativa,Familiar;Productos locales,1
Le Saint Hilaire,5 rue André-Schenk; Saint-Hilaire-de-Brethmas; 30560; Francia,Saint-Hilaire-de-Brethmas,Francia,2,Moderna,Productos locales,1
La Table d'Uzès,Place de l'Évêché; Uzès; 30700; Francia,Uzès,Francia,3,Moderna,,1
La Robe,2 rue Neuve; Montaigu; 85600; Francia,Montaigu,Francia,2,Moderna,,1
Le 1201 - Abbaye de Villeneuve,Lieu-dit Villeneuve; Les Sorinières; 44840; Francia,Les Sorinières,Francia,3,Moderna,,1
L'Atlantide 1874 - Maison Guého,5 rue de l'Hermitage; Nantes; 44100; Francia,Nantes,Francia,3,Moderna,Productos locales,1
L'Aupiho - Domaine de Manville,Route de la Terre-des-Baux; Les Baux-de-Provence; 13520; Francia,Les Baux-de-Provence,Francia,3,Moderna,Terraza agradable,1
L'Oursin,Hôtel Bleu; 1 boulevard des Moulins; Carry-le-Rouet; 13620; Francia,Carry-le-Rouet,Francia,3,Creativa,Terraza agradable,1
La Belle Vie,4 avenue Paul-Blisson; Saint-Hilaire-d'Ozilhan; 30210; Francia,Saint-Hilaire-d'Ozilhan,Francia,2,Moderna,Terraza agradable;Productos locales,1
Omija,54 rue Fouré; Nantes; 44000; Francia,Nantes,Francia,3,Creativa,Productos locales,1
LuluRouget,4 place Albert-Camus; Nantes; 44200; Francia,Nantes,Francia,3,Moderna,Productos locales,1
Likoké,33 route de Païolive; Les Vans; 07140; Francia,Les Vans,Francia,3,Creativa,Productos locales,1
Freia,22 boulevard de Berlin; Nantes; 44000; Francia,Nantes,Francia,2,Creativa,Productos locales,1
La Mare aux Oiseaux,223 rue du Chef-de-l'Île-Fedrun; Saint-Joachim; 44720; Francia,Saint-Joachim,Francia,3,Creativa,Romántico;Productos locales,1
Les Cadets,15 rue des Hauts-Pavés; Nantes; 44000; Francia,Nantes,Francia,2,Moderna,,1
La Table de Tourrel,5 rue Carnot; Saint-Rémy-de-Provence; 13210; Francia,Saint-Rémy-de-Provence,Francia,3,Moderna,Mesa del chef,1
Ineffable,3 rue Grande; Barbentane; 13570; Francia,Barbentane,Francia,3,Moderna,Romántico,1
Côté Cuisine,36 avenue Zacharie-Le-Rouzic; Carnac; 56340; Francia,Carnac,Francia,2,Moderna,,1
Auffo,158 rue du Vallon-des-Auffes; Marsella; 13007; Francia,Marsella,Francia,3,Moderna,,1
Le Manoir de la Régate,155 route de Gachet; Nantes; 44300; Francia,Nantes,Francia,3,Moderna; Creativa,Productos locales,1
"Une Table, au Sud",2 quai du Port; Marsella; 13002; Francia,Marsella,Francia,3,Moderna,Productos locales,1
Le Cèdre de Montcaud,Hameau de Combes; Sabran; 30200; Francia,Sabran,Francia,3,Moderna,Terraza agradable,1
Le Haut-Allier,1 avenue de la Gare (Le Pont d'Alleyras); Alleyras; 43580; Francia,Alleyras,Francia,3,Moderna; Creativa,Productos locales,1
Belle de Mars,180 rue du Rouet; Marsella; 13008; Francia,Marsella,Francia,2,Moderna,Favorito del inspector,1
Villa Salone,6 rue du Maréchal-Joffre; Salon-de-Provence; 13300; Francia,Salon-de-Provence,Francia,3,Moderna,Grupos;Productos locales,1
Pollen,18 rue Joseph-Vernet; Aviñón; 84000; Francia,Aviñón,Francia,3,Moderna,Productos locales,1
Le Prieuré,7 place du Chapitre; Villeneuve-lès-Avignon; 30400; Francia,Villeneuve-lès-Avignon,Francia,3,Creativa,Romántico;Terraza agradable,1
Maison Chenet - Entre Vigne et Garrigue,600 chemin des Falaises; Pujaut; 30131; Francia,Pujaut,Francia,3,Moderna,Terraza agradable;Productos locales,1
Avel Vor,25 rue de Locmalo; Port-Louis; 56290; Francia,Port-Louis,Francia,2,Moderna,Productos locales,1
Le Gavrinis,1 rue de l'Île-Gavrinis; Baden; 56870; Francia,Baden,Francia,3,Moderna,,1
Nuance,35 roz An Tremen; Plomeur; 29120; Francia,Plomeur,Francia,2,Moderna,Productos locales,1
Dan B.,1 rue Frédéric-Mistral; Ventabren; 13122; Francia,Ventabren,Francia,3,Moderna,Productos locales,1
Ar Men Du,47 rue des Îles; à Raguenès-Plage; Névez; 29920; Francia,Névez,Francia,2,Moderna,Productos locales,1
La Bastide Bourrelly - Mathias Dandine,Place Albert-Florens; Calas-Cabriès; 13480; Francia,Calas-Cabriès,Francia,3,Provenzal,Terraza agradable;Cocina local,1
Louise,4 rue Léo-le-Bourgo; Lorient; 56100; Francia,Lorient,Francia,2,Moderna,Romántico,1
La Tête en l'air,43 rue de la Fontaine; Vannes; 56000; Francia,Vannes,Francia,2,Creativa,Productos locales,1
Couleurs de Shimatani,35 rue Edgar-Quinet; La Ciotat; 13600; Francia,La Ciotat,Francia,3,Fusión,Productos locales,1
La Table - Domaine du Liziec,20 route de Rennes; Vannes; 56000; Francia,Vannes,Francia,3,Moderna,Romántico,1
Le Pressoir,7 rue de l'Hôpital; Saint-Avé; 56890; Francia,Saint-Avé,Francia,2,Moderna; Creativa,,1
Les Trois Rochers,16 rue du Phare; à Sainte-Marine; Combrit; 29120; Francia,Combrit,Francia,3,Moderna,Romántico,1
La Table de Nans,126 corniche du Liouquet; La Ciotat; 13600; Francia,La Ciotat,Francia,3,Cocina mediterránea,Cocina local,1
L'Inattendu - Domaine de Locguénolé,Route de Port-Louis; Le Hingair; Kervignac; 56700; Francia,Kervignac,Francia,3,Moderna; Creativa,Romántico,1
Le Vivier,800 cours Fernande-Peyre; L'Isle-sur-la-Sorgue; 84800; Francia,L'Isle-sur-la-Sorgue,Francia,2,Moderna,Terraza agradable,1
Le Mas Bottero,2340 route d’Aix-en-Provence; Saint-Cannat; 13760; Francia,Saint-Cannat,Francia,3,Moderna,Productos locales,1
Rosmadec Le Moulin,Venelle de Rosmadec; Pont-Aven; 29930; Francia,Pont-Aven,Francia,3,Moderna; Creativa,Terraza agradable;Romántico,1
Les Oliviers,Hôtel Thalazur Bandol - Île Rousse; 25 boulevard Louis-Lumière; Bandol; 83150; Francia,Bandol,Francia,3,Moderna,Familiar,1
La Table de Pierre Reboul,Hôtel Renaissance; 320 avenue Wolfgang-Amadeus-Mozart; Aix-en-Provence; 13100; Francia,Aix-en-Provence,Francia,3,Creativa,Mesa del chef,1
La Magdeleine - Mathias Dandine,2 rond-point des Charrons; Gémenos; 13420; Francia,Gémenos,Francia,3,Cocina mediterránea,Grupos;Cocina local,1
Étude,24 rue de l'Aumône-Vieille; Aix-en-Provence; 13100; Francia,Aix-en-Provence,Francia,3,Moderna,Tendencia,1
Origines,Rue du Clos-de-la-Chaux; Le Broc; 63500; Francia,Le Broc,Francia,3,Creativa; Moderna,Productos locales,1
Le Chamarlenc,19 rue Raphaël; Puy-en-Velay; 43000; Francia,Le Puy-en-Velay,Francia,2,Creativa,Productos locales,1
Auberge de Montfleury,200 route des Cépages; Saint-Germain; 07170; Francia,Saint-Germain,Francia,2,Moderna,Productos locales;Mesa del chef,1
La Table de la Bergerie,3 route de la Pierre; Bellevigne-en-Layon; 49380; Francia,Bellevigne-en-Layon,Francia,2,Moderna,,1
Le Art - Château de la Gaude,3959 route des Pinchinats; Aix-en-Provence; 13100; Francia,Aix-en-Provence,Francia,3,Moderna,Productos locales,1
La Table de l'Orangerie - Château de Fonscolombe,Route de Saint-Canadet; Le Puy-Sainte-Réparade; 13610; Francia,Le Puy-Sainte-Réparade,Francia,3,Moderna,Terraza agradable;Romántico,1
JU - Maison de Cuisine,2 rue Lucien-Blanc; Bonnieux; 84480; Francia,Bonnieux,Francia,3,Moderna; Creativa,Comer solo;Productos locales,1
Le Goût du Bonheur - La Fenière,1680 route de Lourmarin; Cadenet; 84160; Francia,Cadenet,Francia,3,Creativa; Cocina de mercado,Productos locales,1
Allium,88 boulevard de Créac'h-Gwen; Quimper; 29000; Francia,Quimper,Francia,2,Creativa,,1
La Bastide,550 chemin des Cabanes; Bonnieux; 84480; Francia,Bonnieux,Francia,3,Moderna; Provenzal,Terraza agradable,1
L'Oustalet,5 place Gabrielle-Andéol; Gigondas; 84190; Francia,Gigondas,Francia,2,Moderna,Productos locales;Terraza agradable,1
La Table de Xavier Mathieu,Le Phébus; 508 route de Murs; Joucas; 84220; Francia,Joucas,Francia,3,Moderna; Cocina mediterránea,Mesa del chef;Terraza agradable,1
Shanael,10 rue Molière; Tolón; 83000; Francia,Tolón,Francia,2,Moderna,Tendencia,1
Garrigue,69 boulevard des Platanes; Ansouis; 84240; Francia,Ansouis,Francia,2,Moderna; Creativa,Productos locales,1
La Petite Maison de Cucuron,Place de l'Étang; Cucuron; 84160; Francia,Cucuron,Francia,2,Clásica,Terraza agradable,1
Fontevraud L'Ermitage,38 rue Saint-Jean-de-l'Habit; Fontevraud-l'Abbaye; 49590; Francia,Fontevraud-l'Abbaye,Francia,3,Creativa,Productos locales,1
Le Colombier,270 chemin de Malombre; Malataverne; 26780; Francia,Malataverne,Francia,3,Creativa; Moderna,Terraza agradable,1
Jean-Claude Leclerc,12 rue Saint-Adjutor; Clermont-Ferrand; 63000; Francia,Clermont-Ferrand,Francia,3,Moderna,,1
Radio,43 avenue Pierre-et-Marie-Curie; Chamalières; 63400; Francia,Chamalières,Francia,3,Moderna,Grupos,1
Kamezí,Mónaco 2; Playa Blanca; 35580; España,Playa Blanca,España,3,Creativa,Romántico;Tendencia,1
Lueurs,2 quai de Port-Boulet; Bouchemaine; 49080; Francia,Bouchemaine,Francia,2,Moderna; Creativa,Romántico,1
Apicius,Place du Marché-Saint-Pierre (à l'étage); Clermont-Ferrand; 63000; Francia,Clermont-Ferrand,Francia,3,Moderna,,1
L'Ostal,16 rue Claussmann; Clermont-Ferrand; 63000; Francia,Clermont-Ferrand,Francia,2,Creativa,Productos locales,1
Le Clair de la Plume,2 place du Mail; Grignan; 26230; Francia,Grignan,Francia,3,Moderna,Romántico;Terraza agradable,1
La Bòria,105 avenue du Ruissol; Veyras; 07000; Francia,Veyras,Francia,2,Creativa,Productos locales,1
La Promenade - Maison Dallais,11 rue du Savoureulx; Le Petit-Pressigny; 37350; Francia,Le Petit-Pressigny,Francia,2,Moderna,Productos locales,1
Lait Thym Sel,17 rue Boisnet; Angers; 49100; Francia,Angers,Francia,3,Creativa,Productos locales,1
L'Impulsif,19 avenue Baraduc; Châtel-Guyon; 63140; Francia,Châtel-Guyon,Francia,2,Creativa,,1
Auberge du Pont,70 avenue du Docteur-Besserve; Pont-du-Château; 63430; Francia,Pont-du-Château,Francia,2,Moderna,Productos locales,1
Maison Tiegezh,7 place de la Gare; Guer; 56380; Francia,Guer,Francia,2,Moderna,Productos locales,1
Lavandin - Château Les Oliviers de Salettes,1205 route du Château; Charols; 26450; Francia,Charols,Francia,3,Moderna,Romántico;Terraza agradable,1
Auberge Pom'Poire,21 route de Vallères; Azay-le-Rideau; 37190; Francia,Azay-le-Rideau,Francia,2,Moderna,,1
Auberge du XIIème Siècle,1 rue du Château; Saché; 37190; Francia,Saché,Francia,2,Moderna,Terraza agradable,1
Hostellerie de la Pointe Saint-Mathieu,7 place Saint-Tanguy; Plougonvelin; 29217; Francia,Plougonvelin,Francia,3,Moderna,Productos locales,1
La Chapelle - Château Saint-Jean,Avenue Henri-de-la-Tourfondue; Montluçon; 03100; Francia,Montluçon,Francia,3,Creativa; Moderna,Romántico,1
Restaurant Pierre Grein,180 avenue Régis-Ryckebusch; Manosque; 04100; Francia,Manosque,Francia,3,Moderna; Provenzal,,1
Le Kléber - La Maison Bonnet,2 place du Champ-de-Mars; Grane; 26400; Francia,Grane,Francia,2,Moderna,,1
Arbore & Sens,22 rue Balzac; Loches; 37600; Francia,Loches,Francia,2,Moderna; Creativa,Terraza agradable;Productos locales,1
Auberge Grand'Maison,1 rue Léon-le-Cerf; Mûr-de-Bretagne; 22530; Francia,Mûr-de-Bretagne,Francia,2,Tradicional,,1
Le Carré d'Alethius,4 rue Paul-Bertois; Charmes-sur-Rhône; 07800; Francia,Charmes-sur-Rhône,Francia,2,Moderna,,1
L'Oursin - Hôtel Les Roches,1 avenue des 3-Dauphins; Le Lavandou; 83980; Francia,Le Lavandou,Francia,3,Cocina mediterránea,Productos locales,1
Le Feuillée - Le Couvent des Minimes,Chemin des Jeux-de-Maï; Mane; 04300; Francia,Mane,Francia,3,Moderna; Creativa,Productos locales,1
L'Évidence,1 place des Marronniers; Montbazon; 37250; Francia,Montbazon,Francia,2,Creativa; Moderna,Grupos,1
L'Embrun,48 rue de Lyon; Brest; 29200; Francia,Brest,Francia,2,Moderna,,1
Chez Jeannette,1204 chemin de la Commanderie-de-Peyrassol; Flassans-sur-Issole; 83340; Francia,Flassans-sur-Issole,Francia,3,Moderna,Terraza agradable;Productos locales,1
La Cachette,20 rue Notre-Dame-de-Soyons; Valence; 26000; Francia,Valence,Francia,2,Moderna; Creativa,,1
Épithèque,32 Grande-Rue; Valence; 26000; Francia,Valence,Francia,2,Moderna,,1
L'Opidom,4 quai de la Guignière; Fondettes; 37230; Francia,Fondettes,Francia,2,Creativa; Moderna,,1
La Table des Pères - Domaine du Château des Pères,Route de Boistrudan; Piré-Chancé; 35150; Francia,Piré-Chancé,Francia,3,Creativa,,1
Ima,20 boulevard de la Tour-d'Auvergne; Rennes; 35000; Francia,Rennes,Francia,3,Creativa,Comer solo,1
Racines,4 passage Antoinette-Caillot; Rennes; 35000; Francia,Rennes,Francia,2,Moderna,Grupos,1
Bruno,2350 route des Arcs; Lorgues; 83510; Francia,Lorgues,Francia,3,Clásica,Un clásico,1
Le Jardin de Berne,Château de Berne; chemin des Imberts; Flayosc; 83780; Francia,Flayosc,Francia,3,Moderna,Romántico;Productos locales,1
La Palmeraie - Château de Valmer,81 boulevard de Gigaro; La Croix-Valmer; 83420; Francia,La Croix-Valmer,Francia,3,Moderna,Terraza agradable;Productos locales,1
Maison Decoret,15 rue du Parc; Vichy; 03200; Francia,Vichy,Francia,3,Creativa,,1
Mandibule,5 place de la Mairie; Alixan; 26300; Francia,Alixan,Francia,2,Moderna,Productos locales,1
Auberge du Pont d'Acigné,8 Le Pont-d'Acigné (lieu-dit); Noyal-sur-Vilaine; 35530; Francia,Noyal-sur-Vilaine,Francia,3,Creativa,Terraza agradable,1
La Source,8 allée de La Charpinière; Saint-Galmier; 42330; Francia,Saint-Galmier,Francia,3,Moderna,Productos locales;Grupos,1
Les Cèdres,25 rue Henri-Machon; Granges-les-Beaumont; 26600; Francia,Granges-les-Beaumont,Francia,3,Clásica,Un clásico,1
Arnaud Donckele & Maxime Frédéric at Louis Vuitton,Place des Lices; Saint-Tropez; 83990; Francia,Saint-Tropez,Francia,3,Cocina mediterránea,Terraza agradable,1
Le Relais des Moines,Route de Sainte-Roseline; Les Arcs; 83460; Francia,les Arcs,Francia,3,Moderna,Romántico;Productos locales,1
La Terrasse - Cheval Blanc St-Tropez,Plage de la Bouillabaisse; Saint-Tropez; 83990; Francia,Saint-Tropez,Francia,3,Cocina mediterránea,Terraza agradable;Cocina local,1
Colette,Hôtel Sezz; 151 route des Salins; Saint-Tropez; 83990; Francia,Saint-Tropez,Francia,3,Moderna,Terraza agradable,1
La Bastide de Moustiers,511 chemin de Quinson; Moustiers-Sainte-Marie; 04360; Francia,Moustiers-Sainte-Marie,Francia,3,Cocina mediterránea,Terraza agradable,1
La Bonne Étape,5 chemin du Lac; Château-Arnoux-Saint-Auban; 04160; Francia,Château-Arnoux-Saint-Auban,Francia,3,Provenzal,Un clásico,1
Château de Pray,Rue du Cèdre; à Chargé; Amboise; 37530; Francia,Amboise,Francia,2,Moderna,Terraza agradable;Productos locales,1
La Table de La Butte,12 rue de la Mer; Plouider; 29260; Francia,Plouider,Francia,3,Moderna,Productos locales,1
Château Blanchard,36 route de Saint-Galmier; Chazelles-sur-Lyon; 42140; Francia,Chazelles-sur-Lyon,Francia,3,Moderna,Romántico;Grupos,1
Aux Pesked,59 rue du Légué; Saint-Brieuc; 22000; Francia,Saint-Brieuc,Francia,2,Pescados y mariscos; Moderna,Romántico;Productos locales,1
La Pomme d'Api,5 rue Saint-Yves; Saint-Pol-de-Léon; 29250; Francia,Saint-Pol-de-Léon,Francia,3,Creativa,,1
La Vieille Tour,75 rue de la Tour; Plérin; 22190; Francia,Plérin,Francia,2,Moderna,,1
Nicolas Carro - Hôtel de Carantec,20 rue du Kelenn; Carantec; 29660; Francia,Carantec,Francia,3,Creativa; Moderna,,1
Château d'Origny,2210 route de Roanne; Ouches; 42155; Francia,Ouches,Francia,2,Moderna,,1
La Table de Philippe Girardon,Domaine de Clairefontaine; 105 chemin des Fontanettes; Chonas-l'Amballan; 38121; Francia,Chonas-l'Amballan,Francia,3,Moderna,Terraza agradable;Productos locales,1
La Table d'Asten,8 boulevard Clemenceau; Binic; 22520; Francia,Binic,Francia,2,Moderna,Productos locales,1
Nori,Hôtel Le Britanny; 22 boulevard Sainte-Barbe; Roscoff; 29680; Francia,Roscoff,Francia,3,Moderna; Regional,,1
Faventia,Terre Blanche; 3100 route de Bagnols-en-Forêt; Tourrettes; 83440; Francia,Tourrettes,Francia,3,Moderna,Terraza agradable;Romántico,1
Le Favori - Les Sources de Cheverny,23 route de Fougère; Cheverny; 41700; Francia,Cheverny,Francia,3,Moderna,Productos locales,1
Grand Hôtel du Lion d'Or,69 rue Georges-Clemenceau; Romorantin-Lanthenay; 41200; Francia,Romorantin-Lanthenay,Francia,3,Moderna,Un clásico;Romántico,1
L'Anthocyane,25 avenue Ernest-Renan; Lannion; 22300; Francia,Lannion,Francia,2,Moderna,,1
Granica,10 rue Nationale; Cellettes; 41120; Francia,Cellettes,Francia,2,Moderna,,1
Manoir de Lan-Kerellec,11 allée centrale de Lan-Kerellec; Trébeurden; 22560; Francia,Trébeurden,Francia,3,Pescados y mariscos; Moderna,Romántico,1
Restaurant de la Loire,30 rue de la Berge; Pouilly-sous-Charlieu; 42720; Francia,Pouilly-sous-Charlieu,Francia,3,Moderna,Terraza agradable;Productos locales,1
Asterales,Hôtel du Golf; Les Ritons; 784 route du Clos-de-la-Balme; Corrençon-en-Vercors; 38250; Francia,Corrençon-en-Vercors,Francia,2,Moderna,,1
Assa,26 avenue du Maréchal-Maunoury; Blois; 41000; Francia,Blois,Francia,3,Creativa,Productos locales,1
Mareluna,Château de Théoule; 55 avenue de Lérins; Théoule-sur-Mer; 06590; Francia,Théoule-sur-Mer,Francia,3,Creativa,Terraza agradable;Familiar,1
L'Or Bleu,6 boulevard de l'Esquillon; Théoule-sur-Mer; 06590; Francia,Théoule-sur-Mer,Francia,3,Moderna,Terraza agradable;Romántico,1
L'Auberge de Bagatelle,489 avenue Bollée; Le Mans; 72000; Francia,Le Mans,Francia,2,Moderna,,1
Bessem,183 avenue de la République; Mandelieu-La Napoule; 06210; Francia,Mandelieu-la-Napoule,Francia,3,Cocina mediterránea,Terraza agradable;Productos locales,1
L'Étape Dorée,137 chemin de Moly; Saint-Genis-Laval; 69230; Francia,Saint-Genis-Laval,Francia,3,Moderna; Creativa,Favorito del inspector,1
Palégrié Chez l'Henri,66 rue de la Tour; Autrans-Méaudre en Vercors; 38112; Francia,Autrans-Méaudre en Vercors,Francia,2,Creativa; Moderna,Productos locales,1
Pourquoi Pas,Hôtel Castelbrac; 17 avenue George-V; Dinard; 35800; Francia,Dinard,Francia,3,Moderna,Terraza agradable,1
Le Saint Placide,6 place du Poncel; Saint-Servan-sur-Mer; Saint-Malo; 35400; Francia,Saint-Malo,Francia,3,Moderna,,1
Têtedoie,4 rue Professeur-Pierre-Marion; Lyon; 69005; Francia,Lyon,Francia,3,Moderna,,1
Ezia,17 rue de Chambord; Montlivault; 41350; Francia,Montlivault,Francia,3,Moderna,,1
Rustique,14 rue d'Enghien; Lyon; 69002; Francia,Lyon,Francia,3,Creativa,,1
L'Éveil des Sens,429 boulevard Paul-Lintier; Mayenne; 53100; Francia,Mayenne,Francia,2,Moderna,,1
Saisons,1A chemin de Calabert; Écully; 69130; Francia,Écully,Francia,3,Moderna,Terraza agradable;Productos locales,1
Prairial,1 place Hubert-Mounier; Lyon; 69002; Francia,Lyon,Francia,3,Creativa,Productos locales,1
Les Loges,Cour des Loges; 6 rue du Bœuf; Lyon; 69005; Francia,Lyon,Francia,3,Moderna,Romántico,1
L'Atelier des Augustins,17 rue Hippolyte-Flandrin; Lyon; 69001; Francia,Lyon,Francia,3,Moderna,,1
Ombellule,36 cours Franklin-Roosevelt; Lyon; 69006; Francia,Lyon,Francia,3,Creativa,Romántico;Productos locales,1
Burgundy by Matthieu,24 quai Saint-Antoine; Lyon; 69002; Francia,Lyon,Francia,3,Moderna,,1
Au 14 Février,36 rue du Bœuf; Lyon; 69005; Francia,Lyon,Francia,3,Creativa,,1
Circle,11 rue Chavanne; Lyon; 69001; Francia,Lyon,Francia,2,Creativa,,1
Miraflores,112 boulevard des Belges; Lyon; 69006; Francia,Lyon,Francia,3,Peruana,Romántico,1
La Palme d'Or,Hôtel Martinez; 73 boulevard de la Croisette; Cannes; 06400; Francia,Cannes,Francia,3,Moderna,Un clásico;Terraza agradable,1
Maltacina,443 route du 45ème-Parallèle; Saint-Théoffrey; 38119; Francia,Saint-Théoffrey,Francia,2,Moderna,Mesa del chef;Productos locales,1
Guy Lassausaie,3 rue de Belle-Sise; Chasselay; 69380; Francia,Chasselay,Francia,3,Moderna,Grupos,1
La Table Breizh Café,7 quai Thomas; Cancale; 35260; Francia,Cancale,Francia,3,Moderna,Mesa del chef,1
Auberge de Clochemerle,173 rue Gabriel-Chevallier; Vaux-en-Beaujolais; 69460; Francia,Vaux-en-Beaujolais,Francia,2,Moderna; Creativa,Terraza agradable,1
La Passagère - Hôtel Belles Rives,33 boulevard Édouard-Baudoin; Juan-les-Pins; 06160; Francia,Juan-les-Pins,Francia,3,Creativa,Terraza agradable;Romántico,1
Les Pêcheurs,10 boulevard du Maréchal-Juin; au Cap d'Antibes; Antibes; 06160; Francia,Antibes,Francia,3,Cocina mediterránea,Terraza agradable;Romántico,1
Louroc - Hôtel du Cap-Eden-Roc,Boulevard J.-F.-Kennedy; au Cap d'Antibes; Antibes; 06160; Francia,Antibes,Francia,3,Cocina mediterránea,Un clásico;Terraza agradable,1
Auberge Sauvage,3 place Saint-Martin; Servon; 50170; Francia,Servon,Francia,3,Creativa,Productos locales,1
Les Terraillers,11 chemin Neuf; Biot; 06410; Francia,Biot,Francia,3,Moderna,Terraza agradable;Productos locales,1
L'Émulsion,57 route de Lyon; lieu-dit La Grive; Saint-Alban-de-Roche; 38080; Francia,Saint-Alban-de-Roche,Francia,3,Creativa; Moderna,Productos locales,1
Maison Fantin Latour - Stéphane Froidevaux,1 rue Général-de-Beylie; Grenoble; 38000; Francia,Grenoble,Francia,3,Moderna; Creativa,,1
La Table de Pierre,Domaine du Mas de Pierre; 2320 route des Serres; Saint-Paul-de-Vence; 06570; Francia,Saint-Paul-de-Vence,Francia,3,Cocina mediterránea,,1
Alain Llorca,350 route de Saint-Paul; La Colle-sur-Loup; 06480; Francia,La Colle-sur-Loup,Francia,3,Provenzal,Terraza agradable;Cocina local,1
Le Chantecler,Le Negresco; 37 promenade des Anglais; Niza; 06000; Francia,Niza,Francia,3,Moderna,Un clásico,1
Ambroisie,64 route du Lac; Saint-Didier-de-la-Tour; 38110; Francia,Saint-Didier-de-la-Tour,Francia,3,Moderna,,1
Auberge du Cep,11 rue des Quatre-Vents; Fleurie; 69820; Francia,Fleurie,Francia,2,Moderna,Productos locales,1
Racines - Bruno Cirino,3 rue Clément-Roassal; Niza; 06000; Francia,Niza,Francia,2,Vegetariana; Cocina mediterránea,Productos locales;Cocina local,1
L'Aromate,2 rue Gustave-Deloye; Niza; 06000; Francia,Niza,Francia,3,Moderna,Productos locales,1
ONICE,5 rue Antoine-Gautier; Niza; 06300; Francia,Niza,Francia,3,Moderna,Productos locales,1
Fradis Minoris,Laguna di Nora; Pula; 09050; Italia,Pula,Italia,3,Sarda; Moderna,Productos locales,1
Épicentre,8 rue Fodéré; Niza; 06000; Francia,Niza,Francia,2,Moderna,Mesa del chef,1
La Pomme d'Or,1 rue de la Panneterie; Sancerre; 18300; Francia,Sancerre,Francia,2,Moderna,Romántico,1
JAN,12 rue Lascaris; Niza; 06300; Francia,Niza,Francia,3,Creativa,,1
Les Agitateurs,24 rue Bonaparte; Niza; 06300; Francia,Niza,Francia,3,Creativa,Productos locales,1
Le Manoir du Lys,Route de Juvigny-sous-Andaine; Bagnoles-de-l'Orne; 61140; Francia,Bagnoles-de-l'Orne,Francia,3,Moderna,Romántico,1
Le Restaurant des Rois - La Réserve de Beaulieu,5 boulevard du Maréchal-Leclerc; Beaulieu-sur-Mer; 06310; Francia,Beaulieu-sur-Mer,Francia,3,Moderna,Terraza agradable;Romántico,1
Le Cap,Grand Hôtel du Cap-Ferrat; 71 boulevard du Général-de-Gaulle; Saint-Jean-Cap-Ferrat; 06230; Francia,Saint-Jean-Cap-Ferrat,Francia,3,Moderna,Terraza agradable;Romántico,1
Auberge Quintessence,Route du Col-de-la-Couillole; Roubion; 06420; Francia,Roubion,Francia,2,Moderna,Familiar,1
La Table du Cap Estel,1312 avenue Raymond-Poincaré; Èze-Bord-de-Mer; 06360; Francia,Èze-Bord-de-Mer,Francia,3,Moderna,Terraza agradable;Romántico,1
La Table de Christophe Hay et Loïs Bée,200 allée des Quatre-Vents; au golf de Limère; Ardon; 45160; Francia,Ardon,Francia,3,Moderna; Creativa,Terraza agradable;Productos locales,1
L'O des Vignes,129 rue du Bourg; Fuissé; 71960; Francia,Fuissé,Francia,2,Moderna,,1
Château Eza,Rue de la Pise; Èze; 06360; Francia,Èze,Francia,3,Moderna,Terraza agradable;Romántico,1
Auberge de la Mine,8 rue de Champsecret; La Ferrière-aux-Étangs; 61450; Francia,La Ferrière-aux-Étangs,Francia,2,Clásica,,1
La Table de Chaintré,72 place du Luminaire; Chaintré; 71570; Francia,Chaintré,Francia,2,Moderna,Romántico,1
Maison Medard,19 place des Tilleuls; Boulleret; 18240; Francia,Boulleret,Francia,2,Moderna; Creativa,,1
Auberge de la Roche,La Roche; Valdeblore; 06420; Francia,Valdeblore,Francia,3,Moderna,Productos locales,1
La Table d'Antonio Salvatore au Rampoldi,3 avenue des Spélugues; Monaco; 98000; Principado de Mónaco,Monaco,Principado de Mónaco,3,Italiana; Creativa,,1
Le Grill,Hôtel de Paris Monte-Carlo; place du Casino; Monaco; 98000; Principado de Mónaco,Monaco,Principado de Mónaco,3,Clásica,Un clásico;Terraza agradable,1
Robuchon Monaco,Esplanade du Portier; Monaco; 98000; Principado de Mónaco,Monaco,Principado de Mónaco,3,Moderna,Romántico,1
"Pavyllon Monte-Carlo, un restaurant de Yannick Alléno",Square Beaumarchais; Monaco; 98000; Principado de Mónaco,Monaco,Principado de Mónaco,3,Moderna; Creativa,Terraza agradable,1
La Huchette,1089 route de Bourg; Replonges; 01750; Francia,Replonges,Francia,3,Creativa; Moderna,,1
Elsa Marcel Ravin,Monte-Carlo Beach; avenue Princesse-Grace; Roquebrune-Cap-Martin; Monaco; 98000; Principado de Mónaco,Monaco,Principado de Mónaco,3,Cocina mediterránea,Terraza agradable,1
Côté Jardin,14 avenue de Bourges; Gien; 45500; Francia,Gien,Francia,2,Creativa; Moderna,Productos locales,1
Atmosphères,618 route des Tournelles; Le Bourget-du-Lac; 73370; Francia,Le Bourget-du-Lac,Francia,3,Creativa,Terraza agradable;Productos locales,1
Le Mascaret,1 rue de Bas; Blainville-sur-Mer; 50560; Francia,Blainville-sur-Mer,Francia,2,Moderna,,1
Lamartine,3132 route du Tunnel; Bourdeau; Le Bourget-du-Lac; 73370; Francia,Le Bourget-du-Lac,Francia,3,Moderna,Terraza agradable,1
La Table de L'Incomparable,68 chemin de Belledonne; Tresserve; 73100; Francia,Tresserve,Francia,3,Moderna,Terraza agradable,1
La Marande,1484 route de Lugny; hameau de Mirande; Montbellet; 71260; Francia,Montbellet,Francia,2,Moderna,Terraza agradable,1
Le Raisin,2 place Michel-Poisat; Pont-de-Vaux; 01190; Francia,Pont-de-Vaux,Francia,2,Tradicional,,1
AinTimiste,4 rue de la Pompe; Poncin; 01450; Francia,Poncin,Francia,3,Moderna; Creativa,Productos locales,1
Bohemia,Green Street; The Club Hotel & Spa; Saint Helier; JE2 4UH; Reino Unido,Saint Helier,Reino Unido,3,Moderna,Romántico,1
Casa Buono,corso Cuneo 28; Località Trucco; Ventimiglia; 18039; Italia,Ventimiglia,Italia,3,Regional; Creativa,Familiar,1
La Renaissance,20 avenue de la 2ème-Division-Blindée; Argentan; 61200; Francia,Argentan,Francia,2,Moderna,,1
Tabaiba,Portugal 79; Las Palmas de Gran Canaria; 35010; España,Las Palmas de Gran Canaria,España,3,Creativa,,1
Le Clocher des Pères,Le Mollard; 80 impasse du Four; Saint-Martin-sur-la-Chambre; 73130; Francia,Saint-Martin-sur-la-Chambre,Francia,3,Moderna; Creativa,Productos locales,1
Poemas by Hermanos Padrón,León y Castillo 227; Las Palmas de Gran Canaria; 35005; España,Las Palmas de Gran Canaria,España,3,Creativa,Romántico,1
Muxgo,León y Castillo 227; Las Palmas de Gran Canaria; 35005; España,Las Palmas de Gran Canaria,España,3,Creativa,Productos locales,1
Le Charlie,Bella Vista Hôtel; Porticcio; 20166; Francia,Porticcio,Francia,3,Moderna,Terraza agradable,1
L'Écrin de Yohann Chapuis,1 rue Albert-Thibaudet; Tournus; 71700; Francia,Tournus,Francia,3,Creativa; Moderna,,1
Aux Terrasses,18 avenue du 23-Janvier; Tournus; 71700; Francia,Tournus,Francia,2,Creativa,Productos locales,1
La Table de la Ferme,Domaine de Murtoli; Vallée de l'Ortolo; Sartène; 20100; Francia,Sartène,Francia,3,Moderna; Corsa,Romántico;Productos locales,1
Auberge des Templiers,20 route Départementale 2007; Boismorand; 45290; Francia,Boismorand,Francia,3,Moderna,Romántico,1
La Verrière,Hôtel Marinca; lieu-dit Vitricella; Olmeto; 20113; Francia,Olmeto,Francia,3,Moderna,Terraza agradable,1
Paolo e Barbara,Via Roma 47; San Remo; 18038; Italia,San Remo,Italia,3,Regional; Actual,Un clásico,1
Intuition,1 rue Alsace-Lorraine; Saint-Lô; 50000; Francia,Saint-Lô,Francia,2,Moderna,Productos locales,1
Nazionale,Via Cavour 60; Vernante; 12019; Italia,Vernante,Italia,2,Regional; Moderna,Romántico;Cocina local,1
Les Explorateurs - Hôtel Pashmina,141 rue des Dalles; Val-Thorens; 73440; Francia,Val-Thorens,Francia,3,Moderna,Productos locales,1
Le Georges,Le Grand Monarque; 22 place des Épars; Chartres; 28000; Francia,Chartres,Francia,3,Moderna,,1
L'Ekrin by Laurent Azoulay,Le Kaïla; 124 rue des Jeux-Olympiques; Méribel; 73550; Francia,Méribel,Francia,3,Moderna,,1
Finestra by Italo Bassi,51 quai Jérôme-Comparetti; Bonifacio; 20169; Francia,Bonifacio,Francia,3,Italiana; Cocina mediterránea,,1
Le Farçon,Immeuble Kalinka; La Tania; Courchevel; 73120; Francia,Courchevel,Francia,3,Moderna,,1
Vraic,Mont Cuet Road; Chouet Bay; Vale; GY3 5AT; Reino Unido,Vale,Reino Unido,3,Moderna,Romántico,1
Le Chabichou by Stéphane Buron,90 rue des Chenus; Courchevel 1850; Courchevel; 73120; Francia,Courchevel,Francia,3,Moderna,,1
Alpage,Annapurna; 734 route de l'Altiport; Courchevel 1850; Courchevel; 73120; Francia,Courchevel,Francia,3,Moderna,,1
L'Altitude,Le K2 Altitude; 356 route de l'Altiport; Courchevel 1850; Courchevel; 73120; Francia,Courchevel,Francia,3,Clásica,,1
Ed.Em,4 impasse Chenevottes; Chassagne-Montrachet; 21190; Francia,Chassagne-Montrachet,Francia,2,Moderna,,1
La Rotonde des Trésoms,Les Trésoms; 15 boulevard de la Corniche; Annecy; 74000; Francia,Annecy,Francia,3,Moderna,,1
L'Esquisse,21 rue Royale; Annecy; 74000; Francia,Annecy,Francia,3,Moderna,,1
Equilibrio,località Martin 13; Dolcedo; 18020; Italia,Dolcedo,Italia,2,Cocina de Liguria; Actual,Romántico,1
Sarri,Lungomare C. Colombo 108; Borgo Prino; Imperia; 18100; Italia,Imperia,Italia,2,Pescados y mariscos; Moderna,,1
Le Valucien - Château de Vault-de-Lugny,11 rue du Château; Vault-de-Lugny; 89200; Francia,Vault-de-Lugny,Francia,3,Moderna,,1
A Casa di Mà,Route de Calvi; Lumio; 20260; Francia,Lumio,Francia,3,Moderna,,1
Erre,Domaine du Roncemay; Chassy; 89110; Francia,Chassy,Francia,3,Creativa,,1
Ivan Vautier,3 avenue Henry-Chéron; Caen; 14000; Francia,Caen,Francia,2,Moderna,,1
Auprès du Clocher,1 rue de Nackenheim; Pommard; 21630; Francia,Pommard,Francia,3,Moderna,Romántico;Favorito del inspector,1
Il Fuoco Sacro,Strada di Buddeo; San Pantaleo; 07026; Italia,San Pantaleo,Italia,3,Italiana; Cocina mediterránea,Romántico;Terraza agradable,1
Trattoria Zappatori,Corso Torino 34; Pinerolo; 10064; Italia,Pinerolo,Italia,2,Moderna; Regional,Romántico;Mesa del chef,1
Clos du Cèdre,12 boulevard du Maréchal-Foch; Beaune; 21200; Francia,Beaune,Francia,3,Moderna,Romántico,1
Le Carmin,4B place Carnot; Beaune; 21200; Francia,Beaune,Francia,3,Moderna,,1
Table de Levernois,Hostellerie de Levernois; 15 rue du Golf; Levernois; 21200; Francia,Levernois,Francia,3,Moderna,,1
Capogiro,Località Li Mucchi Bianchi; Baia Sardinia; 07021; Italia,Baia Sardinia,Italia,3,Moderna; Sarda,Terraza agradable;Romántico,1
Vignamare,Strada Castello; 20 - Colla Micheri; Andora; 17051; Italia,Andora,Italia,3,Moderna; Cocina de mercado,Romántico;Favorito del inspector,1
Domaine de Châteauvieux,Chemin de Châteauvieux 16; Satigny; 1242; Suiza,Satigny,Suiza,3,Francesa moderna; Francesa,Terraza agradable;Romántico,1
Le Cin5 - Au Cœur du Village,26 montée du Château; La Clusaz; 74220; Francia,La Clusaz,Francia,3,Creativa,,1
Mont Blanc Restaurant & Goûter,16 rue de la Voûte; Hauteluce; 73620; Francia,Hauteluce,Francia,3,Moderna,,1
Ursus,Maison Bouvier - Les Suites; 39 rue du Val-Claret; au Val-Claret; Tignes; 73320; Francia,Tignes,Francia,3,Creativa,Productos locales,1
Le Charlemagne,1 route des Vergelesses; Pernand-Vergelesses; 21420; Francia,Pernand-Vergelesses,Francia,3,Creativa,,1
Italo Bassi Confusion Restaurant,Via Aga Khan 1; Promenade du Port; Porto Cervo; 07021; Italia,Porto Cervo,Italia,3,Creativa; Actual,Grupos;Tendencia,1
La Chaumière by Serge Labrosse,Chemin de la Fondelle 16; Troinex; 1256; Suiza,Troinex,Suiza,2,Francesa moderna; Cocina de mercado,,1
Nove,Via Privata Montagù 9/1; Alassio; 17021; Italia,Alassio,Italia,3,Cocina de Liguria; Creativa,Terraza agradable;Romántico,1
La Table de l'Ours,Les Barmes de l'Ours; 100 montée de Bellevarde; Val-d'Isère; 73150; Francia,Val-d'Isère,Francia,3,Moderna,,1
Gusto by Sadler,Via Tavolara; località Lu Fraili di Sotto; San Teodoro; 07052; Italia,San Teodoro,Italia,3,Moderna,Comer solo,1
Tosca,Rue de la Mairie 8; Ginebra; 1207; Suiza,Ginebra,Suiza,2,Toscana,Comer solo,1
L'Aparté,Rue de Lausanne 43; Ginebra; 1201; Suiza,Ginebra,Suiza,2,Francesa moderna; Cocina de mercado,,1
Il Lago,Quai des Bergues 33; Ginebra; 1201; Suiza,Ginebra,Suiza,3,Italiana; Cocina mediterránea,,1
F.P.Journe Le Restaurant,Rue du Rhône 49; Ginebra; 1200; Suiza,Ginebra,Suiza,2,Francesa moderna,,1
Los Guayres,Avenida de los Marrero 2; Mogán; 35138; España,Mogán,España,3,Moderna; Española,Romántico,1
La Aquarela,Barranco de la Verga; Patalavaca; 35129; España,Patalavaca,España,3,Creativa,Terraza agradable;Romántico,1
El Taller Seve Díaz,San Felipe 32; Puerto de la Cruz; 38400; España,Puerto de la Cruz,España,2,Actual; Creativa,Terraza agradable,1
Arakel,Rue Henri Blanvalet 17; Ginebra; 1207; Suiza,Ginebra,Suiza,2,Moderna; Cocina de temporada,,1
Bayview by Michel Roth,Quai Wilson 47; Ginebra; 1201; Suiza,Ginebra,Suiza,3,Creativa; Cocina mediterránea,Comer solo,1
La Micheline,Avenue de la Gare des Eaux-Vives 3; Ginebra; 1207; Suiza,Ginebra,Suiza,2,Cocina mediterránea; Francesa contemporánea,,1
La Table de l'Alpaga,L'Alpaga; 66 allée des Marmoussets; route du Prariand; Megève; 74120; Francia,Megève,Francia,3,Creativa,Romántico,1
Vous,36 rue Saint-François; Megève; 74120; Francia,Megève,Francia,3,Moderna,Mesa del chef;Comer solo,1
Le Cigalon,Route d'Ambilly 39; Thônex; 1226; Suiza,Thônex,Suiza,2,Pescados y mariscos; Francesa,Mesa del chef,1
Tsé Fung,Route de Lausanne 301; Ginebra; 1293; Suiza,Ginebra,Suiza,2,China,,1
Le Pily,1 rue du Pont-Tournant; Cherbourg-en-Cotentin; 50100; Francia,Cherbourg-en-Cotentin,Francia,2,Creativa,,1
Symbiose,7 avenue Jean-Mermoz; Cabourg; 14390; Francia,Cabourg,Francia,2,Moderna,,1
Ruche,Domaine les Bruyères; 251 avenue de Neuville; Gambais; 78950; Francia,Gambais,Francia,2,Creativa,Productos locales,1
La Table d'Armante,L'Armancette; 4088 route de Saint-Nicolas; Saint-Gervais-les-Bains; 74170; Francia,Saint-Gervais-les-Bains,Francia,3,Moderna,Terraza agradable,1
L'Auberge de Lucinges,67 place de l'Église; Lucinges; 74380; Francia,Lucinges,Francia,3,Moderna,,1
Massimo Camia,Località Fornaci; 17; Novello; 12060; Italia,Novello,Italia,2,Moderna; Piamontesa,Romántico;Comer solo,1
L'Axel,43 rue de France; Fontainebleau; 77300; Francia,Fontainebleau,Francia,3,Moderna,,1
FRE,Località San Sebastiano 68; Monforte d'Alba; 12065; Italia,Monforte d'Alba,Italia,3,Creativa; Actual,Romántico,1
Le Refuge des Gourmets,90 route des Framboises; Machilly; 74140; Francia,Machilly,Francia,3,Moderna,Terraza agradable,1
La Table d'Hôtes - La Rôtisserie du Chambertin,6 rue du Chambertin; Gevrey-Chambertin; 21220; Francia,Gevrey-Chambertin,Francia,3,Moderna,Productos locales,1
La Madeleine,35 quai Boffrand; Sens; 89100; Francia,Sens,Francia,3,Moderna,,1
Maximin Hellio,64 rue Gambetta; Deauville; 14800; Francia,Deauville,Francia,3,Moderna,,1
L'Essentiel,29 rue Mirabeau; Deauville; 14800; Francia,Deauville,Francia,2,Moderna; Creativa,,1
Borgo Sant'Anna,Località Sant'Anna 84; Monforte d'Alba; 12065; Italia,Monforte d'Alba,Italia,3,Regional; Creativa,Terraza agradable;Familiar,1
Guidoristorante,Via Alba 15; Serralunga d'Alba; 12050; Italia,Serralunga d'Alba,Italia,2,Piamontesa; Actual,Un clásico;Grupos,1
Ô Flaveurs,Château de Chilly; 42 route du Crépy; Douvaine; 74140; Francia,Douvaine,Francia,3,Moderna,Terraza agradable,1
Andrea Larossa,Via Sabaudia 4; Turín; 10133; Italia,Turín,Italia,3,Italiana contemporánea; Cocina de temporada,Familiar,1
Dolce Stil Novo alla Reggia,piazza della Repubblica 4; Venaria Reale; 10078; Italia,Venaria Reale,Italia,3,Italiana contemporánea; Cocina de temporada,Un clásico;Terraza agradable,1
Piano35,Corso Inghilterra 3; Turín; 10138; Italia,Turín,Italia,3,Italiana contemporánea; Piamontesa,,1
Unforgettable,Via Lorenzo Valerio 5/b; Turín; 10122; Italia,Turín,Italia,3,Innovadora; Italiana contemporánea,,1
Del Cambio,piazza Carignano 2; Turín; 10123; Italia,Turín,Italia,3,Clásica; Piamontesa,Mesa del chef;Un clásico,1
Auberge de la Charme,12 rue de la Charme; Prenois; 21370; Francia,Prenois,Francia,2,Creativa,,1
Carignano,via Carlo Alberto 35; Turín; 10123; Italia,Turín,Italia,3,Creativa; Cocina de temporada,Un clásico,1
Vintage 1997,Piazza Solferino 16/h; Turín; 10121; Italia,Turín,Italia,2,Italiana; Clásica,Romántico,1
Albert 1er,Hameau Albert-1er; 38 route du Bouchet; Chamonix Mont-Blanc; 74400; Francia,Chamonix-Mont-Blanc,Francia,3,Moderna,Terraza agradable,1
Loiseau des Ducs,3 rue Vauban; Dijon; 21000; Francia,Dijon,Francia,2,Moderna,,1
21.9,Località Carretta 4; Piobesi d'Alba; 12040; Italia,Piobesi d'Alba,Italia,2,Regional; Creativa,,1
Origine,10 place du Président-Wilson; Dijon; 21000; Francia,Dijon,Francia,3,Creativa,,1
Cannavacciuolo Bistrot,via Umberto Cosmo 6; Turín; 10131; Italia,Turín,Italia,3,Creativa; Cocina mediterránea,Tendencia,1
Condividere,via Bologna 20/a; Turín; 10152; Italia,Turín,Italia,3,Italiana contemporánea; Creativa,,1
Locanda del Pilone,Frazione Madonna di Como 34; Alba; 12051; Italia,Alba,Italia,3,Creativa; Moderna,Terraza agradable;Comer solo,1
Séchex Nous,2 route des Meules (Port de Séchex); Margencel; 74200; Francia,Margencel,Francia,2,Moderna,Terraza agradable,1
CIBO,24 rue Jeannin; Dijon; 21000; Francia,Dijon,Francia,3,Moderna,Productos locales,1
L'Aspérule,43 rue Jean-Jacques-Rousseau; Dijon; 21000; Francia,Dijon,Francia,2,Moderna,,1
La Maison des Cariatides,28 rue Chaudronnerie; Dijon; 21000; Francia,Dijon,Francia,3,Moderna,,1
Vescovado,Piazzale Rosselli; Noli; 17026; Italia,Noli,Italia,3,Cocina de Liguria; Moderna,Romántico;Favorito del inspector,1
Ducasse au Château de Versailles - Le Grand Contrôle,12 rue de l'Indépendance-Américaine; Versalles; 78000; Francia,Versalles,Francia,3,Clásica; Francesa,Romántico,1
Gordon Ramsay au Trianon,1 boulevard de la Reine; Versalles; 78000; Francia,Versalles,Francia,3,Creativa,Terraza agradable;Romántico,1
La Table du 11,8 rue de la Chancellerie; Versalles; 78000; Francia,Versalles,Francia,3,Moderna,,1
La Table du Grapiot,3 rue Bagier; Pupillin; 39600; Francia,Pupillin,Francia,2,Moderna,Productos locales,1
La Chaumière,346 avenue du Maréchal-Juin; Dole; 39100; Francia,Dole,Francia,3,Moderna,Terraza agradable,1
La Credenza,Via Cavour 22; San Maurizio Canavese; 10077; Italia,San Maurizio Canavese,Italia,2,Creativa,Romántico;Cocina local,1
La Ciau del Tornavento,Piazza Leopoldo Baracco 7; Treiso; 12050; Italia,Treiso,Italia,2,Italiana contemporánea; Regional,Un clásico;Grupos,1
Le Panoramique - Domaine de la Corniche,5 route de la Corniche; Rolleboise; 78270; Francia,Rolleboise,Francia,2,Moderna,Productos locales,1
All'Enoteca,Via Roma 57; Canale; 12043; Italia,Canale,Italia,2,Piamontesa; Actual,Romántico,1
Château du Mont Joly,6 rue du Mont-Joly; Sampans; 39100; Francia,Sampans,Francia,3,Moderna,,1
L'Escarbille,8 rue de Vélizy; Meudon; 92190; Francia,Meudon,Francia,3,Clásica; Moderna,,1
Frédéric Molina à Forêt Ivre,460 route des 3-Becs; Vailly; 74470; Francia,Vailly,Francia,3,Creativa,Productos locales,1
Kern,393 route de la Tassonnière; Seytroux; 74430; Francia,Seytroux,Francia,2,Moderna,Terraza agradable,1
Le Jardin des Plumes,1 rue du Milieu; Giverny; 27620; Francia,Giverny,Francia,3,Creativa,Terraza agradable,1
Il Centro,Via Umberto I 5; Priocca; 12040; Italia,Priocca,Italia,2,Piamontesa; Clásica,Romántico,1
Maison Avoise,58 promenade du Verger; Issy-les-Moulineaux; 92130; Francia,Issy-les-Moulineaux,Francia,2,Moderna,,1
Le Petit Bellevue,Rue Grand Paradis 22; Cogne; 11012; Italia,Cogne,Italia,3,Italiana contemporánea; Cocina del Valle de Aosta,Un clásico;Romántico,1
Njørden,Place du Marché 15; Aubonne; 1170; Suiza,Aubonne,Suiza,3,Moderna; Escandinava,Romántico,1
Ochre,56 rue du Gué; Rueil-Malmaison; 92500; Francia,Rueil-Malmaison,Francia,3,Moderna,,1
Geoélia,125 rue de la Tour; París; 75116; Francia,París,Francia,3,Moderna,Mesa del chef,1
Pilgrim,8 rue Nicolas-Charlet; París; 75015; Francia,París,Francia,2,Moderna; Creativa,,1
Comice,31 avenue de Versailles; París; 75016; Francia,París,Francia,3,Moderna,Romántico,1
La Grande Cascade,Allée de Longchamp; Bois de Boulogne; París; 75016; Francia,París,Francia,3,Clásica,Terraza agradable,1
Neige d'Été,12 rue de l'Amiral-Roussin; París; 75015; Francia,París,Francia,3,Creativa,Romántico,1
Nakatani,27 rue Pierre-Leroux; París; 75007; Francia,París,Francia,3,Moderna,Romántico,1
L'Archeste,79 rue de la Tour; París; 75016; Francia,París,Francia,3,Moderna,,1
Ōrtensia,4 rue Beethoven; París; 75016; Francia,París,Francia,3,Moderna,Romántico,1
Ca' Vittoria,Via Roma 14; Tigliole; 14016; Italia,Tigliole,Italia,2,Moderna; Actual,Comer solo,1
MoSuke,11 rue Raymond-Losserand; París; 75014; Francia,París,Francia,3,Moderna,,1
Chakaiseki Akiyoshi,59 rue Letellier; París; 75015; Francia,París,Francia,3,Japonesa,Comer solo,1
Il Ristorante di Guido da Costigliole,Località San Maurizio 39; Santo Stefano Belbo; 12058; Italia,Santo Stefano Belbo,Italia,3,Piamontesa; Moderna,Un clásico,1
Nub,Avenida de Bruselas; Adeje; 38660; España,Adeje,España,3,Creativa,Romántico,1
San-Hô,Avenida Virgen de Guadalupe; 21; La Caleta; Adeje; 38679; España,Adeje,España,2,Fusión,Terraza agradable,1
Il Bocconcino by Royal Hideaway,Avenida Virgen de Guadalupe 21; La Caleta; Adeje; 38679; España,Adeje,España,2,Italiana contemporánea,Terraza agradable,1
Donaire,Fernando López Arvelo 1; Planta 4; Adeje; 38660; España,Adeje,España,2,Actual,Un clásico;Romántico,1
Haydée by Víctor Suárez,Unterhaching; Adeje; 38660; España,Adeje,España,3,Actual,Tendencia,1
Trente-Trois,Maison Villeroy; 33 rue Jean-Goujon; París; 75008; Francia,París,Francia,3,Moderna,,1
Bellefeuille - Saint James Paris,Saint James Paris; 5 place du Chancelier-Adenauer; París; 75116; Francia,París,Francia,3,Creativa,,1
Jean Imbert au Plaza Athénée,25 avenue Montaigne; París; 75008; Francia,París,Francia,3,Clásica,,1
Origines Restaurant,6 rue de Ponthieu; París; 75008; Francia,París,Francia,3,Moderna,,1
Gaya par Pierre Gagnaire,6 rue de Saint-Simon; París; 75007; Francia,París,Francia,2,Moderna; Pescados y mariscos,Comer solo,1
Substance,18 rue de Chaillot; París; 75016; Francia,París,Francia,3,Moderna,,1
Imperial Treasure,44 rue de Bassano; París; 75008; Francia,París,Francia,3,China,,1
Zostera,40 rue Pergolèse; París; 75116; Francia,París,Francia,3,Creativa,,1
Baieta,5 rue de Pontoise; París; 75005; Francia,París,Francia,2,Moderna,,1
Nomicos,16 avenue Hubert-Germain; París; 75116; Francia,París,Francia,3,Moderna,,1
Astrance,32 rue de Longchamp; París; 75016; Francia,París,Francia,3,Creativa,Un clásico,1
L'Arôme,3 rue Saint-Philippe-du-Roule; París; 75008; Francia,París,Francia,3,Moderna,,1
Yoshinori,18 rue Grégoire-de-Tours; París; 75006; Francia,París,Francia,3,Moderna,,1
Armani Ristorante,7 place du Québec; París; 75006; Francia,París,Francia,3,Italiana,,1
Le Violon d'Ingres,135 rue Saint-Dominique; París; 75007; Francia,París,Francia,3,Tradicional; Clásica,Un clásico,1
Pages,4 rue Auguste-Vacquerie; París; 75016; Francia,París,Francia,3,Moderna,,1
La Scène Thélème,18 rue Troyon; París; 75017; Francia,París,Francia,3,Moderna,,1
Pertinence,29 rue de l'Exposition; París; 75007; Francia,París,Francia,3,Moderna,,1
Mavrommatis,42 rue Daubenton; París; 75005; Francia,París,Francia,3,Griega; Cocina mediterránea,,1
Auguste,54 rue de Bourgogne; París; 75007; Francia,París,Francia,3,Moderna,,1
Quinsou,33 rue de l'Abbé-Grégoire; París; 75006; Francia,París,Francia,3,Creativa,,1
L'Atelier de Joël Robuchon - Étoile,133 avenue des Champs-Élysées; París; 75008; Francia,París,Francia,3,Moderna,Comer solo,1
114 Faubourg,Le Bristol; 114 rue du Faubourg-Saint-Honoré; París; 75008; Francia,París,Francia,3,Moderna,,1
Lasserre,17 avenue Franklin-D.-Roosevelt; París; 75008; Francia,París,Francia,3,Clásica,Un clásico,1
Onor,258 rue du Faubourg-Saint-Honoré; París; 75008; Francia,París,Francia,3,Moderna,,1
Le Sergent Recruteur,41 rue Saint-Louis-en-l'Île; París; 75004; Francia,París,Francia,3,Moderna,Grupos,1
Granite,6 rue Bailleul; París; 75001; Francia,París,Francia,3,Moderna,Productos locales,1
Les Fresques - Hôtel Royal,960 avenue du Léman; à Neuvecelle; Evian-les-Bains; 74500; Francia,Evian-les-Bains,Francia,3,Moderna,Terraza agradable,1
Le George,Four Seasons George V; 31 avenue George-V; París; 75008; Francia,París,Francia,3,Italiana,,1
Il Carpaccio,Le Royal Monceau; 37 avenue Hoche; París; 75008; Francia,París,Francia,3,Italiana,Terraza agradable,1
Le Tout-Paris,Cheval Blanc Paris; 8 quai du Louvre; París; 75001; Francia,París,Francia,3,Moderna,Terraza agradable,1
HANADA,15 quai Voltaire; París; 75007; Francia,París,Francia,3,Japonesa,Mesa del chef;Comer solo,1
Monsieur Dior by Yannick Alléno,32 avenue Montaigne; París; 75008; Francia,París,Francia,3,Moderna,,1
Chalet Flachaire,24 impasse du Cottage; Abondance; 74360; Francia,Abondance,Francia,2,Moderna,Romántico;Productos locales,1
Prévelle,34 rue Saint-Dominique; París; 75007; Francia,París,Francia,3,Moderna,,1
Aldehyde,5 rue du Pont-Louis-Philippe; París; 75004; Francia,París,Francia,3,Creativa,,1
Solstice,45 rue Claude-Bernard; París; 75005; Francia,París,Francia,3,Moderna,,1
Pavyllon Paris,8 avenue Dutuit; París; 75008; Francia,París,Francia,3,Moderna,Terraza agradable;Comer solo,1
Oxte,5 rue Troyon; París; 75017; Francia,París,Francia,3,Mexicana,,1
AT,4bis rue du Cardinal-Lemoine; París; 75005; Francia,París,Francia,3,Creativa,,1
Tomy & Co,22 rue Surcouf; París; 75007; Francia,París,Francia,2,Moderna,Tendencia,1
Divellec,18 rue Fabert; París; 75007; Francia,París,Francia,3,Pescados y mariscos,Grupos,1
Alan Geaam,19 rue Lauriston; París; 75016; Francia,París,Francia,3,Creativa,,1
ES,91 rue de Grenelle; París; 75007; Francia,París,Francia,3,Moderna; Creativa,,1
Apicius,20 rue d'Artois; París; 75008; Francia,París,Francia,3,Moderna,,1
Ze Kitchen Galerie,4 rue des Grands-Augustins; París; 75006; Francia,París,Francia,3,Creativa; Fusión,,1
Aida,1 rue Pierre-Leroux; París; 75007; Francia,París,Francia,3,Japonesa,Comer solo,1
Relais Louis XIII,8 rue des Grands-Augustins; París; 75006; Francia,París,Francia,3,Clásica,Un clásico,1
Tour d'Argent,15 quai de la Tournelle; París; 75005; Francia,París,Francia,3,Moderna,Un clásico,1
Don Juan II,Port Debilly; París; 75016; Francia,París,Francia,3,Moderna,Romántico,1
Mallory Gabsi,28 rue des Acacias; París; 75017; Francia,París,Francia,3,Moderna,,1
Sola,12 rue de l'Hôtel-Colbert; París; 75005; Francia,París,Francia,3,Creativa; Japonesa,,1
Vecchio Ristoro,Via Tourneuve 4; Aosta; 11100; Italia,Aosta,Italia,3,Cocina del Valle de Aosta; Actual,Comer solo,1
Paolo Griffa al Caffè Nazionale,Piazza Emile Chanoux 9; Aosta; 11100; Italia,Aosta,Italia,3,Creativa; Italiana contemporánea,Mesa del chef;Un clásico,1
Anne,28 place des Vosges; París; 75003; Francia,París,Francia,3,Moderna,Terraza agradable,1
Taste 1973,Avenida de Rafael Puig Lluvina 38; Playa de las Américas; 38650; España,Playa de las Américas,España,3,Creativa,,1
Le Baudelaire,Le Burgundy; 6-8 rue Duphot; París; 75001; Francia,París,Francia,3,Moderna,,1
Héritages,11 rue Treilhard; París; 75008; Francia,París,Francia,3,Moderna,,1
Irwin,22 rue Cambacérès; París; 75008; Francia,París,Francia,3,Moderna,Mesa del chef,1
Pantagruel,10 rue de Richelieu; París; 75001; Francia,París,Francia,3,Moderna,Romántico,1
Le Faham,108 rue Cardinet; París; 75017; Francia,París,Francia,2,Moderna,,1
NESO,3 rue Papillon; París; 75009; Francia,París,Francia,3,Creativa,,1
Automne,11 rue Richard-Lenoir; París; 75011; Francia,París,Francia,3,Moderna,,1
Contraste,18 rue d'Anjou; París; 75008; Francia,París,Francia,3,Moderna,,1
Anona,80 boulevard des Batignolles; París; 75017; Francia,París,Francia,3,Moderna,Productos locales,1
Fleur de Pavé,5 rue Paul-Lelong; París; 75002; Francia,París,Francia,2,Moderna,Comer solo,1
Jacques Faussat,54 rue Cardinet; París; 75017; Francia,París,Francia,2,Tradicional,,1
Qui Plume la Lune,50 rue Amelot; París; 75011; Francia,París,Francia,3,Moderna,,1
Frédéric Simonin,25 rue Bayen; París; 75017; Francia,París,Francia,3,Moderna,,1
Agapé,51 rue Jouffroy-d'Abbans; París; 75017; Francia,París,Francia,3,Moderna,,1
Restaurant H,13 rue Jean-Beausire; París; 75004; Francia,París,Francia,3,Creativa,,1
Pur' - Jean-François Rouquette,Park Hyatt Paris-Vendôme; 5 rue de la Paix; París; 75002; Francia,París,Francia,3,Moderna,,1
Sushi B,5 rue Rameau; París; 75002; Francia,París,Francia,3,Japonesa,Comer solo,1
Géosmine,71 rue de la Folie-Méricourt; París; 75011; Francia,París,Francia,3,Creativa; Moderna,,1
Jin,6 rue de la Sourdière; París; 75001; Francia,París,Francia,3,Japonesa; Sushi,,1
Omar Dhiab,23 rue Hérold; París; 75001; Francia,París,Francia,3,Moderna,,1
Accents Table Bourse,24 rue Feydeau; París; 75002; Francia,París,Francia,3,Moderna,,1
Maison Dubois,2 rue de Vienne; París; 75008; Francia,París,Francia,3,Moderna,,1
Nhome,41 rue de Montpensier; París; 75001; Francia,París,Francia,3,Creativa,Mesa del chef,1
Cannavacciuolo Le Cattedrali Asti,frazione Valleandona 1/b; Asti; 14100; Italia,Asti,Italia,3,Creativa; Cocina mediterránea,,1
Espadon,Ritz Paris; 15 place Vendôme; París; 75001; Francia,París,Francia,3,Creativa,Romántico;Productos locales,1
Maison Ruggieri Palais Royal,111 galerie de Valois; París; 75001; Francia,París,Francia,3,Creativa,,1
Amâlia,32 rue de la Fontaine-au-Roi; París; 75011; Francia,París,Francia,3,Moderna,,1
FIEF,44 rue de la Folie-Méricourt; París; 75011; Francia,París,Francia,3,Moderna; Creativa,Comer solo,1
Lucas Carton,9 place de la Madeleine; París; 75008; Francia,París,Francia,3,Moderna,Un clásico,1
Shabour,19 rue Saint-Sauveur; París; 75002; Francia,París,Francia,3,Creativa,Mesa del chef;Comer solo,1
Akrame,7 rue Tronchet; París; 75008; Francia,París,Francia,3,Creativa,,1
Septime,80 rue de Charonne; París; 75011; Francia,París,Francia,3,Moderna; Creativa,,1
Datil,13 rue des Gravilliers; París; 75003; Francia,París,Francia,3,Moderna,,1
Frenchie,5 rue du Nil; París; 75002; Francia,París,Francia,3,Moderna,Comer solo,1
Vaisseau,35 rue Faidherbe; París; 75011; Francia,París,Francia,3,Creativa,,1
Épisodes,8 rue Meissonier; París; 75017; Francia,París,Francia,3,Creativa,,1
Villa9Trois,71 rue Hoche; Montreuil; 93100; Francia,Montreuil,Francia,2,Moderna,Terraza agradable,1
L'Ours,12 rue de l'Église; Vincennes; 94300; Francia,Vincennes,Francia,3,Moderna; Creativa,Mesa del chef;Tendencia,1
Au 1465,Route du Lac 21; Champex-Lac; 1938; Suiza,Champex-Lac,Suiza,3,Francesa contemporánea; Italiana,Romántico,1
Sushi Shunei,3 rue Audran; París; 75018; Francia,París,Francia,3,Japonesa; Sushi,Comer solo,1
Ugly Butterfly by Adam Handling,The Headland; Headland Road; Fistral Beach; Newquay; TR7 1EW; Reino Unido,Newquay,Reino Unido,3,Inglesa moderna,Terraza agradable;Romántico,1
L'Or Q'idée,14 rue Marcel-Rousier; Pontoise; 95000; Francia,Pontoise,Francia,3,Moderna,,1
Le Bon Accueil,1 chemin de la Grande-Source; Malbuisson; 25160; Francia,Malbuisson,Francia,2,Moderna,Romántico,1
G.a. au Manoir de Rétival,2 rue Saint-Clair; Rives-en-Seine; 76490; Francia,Rives-en-Seine,Francia,3,Moderna; Creativa,Mesa del chef,1
Àclèaf,Boringdon Hill; Colebrook; Devon; Plymouth; PL7 4DP; Reino Unido,Plymouth,Reino Unido,3,Moderna,Romántico,1
La Croix d'Or,Place du Château 1; Ballaigues; 1338; Suiza,Ballaigues,Suiza,2,Francesa; Cocina mediterránea,,1
L'Odas,4 passage Maurice-Lenfant; Ruan; 76000; Francia,Ruan,Francia,2,Creativa,,1
La Vieille Auberge,11 rue du Général-de-Gaulle; Villeneuve-le-Comte; 77174; Francia,Villeneuve-le-Comte,Francia,3,Moderna,,1
La Table d'Adrien,Chemin des Creux; Verbier; 1936; Suiza,Verbier,Suiza,3,Actual; Cocina mediterránea,,1
Restaurant de l'Hôtel de Ville,Place de l'Hôtel-de-Ville 3; Ollon; 1867; Suiza,Ollon,Suiza,3,Francesa contemporánea; Cocina de temporada,,1
Château de Courban,7 rue du Lavoir; Courban; 21520; Francia,Courban,Francia,3,Moderna,,1
Le Berceau des Sens,Route de Berne 301; Lausana; 1000; Suiza,Lausana,Suiza,2,Francesa moderna; Clásica,,1
Stéphane Décotterd,Route de Glion 111; Montreux; 1823; Suiza,Montreux,Suiza,3,Francesa contemporánea,Romántico,1
La Licorne Royale,27 place Isaac-Benserade; Lyons-la-Forêt; 27480; Francia,Lyons-la-Forêt,Francia,3,Moderna,Terraza agradable;Romántico,1
Le Pont de Brent,Route de Blonay 4; Brent; 1807; Suiza,Brent,Suiza,2,Moderna; Regional,,1
Auberge de la Brie,14 avenue Alphonse-Boulingre; Couilly-Pont-aux-Dames; 77860; Francia,Couilly-Pont-aux-Dames,Francia,2,Moderna,,1
Elephant,3-4 Beacon Terrace; Torquay; TQ1 2BH; Reino Unido,Torquay,Reino Unido,2,Inglesa moderna,,1
Paul Ainsworth at No.6,6 Middle Street; Padstow; PL28 8AP; Reino Unido,Padstow,Reino Unido,3,Moderna,Romántico,1
Maison Caillet,22 rue André-Fiquet; Valmont; 76540; Francia,Valmont,Francia,3,Creativa,Productos locales,1
La Grange de Belle-Église,28 boulevard René-Aimé-Lagabrielle; Belle-Église; 60540; Francia,Belle-Église,Francia,2,Clásica,,1
Restaurant GERBER WYSS,Rue du Four 1; Yverdon-les-Bains; 1400; Suiza,Yverdon-les-Bains,Suiza,3,Francesa clásica; Regional,,1
Outlaw's Fish Kitchen,1 Middle Street; Port Isaac; PL29 3RH; Reino Unido,Port Isaac,Reino Unido,3,Pescados y mariscos,,1
Il Marin,Calata Cattaneo; 15; Edificio Millo; Porto Antico; Génova; 16121; Italia,Génova,Italia,2,Pescados y mariscos; Actual,,1
San Giorgio,Viale Brigate Bisagno 69r; Génova; 16129; Italia,Génova,Italia,2,Moderna; Cocina de Liguria,,1
Wood,Via Guido Rey 26; Breuil Cervinia; 11021; Italia,Breuil Cervinia,Italia,3,Creativa; Actual,Comer solo,1
Table de Mary,Route du Gymnase 2; Cheseaux-Noréaz; 1400; Suiza,Cheseaux-Noréaz,Suiza,2,Francesa clásica,,1
Il Patio,Via Giuseppe Arnulfo 4/L; Biella; 13900; Italia,Biella,Italia,2,Regional; Actual,Un clásico;Romántico,1
Le Verbois,6 rue la Grande-Folie; à Saint-Maximin; Chantilly; 60740; Francia,Chantilly,Francia,3,Moderna,,1
Alpine Gourmet Prato Borni,Bahnhofstrasse 55; Zermatt; 3920; Suiza,Zermatt,Suiza,3,Creativa; Regional,,1
Gidleigh Park,Chagford; TQ13 8HH; Reino Unido,Chagford,Reino Unido,3,Moderna,Un clásico;Productos locales,1
L'OURS,Route du Pas de l'Ours 41; Crans-Montana; 3963; Suiza,Crans-Montana,Suiza,3,Moderna; Francesa,Romántico,1
Cracco Portofino,Molo Umberto I 9; Portofino; 16034; Italia,Portofino,Italia,3,Pescados y mariscos; Actual,Un clásico;Terraza agradable,1
Les Montagnards - Le Sommet,Rue de Montsalvens 4; Broc; 1636; Suiza,Broc,Suiza,3,Moderna; Francesa,Romántico,1
Brasserie Uno,Kirchstrasse 38; Zermatt; 3920; Suiza,Zermatt,Suiza,3,Actual; Cocina de temporada,Romántico,1
After Seven,Hofmattstrasse 4; Zermatt; 3929; Suiza,Zermatt,Suiza,3,Creativa,,1
Capri,Hofmattstrasse 12; Zermatt; 3920; Suiza,Zermatt,Suiza,3,Italiana,,1
LeMontBlanc,Chemin du Mont-Blanc 1; Crans-Montana; 3963; Suiza,Crans-Montana,Suiza,3,Francesa moderna; Cocina de temporada,Terraza agradable,1
Lympstone Manor,Courtlands Lane; Lympstone; EX8 3NZ; Reino Unido,Lympstone,Reino Unido,3,Francesa moderna,Romántico,1
Hostellerie la Montagne,10 rue Pisseloup; Colombey-les-Deux-Églises; 52330; Francia,Colombey-les-Deux-Églises,Francia,2,Moderna,Terraza agradable;Romántico,1
L'Orée de la Forêt,255 rue de la Forêt; Étouy; 60600; Francia,Étouy,Francia,3,Moderna,Terraza agradable;Productos locales,1
Rezzano Cucina e Vino,Via Asilo Maria Teresa 34; Sestri Levante; 16039; Italia,Sestri Levante,Italia,2,Cocina mediterránea; Cocina de mercado,Familiar;Favorito del inspector,1
Impronta d'Acqua,Via Aurelia 2121; Cavi di Lavagna; 16030; Italia,Cavi di Lavagna,Italia,2,Italiana contemporánea; Creativa,Romántico,1
Auberge de la Croix Blanche,Route de Donatyre 22; Villarepos; 1583; Suiza,Villarepos,Suiza,2,Clásica; Cocina de temporada,,1
Le Pérolles,Boulevard de Pérolles 1; Friburgo; 1700; Suiza,Friburgo,Suiza,3,Francesa contemporánea; Creativa,Comer solo;Romántico,1
Des Trois Tours,Route de Bourguillon 15; Friburgo; 1722; Suiza,Friburgo,Suiza,3,Francesa contemporánea; Innovadora,Terraza agradable;Grupos,1
Les Voiles d'Or,2 chemin de la Falaise; à Neuville-lès-Dieppe; Dieppe; 76200; Francia,Dieppe,Francia,2,Moderna; Pescados y mariscos,,1
Alpenblick - Stuba,Dorfstrasse 9; Adelboden; 3715; Suiza,Adelboden,Suiza,3,Moderna; Cocina de temporada,,1
L'Étang du Moulin,5 chemin de l'Étang-du-Moulin; Bonnétage; 25210; Francia,Bonnétage,Francia,3,Moderna,,1
Cannavacciuolo by the Lake,Via Legro 33; Pettenasco; 28028; Italia,Pettenasco,Italia,2,Actual; Moderna,Romántico;Terraza agradable,1
Al Sorriso,Via Roma 18; Soriso; 28010; Italia,Soriso,Italia,3,Piamontesa; Moderna,,1
Andrea Monesi - Locanda di Orta,Via Olina 14; Orta San Giulio; 28016; Italia,Orta San Giulio,Italia,3,Regional; Creativa,Merece la espera;Romántico,1
I Castagni,Via Ottobiano 8/20; Vigevano; 27029; Italia,Vigevano,Italia,2,Clásica; Regional,Familiar;Cocina local,1
Villa Naj,Via Riccagioia 48; Torrazza Coste; 27050; Italia,Torrazza Coste,Italia,2,Moderna; Italiana contemporánea,Romántico,1
Alcôve,Hostellerie Briqueterie Champagne; 4 route de Sézanne; Vinay; 51530; Francia,Vinay,Francia,3,Moderna,Terraza agradable,1
Aux Trois Amis,Untergasse 17; Ligerz; 2514; Suiza,Ligerz,Suiza,2,Regional,Terraza agradable,1
Atelier,Piazza Matteotti 36; Domodossola; 28845; Italia,Domodossola,Italia,2,Actual; Regional,Comer solo,1
Centric Dining,Seestrasse 47; Thun; 3602; Suiza,Thun,Suiza,3,Moderna; Cocina de temporada,Mesa del chef;Terraza agradable,1
Le Royal,Hameau de Bellevue; 9 rue de la République; Champillon; 51160; Francia,Champillon,Francia,3,Creativa,Romántico,1
Panorama - Cayenne,Hartlisbergstrasse 39; Steffisburg; 3612; Suiza,Steffisburg,Suiza,2,Francesa moderna; Creativa,Terraza agradable,1
Wein & Sein,Münstergasse 50; Berna; 3011; Suiza,Berna,Suiza,3,Moderna; Cocina de mercado,Romántico,1
ZOE,Münstergasse 39; Berna; 3011; Suiza,Berna,Suiza,3,Vegetariana; Moderna,Romántico;Tendencia,1
Du Cerf,Rue du Collège 4; Sonceboz; 2605; Suiza,Sonceboz,Suiza,3,Francesa clásica; Cocina de mercado,,1
Jérôme Feck,19 place Monseigneur-Tissier; Châlons-en-Champagne; 51000; Francia,Châlons-en-Champagne,Francia,2,Moderna,,1
La Table de Courcelles - Château de Courcelles,8 rue du Château; Courcelles-sur-Vesle; 02220; Francia,Courcelles-sur-Vesle,Francia,3,Moderna,Romántico,1
Du Bourg,Burggasse 12; Biel; 2502; Suiza,Biel,Suiza,3,Moderna,,1
Le Grand Cerf,50 route Nationale; Montchenot; 51500; Francia,Montchenot,Francia,3,Clásica,Romántico,1
Alpenblick,Oberdorfstrasse 3; Wilderswil; 3812; Suiza,Wilderswil,Suiza,3,Actual; Cocina de temporada,,1
Acquerello,Via Patrioti 5; Fagnano Olona; 21054; Italia,Fagnano Olona,Italia,3,Creativa,,1
Locanda de Banchieri,Via Porredo 32; Fosdinovo; 54035; Italia,Fosdinovo,Italia,2,Regional; Cocina de mercado,Productos locales;Cocina local,1
Acqua,Via Filippo Corridoni 1; Olgiate Olona; 21057; Italia,Olgiate Olona,Italia,3,Pescados y mariscos; Actual,,1
Radius by Stefan Beer,Höheweg 41; Interlaken; 3800; Suiza,Interlaken,Suiza,3,Regional; Suiza,Comer solo,1
Auberge de la Grive,5 rue du Logis; Trosly-Loire; 02300; Francia,Trosly-Loire,Francia,2,Moderna,Mesa del chef;Productos locales,1
Olmo,Piazza della Chiesa 7; loc. San Pietro all'Olmo; Cornaredo; 20007; Italia,Cornaredo,Italia,3,Moderna; Creativa,Romántico;Tendencia,1
Sonne,Scheunenberg 70; Wengi bei Büren; 3251; Suiza,Wengi bei Büren,Suiza,3,Actual; Internacional,Terraza agradable,1
La Palta,Località Bilegno 67; Borgonovo Val Tidone; 29011; Italia,Borgonovo Val Tidone,Italia,2,Regional; Creativa,Terraza agradable;Cocina local,1
La Magnolia,Viale Morin 46; Forte dei Marmi; 55042; Italia,Forte dei Marmi,Italia,3,Moderna; Creativa,,1
Lux Lucis,Viale A. Morin 67; Forte dei Marmi; 55042; Italia,Forte dei Marmi,Italia,3,Creativa; Italiana contemporánea,Romántico;Tendencia,1
Bistrot,Viale Franceschi 14; Forte dei Marmi; 55042; Italia,Forte dei Marmi,Italia,3,Pescados y mariscos; Italiana contemporánea,Romántico;Tendencia,1
La Pineta,Via dei Cavalleggeri Nord 27; Marina di Bibbona; 57020; Italia,Marina di Bibbona,Italia,2,Pescados y mariscos; Clásica,Un clásico,1
Lorenzo,Via Carducci 61; Forte dei Marmi; 55042; Italia,Forte dei Marmi,Italia,2,Pescados y mariscos; Italiana,Un clásico,1
Lunasia,Viale Daniele Manin 4a; Viareggio; 55049; Italia,Viareggio,Italia,3,Moderna; Regional,Romántico,1
Il Luogo Aimo e Nadia,Via Montecuccoli 6; Milán; 20147; Italia,Milán,Italia,3,Italiana contemporánea; Moderna,,1
Sciabola,Via XX Settembre 28; Forte dei Marmi; 55042; Italia,Forte dei Marmi,Italia,3,Creativa; Cocina mediterránea,Mesa del chef;Romántico,1
1910 Gourmet by Hausers,Dorfstrasse 53; Grindelwald; 3818; Suiza,Grindelwald,Suiza,3,Actual,,1
Romano,Via Mazzini 120; Viareggio; 55049; Italia,Viareggio,Italia,3,Pescados y mariscos,,1
Le Millénaire,4-6 rue Bertin; Reims; 51100; Francia,Reims,Francia,3,Moderna; Creativa,Romántico,1
Abba,Via Varesina 177; Milán; 20156; Italia,Milán,Italia,1,Actual; Creativa,Favorito del inspector,1
Le Pot d'Étain,4 avenue de la République; Danjoutin; 90400; Francia,Danjoutin,Francia,2,Moderna,Romántico;Grupos,1
Contraste,via Giuseppe Meda 2; Milán; 20136; Italia,Milán,Italia,3,Moderna; Innovadora,Romántico;Tendencia,1
Olio,SP233 Varesina 1; Origgio; 21040; Italia,Origgio,Italia,2,Pescados y mariscos; Italiana contemporánea,,1
Fiescherblick,Dorfstrasse 203; Grindelwald; 3818; Suiza,Grindelwald,Suiza,2,Moderna; Cocina de temporada,Terraza agradable,1
Procaccini,Via Giulio Cesare Procaccini 33; Milán; 20154; Italia,Milán,Italia,3,Moderna; Actual,Mesa del chef,1
Sadler,Via dell'Annunciata 14; Milán; 20121; Italia,Milán,Italia,3,Italiana; Pescados y mariscos,Romántico,1
IYO,Via Piero della Francesca 74; Milán; 20154; Italia,Milán,Italia,3,Japonesa; Asiática contemporánea,Tendencia,1
Cracco in Galleria,Galleria Vittorio Emanuele II; Milán; 20121; Italia,Milán,Italia,3,Moderna; Actual,,1
Horto,Via San Protaso 5; Milán; 20121; Italia,Milán,Italia,3,Moderna; Bio,,1
sui generis.,Via Roma 35; Saronno; 21047; Italia,Saronno,Italia,3,Creativa,,1
Anima,Via Gaspare Rosales 4; Milán; 20124; Italia,Milán,Italia,3,Actual; Creativa,,1
Joia,Via Panfilo Castaldi 18; Milán; 20124; Italia,Milán,Italia,3,Vegetariana; Cocina de temporada,Un clásico;Productos locales,1
Berton,Via Mike Bongiorno 13; Milán; 20124; Italia,Milán,Italia,3,Italiana contemporánea; Creativa,Mesa del chef;Un clásico,1
Sine by Di Pinto,Viale Umbria 126; Milán; 20135; Italia,Milán,Italia,3,Italiana contemporánea; Cocina de Campania,Romántico,1
Trattoria contemporanea,Via del Ronco 10; Lomazzo; 22074; Italia,Lomazzo,Italia,3,Italiana contemporánea; Creativa,Grupos,1
Moebius Sperimentale,Via Cappelini 25; Milán; 20124; Italia,Milán,Italia,3,Creativa; Moderna,Mesa del chef;Tendencia,1
IYO Kaiseki,Piazza Alvar Aalto 9N02; Milán; 20124; Italia,Milán,Italia,2,Japonesa; Sushi,Mesa del chef;Tendencia,1
Osip,25 Kingsettle Hill; Hardway; Bruton; BA10 0LN; Reino Unido,Bruton,Reino Unido,3,Inglesa moderna,Romántico;Productos locales,1
Zur Gedult,Metzgergasse 12; Burgdorf; 3400; Suiza,Burgdorf,Suiza,3,Moderna; Creativa,Romántico,1
Burnel,22 rue Jeanne-d'Arc; Rouvres-en-Xaintois; 88500; Francia,Rouvres-en-Xaintois,Francia,2,Moderna,,1
Osteria Enoteca Cuntitt,Via alla Chiesa 8; Castel San Pietro; 6874; Suiza,Castel San Pietro,Suiza,2,Italiana contemporánea; Cocina de temporada,,1
La Trattoria Enrico Bartolini,Località Badiola; Castiglione della Pescaia; 58043; Italia,Castiglione della Pescaia,Italia,3,Cocina mediterránea; Actual,Romántico,1
Château Attisholz - Le feu,Attisholzstrasse 3; Riedholz; 4533; Suiza,Riedholz,Suiza,3,Francesa; Actual,,1
THE VIEW,Via Guidino 29; Lugano; 6900; Suiza,Lugano,Suiza,3,Italiana contemporánea; Moderna,,1
I Due Sud,riva Antonio Caccia 7; Lugano; 6900; Suiza,Lugano,Suiza,3,Cocina mediterránea; Internacional,Romántico,1
La Coldana,Cascina Coldana; via del Costino; Lodi; 26900; Italia,Lodi,Italia,1,Actual; Cocina de temporada,Romántico;Grupos,1
Kitchen,Via per Cernobbio 41/a; Como; 22100; Italia,Como,Italia,3,Italiana contemporánea,Romántico,1
Bracali,Via di Perolla 2; Ghirlanda; 58020; Italia,Ghirlanda,Italia,3,Italiana contemporánea; Creativa,Comer solo,1
Felix Lo Basso Restaurant,Via Fomelino 10; Lugano; 6900; Suiza,Lugano,Suiza,3,Italiana contemporánea; Cocina mediterránea,Mesa del chef,1
Osteria dell'Enoteca,contrada Maggiore 24; Losone; 6616; Suiza,Losone,Suiza,3,Cocina mediterránea; Cocina de temporada,,1
Materia,Via Trieste 1/B; Cernobbio; 22012; Italia,Cernobbio,Italia,3,Creativa; Moderna,,1
Cannavacciuolo Vineyard,via del Teatro 8; Casanova di Terricciola; 56030; Italia,Casanova di Terricciola,Italia,2,Italiana contemporánea; Moderna,Terraza agradable;Romántico,1
Locanda Barbarossa,via Muraccio 142; Ascona; 6612; Suiza,Ascona,Suiza,3,Cocina mediterránea; Cocina de temporada,Terraza agradable,1
Il Pellicano,Località Lo Sbarcatello; Porto Ercole; 58018; Italia,Porto Ercole,Italia,3,Creativa; Italiana contemporánea,Un clásico;Terraza agradable,1
Grow Restaurant,Via San Valerio 4; Albiate; 20847; Italia,Albiate,Italia,2,Cocina de mercado; Creativa,Productos locales;Cocina local,1
Il Sereno Al Lago,Via Torrazza 10; Torno; 22020; Italia,Torno,Italia,3,Moderna; Actual,Terraza agradable;Comer solo,1
META,Piazza della Riforma 9; Lugano; 6900; Suiza,Lugano,Suiza,3,Italiana; Fusión,Tendencia,1
Maré by Rafael Cagali,60 Church Road; Brighton and Hove; BN3 2FP; Reino Unido,Brighton and Hove,Reino Unido,2,Moderna,Romántico,1
Wiesner Mysterion - Wiesner - Zauber,Bramboden 6; Romoos; 6167; Suiza,Romoos,Suiza,3,Creativa; Regional,Productos locales,1
Les Ducs de Lorraine,5 avenue de Provence; Epinal; 88000; Francia,Épinal,Francia,3,Moderna,Terraza agradable,1
Il Cantuccio,Via Dante 32; Albavilla; 22031; Italia,Albavilla,Italia,2,Moderna,Familiar;Grupos,1
Butterfly,SS 12 del Brennero 192; Marlia; 55012; Italia,Marlia,Italia,3,Italiana; Moderna,Romántico,1
Le M - Domaine de Montagne,5001 route de Frère-Joseph; Ventron; 88310; Francia,Ventron,Francia,3,Moderna,Romántico,1
Wirtshaus Zur Säge,Steinrain 5; Flüh; 4112; Suiza,Flüh,Suiza,3,Francesa clásica; Cocina de mercado,,1
San Martino,Viale Cesare Battisti 3; Treviglio; 24047; Italia,Treviglio,Italia,2,Pescados y mariscos,,1
Home,1 Royal Buildings; Stanwell Road; Penarth; CF64 3EB; Reino Unido,Penarth,Reino Unido,3,Moderna,Romántico,1
Le Pavillon - Hôtel Westminster,Avenue du Verger; Le Touquet-Paris-Plage; 62520; Francia,Le Touquet-Paris-Plage,Francia,3,Creativa,,1
Locanda Orico,via Orico 13; Bellinzona; 6500; Suiza,Bellinzona,Suiza,3,Cocina mediterránea; Cocina de temporada,,1
Ben Wilkinson at The Pass,South Lodge Hotel & Spa; Brighton Road; Lower Beeding; RH13 6PS; Reino Unido,Lower Beeding,Reino Unido,3,Inglesa moderna,,1
Saporium,Località Palazzetto 110; Chiusdino; 53012; Italia,Chiusdino,Italia,3,Italiana contemporánea; Creativa,Terraza agradable;Productos locales,1
Auberge Saint-Laurent,1 rue de la Fontaine; Sierentz; 68510; Francia,Sierentz,Francia,2,Moderna; Tradicional,Terraza agradable;Familiar,1
Restaurant LA,St. Johanns-Vorstadt 13; Basilea; 4056; Suiza,Basilea,Suiza,2,Cocina de temporada,,1
Olive Tree,The Queensberry Hotel; 4-7 Russel Street; Bath; BA1 2QF; Reino Unido,Bath,Reino Unido,3,Moderna,Romántico,1
Beach House,Oxwich Beach; Oxwich; SA3 1LS; Reino Unido,Oxwich,Reino Unido,3,Moderna,Terraza agradable,1
Il Cortile,11 rue des Franciscains; Mulhouse; 68100; Francia,Mulhouse,Francia,2,Cocina mediterránea; Italiana,Terraza agradable,1
Interlude,Leonardslee Gardens; Brighton Road; Lower Beeding; RH13 6PP; Reino Unido,Lower Beeding,Reino Unido,3,Creativa,Productos locales,1
Gorse,186-188 Kings Road; Cardiff; CF11 9DF; Reino Unido,Cardiff,Reino Unido,3,Inglesa moderna,,1
The Japanese by The Chedi at Gütsch,Gotthardstrasse 4; Andermatt; 6490; Suiza,Andermatt,Suiza,3,Japonesa contemporánea; Fusión,Terraza agradable,1
Ackermannshof,St.-Johanns-Vorstadt 21; Basilea; 4056; Suiza,Basilea,Suiza,3,Cocina mediterránea; Moderna,,1
GÜTSCH by Markus Neff,Bergstation Gütsch-Express; Andermatt; 6490; Suiza,Andermatt,Suiza,2,Francesa clásica; Cocina de mercado,Terraza agradable,1
Le 7ème Continent,35 avenue du Général-de-Gaulle; Rixheim; 68170; Francia,Rixheim,Francia,3,Moderna,Romántico,1
Le Murenberg,Krummackerstrasse 4; Bubendorf; 4416; Suiza,Bubendorf,Suiza,2,Clásica; Moderna,Terraza agradable,1
Seerestaurant Belvédère,Seestrasse 18a; Hergiswil; 6052; Suiza,Hergiswil,Suiza,3,Moderna; Internacional,Terraza agradable,1
Antica Corte Pallavicina,Strada del Palazzo Due Torri 3; Polesine Parmense; 43016; Italia,Polesine Parmense,Italia,2,Regional; Moderna,Un clásico;Cocina local,1
Linfa,Piazza Sant'Agostino 19a; San Gimignano; 53037; Italia,San Gimignano,Italia,3,Creativa; Regional,,1
Eckert | Fine Dining,Basler Straße 20; Grenzach-Wyhlen; 79639; Alemania,Grenzach-Wyhlen,Alemania,3,Creativa; Moderna,Terraza agradable,1
Cucina Cereda,via Piazzini 33; Ponte San Pietro; 24036; Italia,Ponte San Pietro,Italia,2,Moderna; Cocina de Lombardía,Productos locales;Cocina local,1
Café GUPI,Römerstraße 1; Weil am Rhein; 79576; Alemania,Weil am Rhein,Alemania,1,Actual; Cocina de temporada,,1
Sonnenberg le soir,Zumhofstrasse 258; Kriens; 6010; Suiza,Kriens,Suiza,2,Francesa; Internacional,Familiar,1
UniQuisine Atelier,Stanserstrasse 23; Stansstad; 6362; Suiza,Stansstad,Suiza,3,Moderna; Creativa,,1
Traube,Baslerstrasse 211; Trimbach; 4632; Suiza,Trimbach,Suiza,3,Francesa contemporánea,,1
Traube,Alemannenstraße 19; Efringen-Kirchen; 79588; Alemania,Efringen-Kirchen,Alemania,3,Moderna; Creativa,,1
Wilsons,24 Chandos Road; Bristol; BS6 6PF; Reino Unido,Bristol,Reino Unido,2,Inglesa moderna,Productos locales,1
Bulrush,21 Cotham Road South; Bristol; BS6 5TZ; Reino Unido,Bristol,Reino Unido,3,Inglesa moderna,,1
de MATOS,Burgerstrasse 5; Lucerna; 6003; Suiza,Lucerna,Suiza,2,Creativa,Romántico,1
Lucide,Europaplatz 1; Lucerna; 6005; Suiza,Lucerna,Suiza,3,Actual; Clásica,Mesa del chef,1
L'Orchidée,47 rue de la 1ère Armée-Française; Ensisheim; 68190; Francia,Ensisheim,Francia,3,Thai,Romántico,1
Osteria della Brughiera,Via Brughiera 49; Villa d'Almè; 24018; Italia,Villa d'Almè,Italia,3,Italiana contemporánea; Creativa,Romántico,1
Minamo,Haldenstrasse 10; Lucerna; 6002; Suiza,Lucerna,Suiza,3,Japonesa,Comer solo,1
Maihöfli by UniQuisine,Maihofstrasse 70; Lucerna; 6006; Suiza,Lucerna,Suiza,2,Creativa; Innovadora,Comer solo,1
Restaurant Hywel Jones by Lucknam Park,Lucknam Park; Colerne; SN14 8AZ; Reino Unido,Colerne,Reino Unido,3,Inglesa moderna,,1
Inkiostro,Via San Leonardo 124; Parma; 43122; Italia,Parma,Italia,3,Creativa; Actual,Romántico,1
Impronte,Via Cristoforo Baioni 38; Bérgamo; 24123; Italia,Bérgamo,Italia,3,Moderna; Cocina mediterránea,Comer solo,1
Assonica,Via Don Santo Carminati 9; Sorisole; 24010; Italia,Sorisole,Italia,2,Italiana contemporánea; Creativa,,1
Gravetye Manor,Vowels Lane; East Grinstead; RH19 4LJ; Reino Unido,East Grinstead,Reino Unido,3,Inglesa moderna,Productos locales,1
La Maison dans le Parc,3 rue Sainte-Catherine; Nancy; 54000; Francia,Nancy,Francia,2,Creativa,Terraza agradable;Productos locales,1
Il Saraceno,Piazza Don Verdelli 2; Cavernago; 24050; Italia,Cavernago,Italia,3,Cocina mediterránea; Moderna,Familiar,1
La Nouvelle Auberge,9 route Nationale; Wihr-au-Val; 68230; Francia,Wihr-au-Val,Francia,2,Moderna,,1
La Sala dei Grappoli,Castello di Poggio alle Mura; Montalcino; 53024; Italia,Montalcino,Italia,3,Moderna; Actual,Terraza agradable;Comer solo,1
Bybrook,West Street; Castle Combe; SN14 7HX; Reino Unido,Castle Combe,Reino Unido,3,Inglesa moderna,,1
Château d'Adoménil,7 route Mathieu-de-la-Haye - Adoménil-Rehainviller; Lunéville; 54300; Francia,Lunéville,Francia,3,Moderna,Romántico,1
Ca' Matilde,Via Polita 14; Rubbianino; 42020; Italia,Rubbianino,Italia,3,Italiana contemporánea,Terraza agradable;Romántico,1
Regina Montium,Staffelhöhenweg 35; Rigi Kaltbad; 6356; Suiza,Rigi Kaltbad,Suiza,3,Creativa; Suiza,Productos locales,1
La Torre,Strada Spicciano 7; Tavarnelle Val di Pesa; 50028; Italia,Tavarnelle Val di Pesa,Italia,3,Creativa; Actual,Romántico;Productos locales,1
CUT,The Shoppes at Marina Bay Sands; Galleria Level; #B1-71; 10 Bayfront Avenue; Singapore; 018972; Singapur,Singapore,Singapur,2,Steakhouse,Romántico;Familiar,1
Chestnut,Staball Hill; Ballydehob; P81 X681; Irlanda,Ballydehob,Irlanda,3,Moderna,,1
Araya,Mondrian Duxton; #01-08; 83 Neil Road; Singapore; 089813; Singapur,Singapore,Singapur,3,Innovadora; Chilena,Mesa del chef;Comer solo,1
Willow,39 HongKong Street; Singapore; 059678; Singapur,Singapore,Singapur,2,Asiática contemporánea,,1
Born,#01-01; 1 Neil Road; Singapore; 088804; Singapur,Singapore,Singapur,3,Innovadora,,1
Summer Pavilion,The Ritz-Carlton; Millenia; Level 3; 7 Raffles Avenue; Singapore; 039799; Singapur,Singapore,Singapur,1,Cantonesa,Familiar;Grupos,1
Nouri,72 Amoy Street; Singapore; 069891; Singapur,Singapore,Singapur,3,Innovadora,Familiar,1
Waku Ghin,The Shoppes at Marina Bay Sands; Level 2 Dining; L2-03; 10 Bayfront Avenue; Singapore; 018956; Singapur,Singapore,Singapur,3,Japonesa contemporánea,Mesa del chef,1
Labyrinth,Esplanade Mall; #02-23; Marina Bay Promenade; 8 Raffles Avenue; Singapore; 039802; Singapur,Singapore,Singapur,2,Innovadora; Cocina de Singapur,Romántico,1
Shisen Hanten,Hilton Orchard; Level 35; 333 Orchard Road; Singapore; 238867; Singapur,Singapore,Singapur,1,Cocina de Sichuan; Cantonesa,Grupos,1
Lei Garden,Chijmes; #01-24; 30 Victoria Street; Singapore; 187996; Singapur,Singapore,Singapur,1,Cantonesa,Familiar;Grupos,1
Lerouy,7 Mohamed Sultan Road; Singapore; 238957; Singapur,Singapore,Singapur,2,Francesa contemporánea,Comer solo,1
Jag,Singapore Tyler Print Institute; #02-02; 41 Robertson Quay; Singapore; 238236; Singapur,Singapore,Singapur,2,Francesa contemporánea,,1
Whitegrass,Chijmes; #01-26/27; 30 Victoria Street; Singapore; 187996; Singapur,Singapore,Singapur,2,Francesa contemporánea,Romántico,1
Sushi Ichi,Marriott Tang Plaza Hotel; #01-04; 320 Orchard Road; Singapore; 238865; Singapur,Singapore,Singapur,3,Sushi,,1
Buona Terra,29 Scotts Road; Singapore; 228224; Singapur,Singapore,Singapur,2,Italiana contemporánea,Romántico,1
Iggy's,voco Orchard; Level 3; 581 Orchard Road; Singapore; 238883; Singapur,Singapore,Singapur,2,Europea contemporánea,Romántico,1
Imperial Treasure Fine Teochew Cuisine (Orchard),ION Orchard; #03-05; 2 Orchard Turn; Singapore; 238801; Singapur,Singapore,Singapur,1,Cocina de Teochew,Familiar,1
Summer Palace,Conrad Orchard; Level 3; 1 Cuscaden Road; Singapore; 249715; Singapur,Singapore,Singapur,2,Cantonesa,Familiar;Grupos,1
Omakase @ Stevens,#01-03; 30 Stevens Road; Singapore; 257840; Singapur,Singapore,Singapur,3,Innovadora,Comer solo,1
Pangium,Gallop Entrance; Singapore Botanic Gardens; 11 Gallop Road; Singapore; 259015; Singapur,Singapore,Singapur,2,Peranakan,Romántico,1
GEN,8 Fusing 4th Road; Cianjhen District; Kaohsiung; Taiwán,Kaohsiung,Taiwán,3,Cantonesa,Romántico,1
Candlenut,17A Dempsey Road; Singapore; 249676; Singapur,Singapore,Singapur,1,Peranakan,Familiar;Grupos,1
HAILI,2F; 264-1 Chenggong 1st Road; Qianjin District; Kaohsiung; 801; Taiwán,Kaohsiung,Taiwán,2,Moderna,Comer solo,1
Long Trieu,4F; The Reverie Saigon; Times Square Building; 22-36 Nguyen Hue Boulevard; Saigon Ward; Ho Chi Minh City; 700000; Vietnam,Ho Chi Minh City,Vietnam,3,Cantonesa,Familiar;Grupos,1
Coco Dining,143 Nam Ky Khoi Nghia Street; Xuan Hoa Ward; Ho Chi Minh City; 700000; Vietnam,Ho Chi Minh City,Vietnam,2,Innovadora,Romántico,1
L'Atelier par Yao,2F; 68 Xinfu 16th Street; Taiping District; Taichung; 411; Taiwán,Taichung,Taiwán,2,Francesa contemporánea,Romántico,1
Oretachi No Nikuya,194-1 Gongyi Road; West District; Taichung; 403; Taiwán,Taichung,Taiwán,2,Barbacoa,,1
Sur-,3F; 29 Zhongshan Road; Central District; Taichung; 400; Taiwán,Taichung,Taiwán,2,Taiwanesa contemporánea,Romántico,1
de nuit,175; Section 4; Xinyi Road; Da'an District; Taipei; Taiwán,Taipei,Taiwán,3,Francesa contemporánea,Romántico,1
YUENJI,5 Anhe East Road; Xitun District; Taichung; 407022; Taiwán,Taichung,Taiwán,3,Taiwanesa,Grupos,1
Fujin Tree Taiwanese Cuisine & Champagne (Songshan),17; Lane 199; Dunhua North Road; Songshan District; Taipei; Taiwán,Taipei,Taiwán,1,Taiwanesa,Familiar;Grupos,1
Wok by O'BOND,18 Long Jiang Road; Zhongshan District; Taipei; 104099; Taiwán,Taipei,Taiwán,2,Creativa,Romántico,1
ZEA,5; Alley 20; Lane 300; Section 4; Ren'ai Road; Da’an District; Taipei; Taiwán,Taipei,Taiwán,3,Latinoamericana,Mesa del chef;Comer solo,1
Mountain and Sea House,94; Section 2; Ren'ai Road; Zhongzheng District; Taipei; 100; Taiwán,Taipei,Taiwán,2,Taiwanesa,Productos locales,1
Hosu,17; Alley 20; Lane 300; Section 4; Ren’ai Road; Da’an District; Taipei; Taiwán,Taipei,Taiwán,2,Taiwanesa contemporánea,Productos locales,1
aMaze,598 Mingshui Road; Zhongshan District; Taipei; Taiwán,Taipei,Taiwán,3,Creativa,Romántico,1
Ad Astra,23; Lane 45; Section 2; Zhongshan North Road; Zhongshan District; Taipei; 10450; Taiwán,Taipei,Taiwán,3,Europea contemporánea,Mesa del chef,1
SENS,12; Lane 127; Section 3; Minsheng East Road; Songshan District; Taipei; 105; Taiwán,Taipei,Taiwán,3,Francesa contemporánea,Romántico,1
Sushi Ryu,60-5; Section 2; Xinsheng North Road; Zhongshan District; Taipei; 104; Taiwán,Taipei,Taiwán,3,Sushi,Comer solo,1
A Cut,2F; Fubon Liaoning Building; 177 Liaoning Street; Zhongshan District; Taipei; 104105; Taiwán,Taipei,Taiwán,3,Steakhouse,Romántico,1
Ban Bo,38; Lane 265; Lequn 2nd Road; Zhongshan District; Taipei; Taiwán,Taipei,Taiwán,2,Taiwanesa contemporánea,Romántico,1
Sushi Kajin,28 Jilin Road; Zhongshan District; Taipei; 104; Taiwán,Taipei,Taiwán,3,Sushi,Comer solo,1
Impromptu by Paul Lee,B1; Regent Hotel; 3; Lane 39; Section 2; Zhongshan North Road; Zhongshan District; Taipei; 104; Taiwán,Taipei,Taiwán,3,Innovadora,Comer solo,1
Ya Ge,3F; Mandarin Oriental Hotel; 158 Dunhua North Road; Songshan District; Taipei; 105; Taiwán,Taipei,Taiwán,3,Cantonesa,Grupos,1
Tien Hsiang Lo,B1; The Landis; 41; Section 2; Minquan East Road; Zhongshan District; Taipei; 104; Taiwán,Taipei,Taiwán,2,Cocina de Hangzhou,Grupos,1
Sushi Akira,6-3; Lane 25; Shuangcheng Street; Zhongshan District; Taipei; 104; Taiwán,Taipei,Taiwán,3,Sushi,,1
Golden Formosa,101 Tianmu East Road; Shilin District; Taipei; 111; Taiwán,Taipei,Taiwán,1,Taiwanesa,Un clásico;Familiar,1
Sushi An,62; Section 1; Jiafeng South Road; Zhubei City; Hsinchu County; Taiwán,Hsinchu County,Taiwán,3,Sushi,Comer solo;Favorito del inspector,1
Il Ristorante - Niko Romito,40F; Bvlgari Hotel Tokyo; 2-2-1 Yaesu; Chuo-ku; Tokyo; 104-0028; Japón,Tokyo,Japón,2,Italiana,Romántico;Grupos,1
Héritage by Kei Kobayashi,45F; The Ritz-Carlton; Tokyo; 9-7-1 Akasaka; Minato-ku; Tokyo; 107-6245; Japón,Tokyo,Japón,2,Francesa; Francesa contemporánea,Romántico;Grupos,1
ESTERRE by Alain Ducasse,6F; Palace Hotel Tokyo; 1-1-1 Marunouchi; Chiyoda-ku; Tokyo; 100-0005; Japón,Tokyo,Japón,2,Francesa,Romántico;Grupos,1
est,39F; Four Seasons Hotel Tokyo at Otemachi; 1-2-1 Otemachi; Chiyoda-ku; Tokyo; 100-0004; Japón,Tokyo,Japón,3,Francesa; Actual,Romántico;Grupos,1
Tour D'argent Tokyo,Lobby floor; Hotel New Otani Tokyo (The Main); 4-1 Kioicho; Chiyoda-ku; Tokyo; 102-8578; Japón,Tokyo,Japón,3,Francesa,Romántico;Grupos,1
SÉN,267 Kawai; Tenkawamura; Yoshino-gun; Nara; 638-0301; Japón,Nara,Japón,2,Innovadora,Tendencia,1
Sushi Kawashima,291-1 Ishikawacho; Kashihara; Nara; 634-0045; Japón,Nara,Japón,2,Sushi,Comer solo,1
Ajinokaze Nishimura,1023-3 Odono; Sakurai; Nara; 633-0062; Japón,Nara,Japón,2,Japonesa,Comer solo,1
à plus,1137 Nishikubohommachi; Gose; Nara; 639-2228; Japón,Nara,Japón,2,Francesa,Comer solo,1
Matsuki,1 Fushigazushicho; Nara; Nara; 630-8394; Japón,Nara,Japón,2,Japonesa,Comer solo;Productos locales,1
Okada,26-2 Imamikadocho; Nara; Nara; 630-8374; Japón,Nara,Japón,2,Japonesa,Comer solo;Grupos,1
VILLA COMMUNICO,486-5 Zoshicho; Nara; Nara; 630-8211; Japón,Nara,Japón,3,Innovadora,Romántico;Tendencia,1
Oryori Hirooka,15 Ganrinincho; Nara; Nara; 630-8221; Japón,Nara,Japón,2,Japonesa,Comer solo;Grupos,1
GOKAN UOGIN,6-4-13 Omiyacho; Nara; Nara; 630-8115; Japón,Nara,Japón,2,Japonesa,Comer solo,1
LA TRACE,2-1-5 Omiyacho; Nara; Nara; 630-8115; Japón,Nara,Japón,2,Francesa,Comer solo,1
Matsuzushi Tanigawa,3-13-6 Ojicho; Abeno-ku; Osaka; 545-0023; Japón,Osaka,Japón,2,Sushi,Comer solo,1
Hachi,8-1-8 Uehommachi; Tennoji-ku; Osaka; 543-0001; Japón,Osaka,Japón,3,Japonesa,,1
Sushidokoro Amano,1-13-2 Shitennoji; Tennoji-ku; Osaka; 543-0051; Japón,Osaka,Japón,3,Sushi,Comer solo,1
Sushi Sanshin,2-7-14 Uchikyuhojimachi; Chuo-ku; Osaka; 540-0013; Japón,Osaka,Japón,3,Sushi,Comer solo,1
Terada,2F; 2-35 Tamatsukurimotomachi; Tennoji-ku; Osaka; 543-0014; Japón,Osaka,Japón,2,Japonesa,Comer solo,1
Masuda,2F; 1-3-12 Shinsaibashisuji; Chuo-ku; Osaka; 542-0085; Japón,Osaka,Japón,2,Japonesa,Comer solo;Grupos,1
a canto,3-1-10 Uchikyuhojimachi; Chuo-ku; Osaka; 540-0013; Japón,Osaka,Japón,2,Italiana,Comer solo,1
PRESQU'ÎLE,2F; Yodoyabashi odona; 4-1-1 Imabashi; Chuo-ku; Osaka; 541-0042; Japón,Osaka,Japón,2,Francesa,Grupos,1
Fushimimachi Kakoiyama,2-4-12 Fushimimachi; Chuo-ku; Osaka; 541-0044; Japón,Osaka,Japón,3,Japonesa,Mesa del chef;Grupos,1
SINAE,2F; 2-4-12 Fushimimachi; Chuo-ku; Osaka; 541-0044; Japón,Osaka,Japón,2,Francesa,Mesa del chef,1
Nishishinsaibashi Yuno,1-10-35 Nishishinsaibashi; Chuo-ku; Osaka; 542-0086; Japón,Osaka,Japón,2,Japonesa,Comer solo;Grupos,1
Ajikitcho Horieten,1-22-6 Kitahorie; Nishi-ku; Osaka; 550-0014; Japón,Osaka,Japón,2,Japonesa,Grupos,1
Ñ,1-6-3 Azuchimachi; Chuo-ku; Osaka; 541-0052; Japón,Osaka,Japón,2,Española,Comer solo;Grupos,1
P greco,4-1-20 Nishitemma; Kita-ku; Osaka; 530-0047; Japón,Osaka,Japón,2,Italiana,,1
IDÉAL bistro,2F; 1-6-5 Tanimachi; Chuo-ku; Osaka; 540-0012; Japón,Osaka,Japón,2,Francesa,Grupos;Productos locales,1
Katamachi Kawaguchi,1-3-11 Katamachi; Miyakojima-ku; Osaka; 534-0025; Japón,Osaka,Japón,2,Japonesa,Comer solo,1
Nishino,1-9-21 Kyomachibori; Nishi-ku; Osaka; 550-0003; Japón,Osaka,Japón,3,Japonesa,Comer solo,1
milpa,1-16-25 Kitahorie; Nishi-ku; Osaka; 550-0014; Japón,Osaka,Japón,3,Mexicana; Actual,Tendencia,1
Alarde,1-14-4 Awaza; Nishi-ku; Osaka; 550-0011; Japón,Osaka,Japón,2,Española,,1
Sui Oya,2F; 3-1-2 Temma; Kita-ku; Osaka; 530-0043; Japón,Osaka,Japón,2,Japonesa,Comer solo,1
Différence,1-16-12 Utsubohommachi; Nishi-ku; Osaka; 550-0004; Japón,Osaka,Japón,2,Francesa,,1
Ajikitcho Bumbuan,B1F; Osaka Metro Hommachi Bldg; 3-6-4 Hommachi; Chuo-ku; Osaka; 541-0053; Japón,Osaka,Japón,2,Japonesa,Grupos,1
agnel d'or,2-4-4 Nishihommachi; Nishi-ku; Osaka; 550-0005; Japón,Osaka,Japón,2,Francesa,,1
Konoha,2-6-22 Minamihommachi; Chuo-ku; Osaka; 541-0054; Japón,Osaka,Japón,2,Japonesa; Tempura,Comer solo,1
Sushi Hoshiyama,1-16 Sugaharacho; Kita-ku; Osaka; 530-0046; Japón,Osaka,Japón,3,Sushi,Comer solo,1
Torisho Ishii,3-11-4 Nishitemma; Kita-ku; Osaka; 530-0047; Japón,Osaka,Japón,2,Yakitori,,1
Naniwaryori Yu,1-9-17 Higashitemma; Kita-ku; Osaka; 530-0044; Japón,Osaka,Japón,2,Japonesa,Comer solo;Grupos,1
LE PONT DE CIEL,B1F; Nihonseimei Yodoyabashi Bldg; 3-5-29 Kitahama; Chuo-ku; Osaka; 540-0031; Japón,Osaka,Japón,2,Francesa,Comer solo;Grupos,1
La Bécasse,3-3-9 Hiranomachi; Chuo-ku; Osaka; 541-0046; Japón,Osaka,Japón,2,Francesa,,1
atelier HANADA,2F; Yodoyabashi odona; 4-3-1 Kitahama; Chuo-ku; Osaka; 541-0041; Japón,Osaka,Japón,2,China,Comer solo,1
Kashiwaya Osaka Kitashinchi,5F; 1-7-4 Sonezakishinchi; Kita-ku; Osaka; 530-0002; Japón,Osaka,Japón,3,Japonesa,Comer solo,1
Yakitori Torisen,3F; 1-4-26 Dojima; Kita-ku; Osaka; 530-0003; Japón,Osaka,Japón,2,Yakitori,,1
Kamigatachuka SHINTANI,1-4-21 Nakazaki; Kita-ku; Osaka; 530-0016; Japón,Osaka,Japón,2,China,Comer solo;Grupos,1
Oimatsu Kitagawa,4-12-27 Nishitemma; Kita-ku; Osaka; 530-0047; Japón,Osaka,Japón,3,Japonesa,Comer solo;Grupos,1
Yakitori Ichimatsu,1-5-1 Dojima; Kita-ku; Osaka; 530-0003; Japón,Osaka,Japón,2,Yakitori,Comer solo,1
Sushi Murakami Jiro,1-5-7 Sonezakishinchi; Kita-ku; Osaka; 530-0002; Japón,Osaka,Japón,3,Sushi,Comer solo,1
Point,3-12-20 Fukushima; Fukushima-ku; Osaka; 553-0003; Japón,Osaka,Japón,2,Francesa,,1
Oryori Yamada,4F; 4-7-7 Nishitemma; Kita-ku; Osaka; 530-0047; Japón,Osaka,Japón,3,Japonesa,Comer solo;Grupos,1
Ryoriya Inaya,7F; 1-10-2 Sonezakishinchi; Kita-ku; Osaka; 530-0002; Japón,Osaka,Japón,3,Japonesa,Comer solo,1
Ono,6F; 1-2-22 Sonezakishinchi; Kita-ku; Osaka; 530-0002; Japón,Osaka,Japón,3,Japonesa,Comer solo,1
Sushi Shigenaga,3F; 1-6-13 Sonezakishinchi; Kita-ku; Osaka; 530-0002; Japón,Osaka,Japón,2,Sushi,Comer solo,1
Empathie,4-12-10 Nishitemma; Kita-ku; Osaka; 530-0047; Japón,Osaka,Japón,2,Francesa,,1
KushinGarando,4F; 1-5-18 Sonezakishinchi; Kita-ku; Osaka; 530-0002; Japón,Osaka,Japón,2,China,Comer solo,1
Tosara,2-7-26 Nishitemma; Kita-ku; Osaka; 530-0047; Japón,Osaka,Japón,2,Actual; Italiana,Comer solo,1
Chi-Fu,4-4-8 Nishitemma; Kita-ku; Osaka; 530-0047; Japón,Osaka,Japón,2,China,Grupos,1
Iroha,5F; 1-3-19 Sonezakishinchi; Kita-ku; Osaka; 530-0002; Japón,Osaka,Japón,2,Japonesa,Comer solo,1
Higashichaya Nakamura,1-25-8 Honjohigashi; Kita-ku; Osaka; 531-0074; Japón,Osaka,Japón,3,Japonesa,Comer solo;Grupos,1
Shinchi Yamamoto,1-1-13 Dojima; Kita-ku; Osaka; 530-0003; Japón,Osaka,Japón,3,Japonesa,,1
Iwaki,2F; 1-6-29 Sonezakishinchi; Kita-ku; Osaka; 530-0002; Japón,Osaka,Japón,2,Japonesa,Comer solo;Grupos,1
Kaishoku Shimizu,1F; Shin Daibiru; 1-2-1 Dojimahama; Kita-ku; Osaka; 530-0004; Japón,Osaka,Japón,2,Japonesa,Comer solo,1
Zeshin,B1F; 2-9-3 Nishitemma; Kita-ku; Osaka; 530-0047; Japón,Osaka,Japón,2,Japonesa,Grupos,1
YUNiCO,6F; 1-11-19 Sonezakishinchi; Kita-ku; Osaka; 530-0002; Japón,Osaka,Japón,2,Italiana; Italiana contemporánea,Comer solo,1
Numata Sou,3F; 4-7-7 Nishitemma; Kita-ku; Osaka; 530-0047; Japón,Osaka,Japón,2,Tempura,Comer solo;Grupos,1
capi,6F; 1-10-2 Sonezakishinchi; Kita-ku; Osaka; 530-0002; Japón,Osaka,Japón,3,Innovadora,Comer solo,1
Nishitemma Ichigaya,2-10-9 Nishitemma; Kita-ku; Osaka; 530-0047; Japón,Osaka,Japón,2,Japonesa,,1
Rooots Nakanoshima,6-1-45 Nakanoshima; Kita-ku; Osaka; 530-0005; Japón,Osaka,Japón,2,Actual,Comer solo,1
La Baie,5F; The Ritz-Carlton; Osaka; 2-5-25 Umeda; Kita-ku; Osaka; 530-0001; Japón,Osaka,Japón,2,Francesa,Romántico;Grupos,1
Pierre,20F; InterContinental Osaka; 3-60 Ofukacho; Kita-ku; Osaka; 530-0011; Japón,Osaka,Japón,2,Francesa,Romántico;Grupos,1
Beta,Lot 3 & 4; GF; Cormar Suites; 10 Jalan Perak; Kuala Lumpur; 50450; Malasia,Kuala Lumpur,Malasia,2,Malaya; Actual,Romántico,1
Au Jardin,The Warehouse@Hin Bus Depot; 125 Jalan Timah; George Town; 10150; Malasia,George Town,Malasia,2,Europea contemporánea,Productos locales,1
Akar,109 Jalan Aminuddin Baki; Taman Tun Dr Ismail; Kuala Lumpur; 60000; Malasia,Kuala Lumpur,Malasia,2,Malaya; Actual,Comer solo,1
Ichiju Nisai Ueno Minoten,2-5 Minokoen; Mino; Osaka; 562-0002; Japón,Osaka,Japón,2,Japonesa,Grupos,1
anpeiji,56 Nakajima Hinokamicho; Fushimi-ku; Kyoto; 612-8465; Japón,Kyoto,Japón,2,Francesa,,1
Higashiyama Tsukasa,2F; 127 Nishimachi; Higashiyama-ku; Kyoto; 605-0037; Japón,Kyoto,Japón,3,Japonesa,Comer solo,1
YOKOI,88 Manjujinakanocho; Shimogyo-ku; Kyoto; 600-8405; Japón,Kyoto,Japón,3,Japonesa,Comer solo;Grupos,1
Miyagawacho Hotta,6-359-4 Miyagawasuji; Higashiyama-ku; Kyoto; 605-0801; Japón,Kyoto,Japón,2,Japonesa,Comer solo,1
Mizuno,245-2 Nakanocho; Higashiyama-ku; Kyoto; 605-0082; Japón,Kyoto,Japón,2,Japonesa,Comer solo,1
Oryori Mashita,246 Giommachi Kitagawa; Higashiyama-ku; Kyoto; 605-0073; Japón,Kyoto,Japón,2,Japonesa,Comer solo;Grupos,1
Kyo Seika,2F; 36-3 Okazaki Enshojicho; Sakyo-ku; Kyoto; 606-8344; Japón,Kyoto,Japón,2,China,Comer solo,1
Noguchi Tsunagu,371-4 Kiyomotocho; Higashiyama-ku; Kyoto; 605-0084; Japón,Kyoto,Japón,2,Japonesa,Comer solo,1
Enyuan Kobayashi,125-2 Tominagacho; Higashiyama-ku; Kyoto; 605-0078; Japón,Kyoto,Japón,3,Tempura; Japonesa,Comer solo;Grupos,1
Gion Owatari,570-265 Giommachi Minamigawa; Higashiyama-ku; Kyoto; 605-0074; Japón,Kyoto,Japón,3,Japonesa,Comer solo,1
Gion Kida,570-192 Giommachi Minamigawa; Higashiyama-ku; Kyoto; 605-0074; Japón,Kyoto,Japón,3,Japonesa,Mesa del chef;Comer solo,1
Kinobu,416 Iwatoyamacho; Shimogyo-ku; Kyoto; 600-8445; Japón,Kyoto,Japón,2,Japonesa,Grupos,1
Gion Fukushi,570-120 Giommachi Minamigawa; Higashiyama-ku; Kyoto; 605-0074; Japón,Kyoto,Japón,2,Japonesa,Comer solo,1
SEN,379 Shiogamacho; Shimogyo-ku; Kyoto; 600-8103; Japón,Kyoto,Japón,3,Japonesa,Grupos,1
HANA-Kitcho,3-2 Yamatocho; Higashiyama-ku; Kyoto; 605-0802; Japón,Kyoto,Japón,2,Japonesa,Comer solo;Grupos,1
Restaurant Hiramatsu Kodaiji,353 Masuyacho; Higashiyama-ku; Kyoto; 605-0826; Japón,Kyoto,Japón,2,Francesa,Terraza agradable;Romántico,1
TAKAYAMA,2F; Good Nature Station; 318-6 Inaricho; Shimogyo-ku; Kyoto; 600-8022; Japón,Kyoto,Japón,3,Italiana,Comer solo,1
Sushi Rakumi,332-6 Miyoshicho; Higashiyama-ku; Kyoto; 605-0081; Japón,Kyoto,Japón,3,Sushi,,1
Wagokoro Izumi,634-3 Nioitenjincho; Shimogyo-ku; Kyoto; 600-8414; Japón,Kyoto,Japón,2,Japonesa,Comer solo;Grupos,1
Sushi Kappo Nakaichi,570-196 Giommachi Minamigawa; Higashiyama-ku; Kyoto; 605-0074; Japón,Kyoto,Japón,2,Japonesa; Sushi,Comer solo,1
VELROSIER,2F; Good Nature Station; 318-6 Inaricho; Shimogyo-ku; Kyoto; 600-8022; Japón,Kyoto,Japón,2,China,,1
Shimmonzen Yonemura,255 Umemotocho; Higashiyama-ku; Kyoto; 605-0064; Japón,Kyoto,Japón,2,Innovadora,Mesa del chef;Grupos,1
Germoglio,2F; 172 Higashisakaicho; Shimogyo-ku; Kyoto; 600-8217; Japón,Kyoto,Japón,2,Italiana,Comer solo,1
Kikunoi Sushi Ao,463-30 Shimokawaracho; Higashiyama-ku; Kyoto; 605-0825; Japón,Kyoto,Japón,3,Sushi; Japonesa,Comer solo,1
Manjuji Hakuran,360 Gokuishicho; Shimogyo-ku; Kyoto; 600-8429; Japón,Kyoto,Japón,2,Japonesa,Cocina local,1
LURRA˚,396 Sekisenincho; Higashiyama-ku; Kyoto; 605-0021; Japón,Kyoto,Japón,3,Innovadora,,1
Jean-Georges at The Shinmonzen,1F; The Shinmonzen; 235 Nishinocho; Higashiyama-ku; Kyoto; 605-0088; Japón,Kyoto,Japón,2,Francesa; Actual,Terraza agradable;Comer solo,1
Higashiyama Ogata,91-5 Okazaki Enshojicho; Sakyo-ku; Kyoto; 606-8344; Japón,Kyoto,Japón,3,Japonesa,,1
MOKO,235-2 Tamauecho; Nakagyo-ku; Kyoto; 604-0005; Japón,Kyoto,Japón,2,Francesa,Mesa del chef;Grupos,1
Miyawaki,122-1 Shikiamicho; Nakagyo-ku; Kyoto; 604-8261; Japón,Kyoto,Japón,3,Japonesa,Comer solo;Grupos,1
DODICI,239 Kamihakusancho; Nakagyo-ku; Kyoto; 604-0943; Japón,Kyoto,Japón,2,Italiana,Grupos,1
Vena,46-3 Kagamiyacho; Nakagyo-ku; Kyoto; 604-0002; Japón,Kyoto,Japón,2,Italiana,Comer solo;Grupos,1
Ayanokoji Karatsu,113-1 Yadacho; Shimogyo-ku; Kyoto; 600-8442; Japón,Kyoto,Japón,2,Japonesa,Comer solo,1
Nijojo Furuta,371 Furushirocho; Nakagyo-ku; Kyoto; 604-0045; Japón,Kyoto,Japón,2,Japonesa,,1
MASHIRO,2F; 234 Donomaecho; Nakagyo-ku; Kyoto; 604-8134; Japón,Kyoto,Japón,3,Actual,Mesa del chef,1
ima,183-4 Fudocho; Nakagyo-ku; Kyoto; 604-8215; Japón,Kyoto,Japón,2,Francesa,Comer solo,1
Gosho Iwasaki,660 Otsucho; Nakagyo-ku; Kyoto; 604-0885; Japón,Kyoto,Japón,2,Japonesa,Comer solo,1
Kiyama,136 Kinuyacho; Nakagyo-ku; Kyoto; 604-0804; Japón,Kyoto,Japón,3,Japonesa,Comer solo,1
Gokomachi Tagawa,575 Matsumotocho; Nakagyo-ku; Kyoto; 604-0982; Japón,Kyoto,Japón,3,Japonesa,Comer solo,1
Ogawa,515 Anenishinotoincho; Nakagyo-ku; Kyoto; 604-8273; Japón,Kyoto,Japón,3,Japonesa,Comer solo,1
Kentan Horibe,273 Tenjinyamacho; Nakagyo-ku; Kyoto; 604-8221; Japón,Kyoto,Japón,2,Japonesa,Comer solo;Grupos,1
Muromachi Wakuden,679 Marukizaimokucho; Nakagyo-ku; Kyoto; 604-8106; Japón,Kyoto,Japón,2,Japonesa,Comer solo;Productos locales,1
Nakamitsu,496-2 Sambongi Gochome; Nakagyo-ku; Kyoto; 604-0872; Japón,Kyoto,Japón,2,Japonesa,Comer solo,1
Droit,8 Yoshida Izumidonocho; Sakyo-ku; Kyoto; 606-8301; Japón,Kyoto,Japón,2,Francesa,,1
KOKE,287 Takoyakushicho; Nakagyo-ku; Kyoto; 604-0021; Japón,Kyoto,Japón,3,Innovadora,Comer solo,1
Tsujifusa,155 Mukadeyacho; Nakagyo-ku; Kyoto; 604-0805; Japón,Kyoto,Japón,2,Japonesa,Comer solo;Grupos,1
shiro,2F; 287 Takoyakushicho; Nakagyo-ku; Kyoto; 604-0021; Japón,Kyoto,Japón,2,Actual; Italo-Japonesa,Comer solo,1
Korean Restaurant Byeoleeya,38 Mibu Tsujimachi; Nakagyo-ku; Kyoto; 604-8822; Japón,Kyoto,Japón,2,Coreana,,1
Kanamean Nishitomiya,562 Honeyanocho; Nakagyo-ku; Kyoto; 604-6084; Japón,Kyoto,Japón,3,Japonesa,Grupos,1
Tenjaku,570 Botambokocho; Kamigyo-ku; Kyoto; 602-8475; Japón,Kyoto,Japón,2,Tempura; Japonesa,,1
Kokyu,204 Seiryucho; Kamigyo-ku; Kyoto; 602-0822; Japón,Kyoto,Japón,3,Japonesa,Comer solo,1
Tozentei,31-1 Komatsubara Minamimachi; Kita-ku; Kyoto; 603-8342; Japón,Kyoto,Japón,2,Japonesa,Comer solo,1
Kenya,12-3 Kamitakano Shimoaramakicho; Sakyo-ku; Kyoto; 606-0093; Japón,Kyoto,Japón,3,Japonesa,Comer solo,1
La Biographie···,422-1 Tanakacho; Kamigyo-ku; Kyoto; 602-8163; Japón,Kyoto,Japón,3,Francesa,Comer solo,1
KOGA,230 Nakaogawacho; Kamigyo-ku; Kyoto; 602-0053; Japón,Kyoto,Japón,2,Francesa,,1
MUBE,11-1 Omiya Gentakukitamachi; Kita-ku; Kyoto; 603-8462; Japón,Kyoto,Japón,2,Japonesa,Comer solo,1
la bûche,400-3 Ohara Raikoincho; Sakyo-ku; Kyoto; 601-1242; Japón,Kyoto,Japón,2,Francesa,Comer solo,1
Nagamoto,8F; 18 On Lan Street; Central; Hong Kong,Hong Kong,Hong Kong,3,Japonesa,Comer solo,1
Estro,2F; 1 Duddell Street; Central; Hong Kong,Hong Kong,Hong Kong,3,Italiana,Romántico,1
New Punjab Club,GF; World Wide Commercial Building; 34 Wyndham Street; Central; Hong Kong,Hong Kong,Hong Kong,2,Hindú; Pakistaní,Familiar,1
Arcane,3F; 18 On Lan Street; Central; Hong Kong,Hong Kong,Hong Kong,2,Europea contemporánea,,1
Man Wah,25F; Mandarin Oriental Hotel; 5 Connaught Road Central; Central; Hong Kong,Hong Kong,Hong Kong,2,Cantonesa,Familiar,1
Spring Moon,1F; The Peninsula Hotel; Salisbury Road; Tsim Sha Tsui; Hong Kong,Hong Kong,Hong Kong,2,Cantonesa,Grupos,1
Mono,5F; 18 On Lan Street; Central; Hong Kong,Hong Kong,Hong Kong,2,Latinoamericana,Romántico,1
Man Ho (Admiralty),3F; JW Marriott Hotel; Pacific Place; 88 Queensway; Admiralty; Hong Kong,Hong Kong,Hong Kong,2,Cantonesa,Familiar,1
Duddell's,3F; 1 Duddell Street; Central; Hong Kong,Hong Kong,Hong Kong,2,Cantonesa,Familiar,1
Beefbar,2F; Club Lusitano; 16 Ice House Street; Central; Hong Kong,Hong Kong,Hong Kong,2,Steakhouse,Grupos,1
The Legacy House,5F; Rosewood Hotel; 18 Salisbury Road; Tsim Sha Tsui; Hong Kong,Hong Kong,Hong Kong,2,Shun Tak,Familiar,1
Chaat,5F; Rosewood; 18 Salisbury Road; Tsim Sha Tsui; Hong Kong,Hong Kong,Hong Kong,1,Hindú,Familiar,1
Sushi Wadatsumi,607; 6F; K11 Musea; 18 Salisbury Road; Tsim Sha Tsui; Hong Kong,Hong Kong,Hong Kong,3,Sushi,Comer solo,1
Gaddi's,1F; The Peninsula Hotel; Salisbury Road; Tsim Sha Tsui; Hong Kong,Hong Kong,Hong Kong,3,Francesa,Romántico,1
Whey,UG Level; The Wellington; 198 Wellington Street; Central; Hong Kong,Hong Kong,Hong Kong,2,Asiática contemporánea,Romántico,1
Sushi Takeshi,GF; The Mira; 118-130 Nathan Road; Tsim Sha Tsui; Hong Kong,Hong Kong,Hong Kong,3,Sushi,,1
Andō,1F; Somptueux Central; 52-54 Wellington Street; Central; Hong Kong,Hong Kong,Hong Kong,2,Innovadora,,1
Mora,40 Upper Lascar Row; Sheung Wan; Hong Kong,Hong Kong,Hong Kong,2,Innovadora,Familiar,1
Belon,1F; 1-5 Elgin Street; Central; Hong Kong,Hong Kong,Hong Kong,3,Francesa contemporánea,Mesa del chef;Romántico,1
Hansik Goo,1F; The Wellington; 198 Wellington Street; Central; Hong Kong,Hong Kong,Hong Kong,3,Coreana,Familiar,1
Louise,PMQ; 35 Aberdeen Street; Central; Hong Kong,Hong Kong,Hong Kong,2,Francesa contemporánea,Terraza agradable;Romántico,1
Feuille,5F; The Wellington; 198 Wellington Street; Central; Hong Kong,Hong Kong,Hong Kong,2,Francesa contemporánea,Comer solo;Productos locales,1
Tosca di Angelo,102F; The Ritz-Carlton; International Commerce Centre; 1 Austin Road West; Tsim Sha Tsui; Hong Kong,Hong Kong,Hong Kong,2,Italiana,Romántico,1
Wild Yeast,Unit 304-305; 3F; Building A; Zonia Tide Ginza; 2077 Binsheng Road; Binjiang; Hangzhou; China Continental,Hangzhou,China Continental,3,China contemporánea,Romántico,1
Moose (Pudong),9F; L+Mall; 899 South Pudong Road; Pudong; Shanghai; China Continental,Shanghai,China Continental,2,Jiangzhe,Familiar,1
Guiyu (Xihu),2-1 Manjuelong Road; Xihu; Hangzhou; China Continental,Hangzhou,China Continental,2,Zhejiang,Terraza agradable,1
Maison Lameloise,68F; Shanghai Tower; 501 Middle Yincheng Road; Pudong; Shanghai; China Continental,Shanghai,China Continental,3,Francesa contemporánea,Romántico,1
Yu Zhi Lan,2 Lin'anli; Lin's Homestead in Meihetang; Wulin Road; Gongshu; Hangzhou; China Continental,Hangzhou,China Continental,3,Cocina de Sichuan,Un clásico,1
Canton Table,5F; Bund 3; 3 Zhongshan Dong Yi Road; Huangpu; Shanghai; China Continental,Shanghai,China Continental,2,Cantonesa,Familiar,1
Oriental Sense & Palate,57 Sinan Road; Huangpu; Shanghai; China Continental,Shanghai,China Continental,3,Chao Zhou,Grupos,1
Hangzhou House,Building EX4; Amandayun; 22 Fayun Lane; Xihu Street; Xihu; Hangzhou; China Continental,Hangzhou,China Continental,2,Zhejiang,,1
Lu Style (Huangpu),Room 207; 2F; Uni Elite; Lane 838; South Huangpi Road; Huangpu; Shanghai; China Continental,Shanghai,China Continental,2,Shandong,Grupos,1
Yong Yi Ting,LG Level; Mandarin Oriental Pudong; 111 South Pudong Road; Pudong; Shanghai; China Continental,Shanghai,China Continental,2,Jiangzhe,,1
Vivant by Johnny Pham,279 Beihai Road; Huangpu; Shanghai; China Continental,Shanghai,China Continental,3,Francesa contemporánea,Romántico,1
Cheng Long Hang (Huangpu),216 Jiujiang Road; Huangpu; Shanghai; China Continental,Shanghai,China Continental,2,Cocina de Shanghái,Familiar,1
Narisawa,L7-05; 1000Trees; 600 Moganshan Road; Putuo; Shanghai; China Continental,Shanghai,China Continental,3,Innovadora,Comer solo,1
Obscura,Tangxiang Cultural Space; 538 Xikang Road; Jingan; Shanghai; China Continental,Shanghai,China Continental,3,Innovadora,Comer solo,1
Ming Court (Minhang),B1 Level; Cordis Hotel; 333 Shenhong Road; Minhang; Shanghai; China Continental,Shanghai,China Continental,2,Cantonesa,,1
mærge,3-8-14 Minamiaoyama; Minato-ku; Tokyo; 107-0062; Japón,Tokyo,Japón,3,Francesa,Romántico;Tendencia,1
MANOIR,1-10-6 Hiro; Shibuya-ku; Tokyo; 150-0012; Japón,Tokyo,Japón,2,Francesa,Comer solo,1
MAKIYAKI GINZA ONODERA,9F; 5-14-14 Ginza; Chuo-ku; Tokyo; 104-0061; Japón,Tokyo,Japón,3,Francesa,Comer solo;Mesa del chef,1
Seiju,B1F; 3-16-9 Tsukiji; Chuo-ku; Tokyo; 104-0045; Japón,Tokyo,Japón,3,Tempura,Comer solo;Cocina local,1
Sassa,5-13-6 Hiro; Shibuya-ku; Tokyo; 150-0012; Japón,Tokyo,Japón,3,Japonesa,Comer solo,1
Higashiyama Muku,1-15-5 Higashiyama; Meguro-ku; Tokyo; 153-0043; Japón,Tokyo,Japón,2,Japonesa,Comer solo,1
Yama,6-16-41 Shirokane; Minato-ku; Tokyo; 108-0072; Japón,Tokyo,Japón,3,Creativa,,1
Waketokuyama,5-1-5 Minamiazabu; Minato-ku; Tokyo; 106-0047; Japón,Tokyo,Japón,2,Japonesa,Comer solo;Grupos,1
L'ARGENT,2F; Tokyo Club Bldg; 3-2-6 Kasumigaseki; Chiyoda-ku; Tokyo; 100-0013; Japón,Tokyo,Japón,2,Francesa,Comer solo;Grupos,1
LA TABLE de Joël Robuchon,Yebisu Garden Place; 1-13-1 Mita; Meguro-ku; Tokyo; 153-0062; Japón,Tokyo,Japón,2,Francesa; Actual,Terraza agradable,1
La Paix,B1F; 1-9-4 Nihombashimuromachi; Chuo-ku; Tokyo; 103-0022; Japón,Tokyo,Japón,2,Francesa,Grupos,1
FARO,10F; 8-8-3 Ginza; Chuo-ku; Tokyo; 104-0061; Japón,Tokyo,Japón,2,Italiana,Romántico;Grupos,1
Tempura Miyashiro,2-18-11 Kamimeguro; Meguro-ku; Tokyo; 153-0051; Japón,Tokyo,Japón,3,Tempura,Comer solo;Cocina local,1
Sushi Oya,3F; 3-6 Fukuromachi; Shinjuku-ku; Tokyo; 162-0828; Japón,Tokyo,Japón,3,Sushi,Comer solo;Grupos,1
Sushi Tanaka,2-7-23 Minamiazabu; Minato-ku; Tokyo; 106-0047; Japón,Tokyo,Japón,2,Sushi,Comer solo;Cocina local,1
Oku,3-42-11 Asakusa; Taito-ku; Tokyo; 111-0032; Japón,Tokyo,Japón,2,Sushi,Comer solo;Cocina local,1
Shigeyuki,2-17-3 Nishihara; Shibuya-ku; Tokyo; 151-0066; Japón,Tokyo,Japón,2,Japonesa,Comer solo;Grupos,1
BEIGE Alain Ducasse,10F; 3-5-3 Ginza; Chuo-ku; Tokyo; 104-0061; Japón,Tokyo,Japón,2,Francesa,Romántico,1
Sharikimon Onozawa,6-39 Arakicho; Shinjuku-ku; Tokyo; 160-0007; Japón,Tokyo,Japón,3,Japonesa,Comer solo,1
Towa,2F; 4-11-25 Nishiazabu; Minato-ku; Tokyo; 106-0031; Japón,Tokyo,Japón,3,Japonesa,Comer solo;Grupos,1
Sushi Keita,6-6-4 Tsukiji; Chuo-ku; Tokyo; 104-0045; Japón,Tokyo,Japón,2,Sushi,Comer solo;Cocina local,1
Jushu,2-16-1 Nishiazabu; Minato-ku; Tokyo; 106-0031; Japón,Tokyo,Japón,2,Japonesa,Comer solo,1
Kyobashi Tempura Fukamachi,2-5-2 Kyobashi; Chuo-ku; Tokyo; 104-0031; Japón,Tokyo,Japón,2,Tempura,Comer solo,1
au deco,2-23-3 Ebisu; Shibuya-ku; Tokyo; 150-0013; Japón,Tokyo,Japón,2,Francesa,Comer solo;Grupos,1
Piao-Xiang,5-19-1 Hiro; Shibuya-ku; Tokyo; 150-0012; Japón,Tokyo,Japón,2,China,,1
Shokuzen Abe,4F; 5-6-10 Ginza; Chuo-ku; Tokyo; 104-0061; Japón,Tokyo,Japón,2,Japonesa,Comer solo,1
Miyasaka,5-4-30 Minamiaoyama; Minato-ku; Tokyo; 107-0062; Japón,Tokyo,Japón,3,Japonesa,Comer solo;Grupos,1
Koshikiryori Koki,2-13-6 Nishishimbashi; Minato-ku; Tokyo; 105-0003; Japón,Tokyo,Japón,2,China,Grupos;Mesa del chef,1
Sushi Hashimoto,1-8-2 Shintomi; Chuo-ku; Tokyo; 104-0041; Japón,Tokyo,Japón,3,Sushi,Comer solo;Cocina local,1
nôl,1F; DDD HOTEL; 2-2-1 Nihombashibakurocho; Chuo-ku; Tokyo; 103-0002; Japón,Tokyo,Japón,2,Actual,,1
TROIS VISAGES,7-16-21 Ginza; Chuo-ku; Tokyo; 104-0061; Japón,Tokyo,Japón,2,Francesa; Actual,Comer solo;Productos locales,1
l'élan,4F; GYRE; 5-10-1 Jingumae; Shibuya-ku; Tokyo; 150-0001; Japón,Tokyo,Japón,2,Francesa,Grupos,1
Sushi Ichijo,3-1-3 Higashinihombashi; Chuo-ku; Tokyo; 103-0004; Japón,Tokyo,Japón,3,Sushi,Cocina local,1
Guchokuni,3F; 6-21 Kagurazaka; Shinjuku-ku; Tokyo; 162-0825; Japón,Tokyo,Japón,3,Japonesa,Comer solo,1
Edomae Sushi Hanabusa,9-1-7 Akasaka; Minato-ku; Tokyo; 107-0052; Japón,Tokyo,Japón,3,Sushi,Comer solo;Cocina local,1
La Gloire,2-17-7 Akasaka; Minato-ku; Tokyo; 107-0052; Japón,Tokyo,Japón,2,Francesa,Mesa del chef,1
Ten Yokota,2F; 3-10-5 Motoazabu; Minato-ku; Tokyo; 106-0046; Japón,Tokyo,Japón,2,Tempura,Comer solo;Cocina local,1
Kappo Muroi,2-16-4 Nishiazabu; Minato-ku; Tokyo; 106-0031; Japón,Tokyo,Japón,3,Japonesa,Comer solo,1
Sushi Matsuura,5-7-8 Shirokane; Minato-ku; Tokyo; 108-0072; Japón,Tokyo,Japón,2,Sushi,Comer solo,1
Sushi Kojima,5F; 7-3-8 Ginza; Chuo-ku; Tokyo; 104-0061; Japón,Tokyo,Japón,3,Sushi,Comer solo;Cocina local,1
Tempura Ginya,B1F; 5-17-9 Shirokanedai; Minato-ku; Tokyo; 108-0071; Japón,Tokyo,Japón,3,Tempura,Comer solo;Cocina local,1
L'ATELIER de Joël Robuchon,2F; Roppongi Hills Hillside; 6-10-1 Roppongi; Minato-ku; Tokyo; 106-0032; Japón,Tokyo,Japón,2,Francesa; Actual,,1
Nogizaka Shin,8-11-19 Akasaka; Minato-ku; Tokyo; 107-0052; Japón,Tokyo,Japón,3,Japonesa,Mesa del chef;Comer solo,1
Daigo,2F; Forest Tower; 2-3-1 Atago; Minato-ku; Tokyo; 105-0002; Japón,Tokyo,Japón,2,Shojin,Grupos,1
KHAO,2-12-7 Kandajimbocho; Chiyoda-ku; Tokyo; 101-0051; Japón,Tokyo,Japón,2,Thai,Comer solo,1
EWIG,2F; 4-3-23 Minamiaoyama; Minato-ku; Tokyo; 107-0062; Japón,Tokyo,Japón,2,Austriaca,,1
Yotsuya Minemura,2F; 3-21 Arakicho; Shinjuku-ku; Tokyo; 160-0007; Japón,Tokyo,Japón,3,Japonesa,Comer solo,1
Alchimiste,5-17-10 Shirokanedai; Minato-ku; Tokyo; 108-0071; Japón,Tokyo,Japón,2,Francesa; Actual,,1
Les Saisons,MF; Main Bldg; Imperial Hotel Tokyo; 1-1-1 Uchisaiwaicho; Chiyoda-ku; Tokyo; 100-8558; Japón,Tokyo,Japón,3,Francesa,Grupos,1
Akasaka Shimabukuro,3F; 3-21-8 Akasaka; Minato-ku; Tokyo; 107-0052; Japón,Tokyo,Japón,3,Japonesa,Comer solo,1
Saucer,B1F; 2-7-10 Ebisunishi; Shibuya-ku; Tokyo; 150-0021; Japón,Tokyo,Japón,2,Francesa,Comer solo,1
hortensia,2F; 1-5-12 Shintomi; Chuo-ku; Tokyo; 104-0041; Japón,Tokyo,Japón,2,Francesa; Francesa contemporánea,Comer solo,1
apothéose,49F; Toranomon Hills Station Tower; 2-6-2 Toranomon; Minato-ku; Tokyo; 105-5549; Japón,Tokyo,Japón,3,Francesa,Romántico;Grupos,1
Sushi Ryujiro,2-11-11 Minamiaoyama; Minato-ku; Tokyo; 107-0062; Japón,Tokyo,Japón,3,Sushi,Mesa del chef;Comer solo,1
Sushi Masashi,7F; 2-9-9 Kitaaoyama; Minato-ku; Tokyo; 107-0061; Japón,Tokyo,Japón,3,Sushi,Comer solo;Grupos,1
Sorahana,5-3-3 Toranomon; Minato-ku; Tokyo; 105-0001; Japón,Tokyo,Japón,2,Japonesa,Grupos,1
FUSHIKINO,2F; 4-3-11 Kagurazaka; Shinjuku-ku; Tokyo; 162-0825; Japón,Tokyo,Japón,2,Japonesa,Comer solo,1
Ren Mishina,B1F; 7-3-13 Ginza; Chuo-ku; Tokyo; 104-0061; Japón,Tokyo,Japón,3,Japonesa,Comer solo;Grupos,1
Azabujuban Fukuda,3-7-5 Azabujuban; Minato-ku; Tokyo; 106-0045; Japón,Tokyo,Japón,3,Japonesa,Grupos,1
itsuka,2F; 2-14-15 Minamiaoyama; Minato-ku; Tokyo; 107-0062; Japón,Tokyo,Japón,2,China,Grupos,1
Sumibikappo SHIROSAKA,6-3-9 Akasaka; Minato-ku; Tokyo; 107-0052; Japón,Tokyo,Japón,2,Japonesa,Comer solo;Grupos,1
Series,3-4-11 Azabudai; Minato-ku; Tokyo; 106-0041; Japón,Tokyo,Japón,2,China,,1
Edomae Shinsaku,6F; 2-10-11 Nihombashiningyocho; Chuo-ku; Tokyo; 103-0013; Japón,Tokyo,Japón,3,Tempura,Cocina local,1
Oniku Karyu,7F; 1-14-6 Ginza; Chuo-ku; Tokyo; 104-0061; Japón,Tokyo,Japón,3,Cocina especializada en carnes,Grupos;Mesa del chef,1
NéMo,B1F; 6-15-4 Minamiaoyama; Minato-ku; Tokyo; 107-0062; Japón,Tokyo,Japón,2,Francesa,Grupos,1
Ippei Hanten,3-12-41 Motoazabu; Minato-ku; Tokyo; 106-0046; Japón,Tokyo,Japón,3,China,Comer solo;Grupos,1
Édition Koji Shimomura,1F; Roppongi T-Cube; 3-1-1 Roppongi; Minato-ku; Tokyo; 106-0032; Japón,Tokyo,Japón,3,Francesa,Grupos,1
Sincère,B1F; 3-7-13 Sendagaya; Shibuya-ku; Tokyo; 151-0051; Japón,Tokyo,Japón,2,Francesa,,1
abysse,1-30-12 Ebisunishi; Shibuya-ku; Tokyo; 150-0021; Japón,Tokyo,Japón,3,Francesa; Actual,Grupos,1
PRIMO PASSO,B1F; 1-5-11 Tsukiji; Chuo-ku; Tokyo; 104-0045; Japón,Tokyo,Japón,2,Italiana,Comer solo;Grupos,1
Yakitori Takahashi,2F; 2-10-11 Nihombashi; Chuo-ku; Tokyo; 103-0027; Japón,Tokyo,Japón,2,Yakitori,Comer solo,1
MONOLITH,2-6-1 Shibuya; Shibuya-ku; Tokyo; 150-0002; Japón,Tokyo,Japón,2,Francesa,,1
Torakuro,B1F; Imperial Hotel Tokyo Main; 1-1-1 Uchisaiwaicho; Chiyoda-ku; Tokyo; 100-8558; Japón,Tokyo,Japón,3,Japonesa,Comer solo;Grupos,1
Takumi Tatsuhiro,1-11-7 Shinjuku; Shinjuku-ku; Tokyo; 160-0022; Japón,Tokyo,Japón,3,Sushi,Comer solo;Cocina local,1
Hyakuyaku by Tokuyamazushi,9F; 4-4-2 Ginza; Chuo-ku; Tokyo; 104-0061; Japón,Tokyo,Japón,3,Japonesa,Comer solo;Grupos,1
hakunei,4-9-11 Nishiazabu; Minato-ku; Tokyo; 106-0031; Japón,Tokyo,Japón,3,Actual,Comer solo,1
le sputnik,7-9-9 Roppongi; Minato-ku; Tokyo; 106-0032; Japón,Tokyo,Japón,2,Francesa,,1
Tenoshima,2F; 1-3-21 Minamiaoyama; Minato-ku; Tokyo; 107-0062; Japón,Tokyo,Japón,2,Japonesa,Comer solo,1
Nishiazabu Taku,2-11-5 Nishiazabu; Minato-ku; Tokyo; 106-0031; Japón,Tokyo,Japón,3,Sushi,Mesa del chef;Comer solo,1
TEN-MASA,B1F; 3-16-13 Kamimeguro; Meguro-ku; Tokyo; 153-0051; Japón,Tokyo,Japón,2,Japonesa; Tempura,Comer solo;Grupos,1
Sushi Yuki,5-17-4 Hiro; Shibuya-ku; Tokyo; 150-0012; Japón,Tokyo,Japón,3,Sushi,Cocina local,1
JO,3F; 2-8-6 Azabujuban; Minato-ku; Tokyo; 106-0045; Japón,Tokyo,Japón,3,Cocina especializada en carnes,Comer solo;Grupos,1
LATURE,B1F; 2-2-2 Shibuya; Shibuya-ku; Tokyo; 150-0002; Japón,Tokyo,Japón,2,Francesa,Comer solo;Grupos,1
Dominique Bouchet Tokyo,2F; 1-5-6 Ginza; Chuo-ku; Tokyo; 104-0061; Japón,Tokyo,Japón,2,Francesa,,1
Tanimoto,3F; 3-1 Kagurazaka; Shinjuku-ku; Tokyo; 162-0825; Japón,Tokyo,Japón,3,Japonesa,,1
Sushidokoro Kiraku,1-12-12 Kyodo; Setagaya-ku; Tokyo; 156-0052; Japón,Tokyo,Japón,2,Sushi,Cocina local,1
ShinoiS,2F; 4-2-7 Shirokanedai; Minato-ku; Tokyo; 108-0071; Japón,Tokyo,Japón,3,China,Comer solo;Grupos,1
L'AFFINAGE,2F; 5-9-16 Ginza; Chuo-ku; Tokyo; 104-0061; Japón,Tokyo,Japón,2,Francesa,Comer solo;Grupos,1
CYCLE by Mauro Colagreco,1F; Otemachi One; 1-2-1 Otemachi; Chiyoda-ku; Tokyo; 100-0004; Japón,Tokyo,Japón,3,Francesa; Actual,Grupos,1
Mētis Roppongi,5-18-22 Roppongi; Minato-ku; Tokyo; 106-0032; Japón,Tokyo,Japón,2,Francesa,Mesa del chef,1
ZURRIOLA,4F; Kojun Bldg; 6-8-7 Ginza; Chuo-ku; Tokyo; 104-0061; Japón,Tokyo,Japón,3,Española; Actual,Comer solo;Grupos,1
Jizozushi,2F; 3-18-5 Shirokanedai; Minato-ku; Tokyo; 108-0071; Japón,Tokyo,Japón,3,Sushi,Cocina local,1
L'ÉTERRE,2F; 3-6-53 Kagurazaka; Shinjuku-ku; Tokyo; 162-0825; Japón,Tokyo,Japón,3,Francesa; Actual,Comer solo,1
Ginza Kitagawa,3F; 2-10-11 Ginza; Chuo-ku; Tokyo; 104-0061; Japón,Tokyo,Japón,3,Japonesa,Mesa del chef,1
PRUNIER,2F; Tokyo Kaikan; 3-2-1 Marunouchi; Chiyoda-ku; Tokyo; 100-0005; Japón,Tokyo,Japón,2,Francesa,Grupos,1
Yakumo Uezu,1-3-9 Yakumo; Meguro-ku; Tokyo; 152-0023; Japón,Tokyo,Japón,2,Japonesa,Comer solo,1
amarantos,9F; 5-6-7 Ginza; Chuo-ku; Tokyo; 104-0061; Japón,Tokyo,Japón,3,Francesa; Actual,Comer solo,1
Ginza Kousui,8F; 6-12-14 Ginza; Chuo-ku; Tokyo; 104-0061; Japón,Tokyo,Japón,3,Japonesa,Comer solo;Grupos,1
Oryori Tsuji,B1F; 3-3-9 Higashiazabu; Minato-ku; Tokyo; 106-0044; Japón,Tokyo,Japón,3,Japonesa,Comer solo;Grupos,1
Mutsukari,6F; 5-5-19 Ginza; Chuo-ku; Tokyo; 104-0061; Japón,Tokyo,Japón,2,Japonesa,Grupos,1
Sushi Miura,6-19-46 Akasaka; Minato-ku; Tokyo; 107-0052; Japón,Tokyo,Japón,3,Sushi,Comer solo;Cocina local,1
Ubuka,2-14 Arakicho; Shinjuku-ku; Tokyo; 160-0007; Japón,Tokyo,Japón,3,Crustáceos,,1
Gucci Osteria da Massimo Bottura Tokyo,4F; 6-6-12 Ginza; Chuo-ku; Tokyo; 104-0061; Japón,Tokyo,Japón,2,Italiana; Actual,Romántico;Grupos,1
Juksunchae,Marriott Executive Apartments Town Hall; 88/8 Soi Sukhumvit 49; Khlong Tan Nuea; Vadhana; Bangkok; 10110; Tailandia,Bangkok,Tailandia,2,Coreana contemporánea,Romántico,1
Resonance,108; 4 Soi Sukhumvit 65; Phra Khanong Nuea; Vadhana; Bangkok; 10110; Tailandia,Bangkok,Tailandia,3,Moderna,Romántico,1
Mia,30 Soi Athakravi 1; Rama 4 Road; Khlong Tan; Khlong Toei; Bangkok; 10110; Tailandia,Bangkok,Tailandia,3,Actual,Romántico,1
Coda,130-132 Wireless Road; Lumphini; Pathum Wan; Bangkok; 10330; Tailandia,Bangkok,Tailandia,2,Tailandesa contemporánea,Mesa del chef;Romántico,1
Haoma,231/3 Soi Sukhumvit 31; Khlong Toei Nuea; Vadhana; Bangkok; 10110; Tailandia,Bangkok,Tailandia,3,Hindú; Actual,Productos locales,1
Nahm,GF; COMO Metropolitan Bangkok; 27 Sathon Tai Road; Thung Maha Mek; Sathon; Bangkok; 10120; Tailandia,Bangkok,Tailandia,3,Thai; Tailandesa contemporánea,Romántico,1
"Elements, Inspired by Ciel Bleu",25F; The Okura Prestige; 57 Wireless Road; Lumphini; Pathum Wan; Bangkok; 10330; Tailandia,Bangkok,Tailandia,3,Francesa contemporánea,Romántico,1
Saneh Jaan,Sindhorn Tower; 130-132 Wireless Road; Lumphini; Pathum Wan; Bangkok; 10330; Tailandia,Bangkok,Tailandia,1,Thai,Familiar,1
AVANT,30F; Kimpton Maa-Lai Bangkok; 78 Soi Ton Son; Lumphini; Pathum Wan; Bangkok; 10300; Tailandia,Bangkok,Tailandia,3,Moderna,Mesa del chef;Comer solo,1
80/20,1052-1054 Charoen Krung 26 Road; Bang Rak; Bangkok; 10500; Tailandia,Bangkok,Tailandia,3,Tailandesa contemporánea,Mesa del chef,1
IGNIV,GF; The St. Regis; 159 Ratchadamri Road; Lumphini; Pathum Wan; Bangkok; 10330; Tailandia,Bangkok,Tailandia,3,Europea contemporánea,Romántico;Grupos,1
Blue by Alain Ducasse,Unit L101; 1F; ICONLUXE ICONSIAM Shopping Centre; 299 Charoen Nakhon Road; Khlong Ton Sai; Khlong San; Bangkok; 10600; Tailandia,Bangkok,Tailandia,3,Francesa contemporánea,Romántico,1
Signature,11F; VIE Hotel Bangkok - MGallery Collection; 117/39-40 Phayathai Road; Thanon Phetchaburi; Ratchathewi; Bangkok; 10400; Tailandia,Bangkok,Tailandia,3,Francesa,Mesa del chef,1
Potong,422 Vanich 1 Road; Samphanthawong; Bangkok; 10100; Tailandia,Bangkok,Tailandia,3,Innovadora,Tendencia,1
Chim by Siam Wisdom,315 Soi Ongkharak 13; Thanon Nakhon Chai Si; Dusit; Bangkok; 10110; Tailandia,Bangkok,Tailandia,2,Thai,Romántico;Grupos,1
Jay Fai,327 Maha Chai Road; Samran Rat; Phra Nakhon; Bangkok; 10200; Tailandia,Bangkok,Tailandia,2,Street food; Thai,Un clásico,1
AKKEE,42/99 Mu 7; Pak Kret Bypass Road; Bang Talat; Pak Kret; Nonthaburi; 11120; Tailandia,Nonthaburi,Tailandia,2,Thai; Actual,Tendencia,1
Sushi Kanesaka,1F; Grand InterContinental Seoul Parnas; 521 Teheran-ro; Gangnam-gu; Seoul; 06164; Corea del Sur,Seoul,Corea del Sur,3,Sushi,Comer solo,1
L'Amitié,2F; 30 Dosan-daero 67-gil; Gangnam-gu; Seoul; 06015; Corea del Sur,Seoul,Corea del Sur,2,Francesa,Grupos,1
Collage,2F; Ananti at Gangnam; 11 Nonhyeon-ro 136-gil; Gangnam-gu; Seoul; 06051; Corea del Sur,Seoul,Corea del Sur,2,Francesa contemporánea,Comer solo,1
Han,Vera 966; Buenos Aires; C1414AOT; Argentina,Buenos Aires,Argentina,3,Coreana,Comer solo,1
Yu Yuan,11F Four Seasons Hotel; 97 Saemunan-ro; Jongno-gu; Seoul; 03183; Corea del Sur,Seoul,Corea del Sur,3,China,Grupos,1
Il Ristorante - Niko Romito,1F; Bvlgari Hotel; Building 2; Courtyard 8; Xinyuan South Road; Chaoyang; Beijing; China Continental,Beijing,China Continental,3,Italiana,Comer solo,1
Fu Chun Ju,3F; The Puxuan Hotel; 1 Wangfujing Street; Dongcheng; Beijing; 100006; China Continental,Beijing,China Continental,2,Cantonesa,Familiar,1
Jing,B1 Level; The Peninsula Hotel; 8 Jinyu Hutong; Dongcheng; Beijing; China Continental,Beijing,China Continental,3,Francesa contemporánea,Mesa del chef;Comer solo,1
Cai Yi Xuan,2F; Four Seasons Hotel; 48 Liangmaqiao Road; Chaoyang; Beijing; China Continental,Beijing,China Continental,2,Cantonesa,Familiar,1
Trb Hutong,23 Shatan North Street; Dongcheng; Beijing; China Continental,Beijing,China Continental,3,Francesa contemporánea,Romántico,1
Mansion Cuisine by Jingyan,22 Jianchang Hutong; Dongcheng; Beijing; China Continental,Beijing,China Continental,3,Pekinesa,Grupos,1
Lu Style (Anding Road),5F; Uni Elite; Building 6; Courtyard 5; Anding Road; Chaoyang; Beijing; China Continental,Beijing,China Continental,2,Shandong,Grupos,1
Silver Pot,No. 532; 5F; M6; ICP Office Building; 300 Jiaozi Avenue; Wuhou; Chengdu; China Continental,Chengdu,China Continental,2,Cocina de Sichuan,Romántico,1
Silvers Omakase,224 Helena Ave.; Santa Barbara; CA; 93101; Estados Unidos,Santa Barbara,Estados Unidos,3,Sushi,Romántico,1
Caruso's,Rosewood Miramar Beach; 1759 S. Jameson Ln.; Montecito; CA; 93108; Estados Unidos,Montecito,Estados Unidos,3,Californiana; Italiana,,1
Chez Noir,5th Ave. btw. Dolores and San Carlos Sts.; Carmel-by-the-Sea; CA; 93921; Estados Unidos,Carmel-by-the-Sea,Estados Unidos,3,Actual; Pescados y mariscos,,1
The Restaurant at JUSTIN,11680 Chimney Rock Rd.; Paso Robles; CA; 93446; Estados Unidos,Paso Robles,Estados Unidos,3,Californiana; Actual,Romántico,1
Six Test Kitchen,3075 Blue Rock Rd.; Paso Robles; CA; 93446; Estados Unidos,Paso Robles,Estados Unidos,3,Actual,,1
Silks House,3F; Regent Hotel; 3; Lane 39; Section 2; Zhongshan North Road; Zhongshan District; Taipei; 104; Taiwán,Taipei,Taiwán,2,Cantonesa,Familiar;Grupos,1
La VidA,Viamonte 5022; Mendoza; M5505; Argentina,Mendoza,Argentina,3,Actual,Romántico,1
The Guest House,17F; Sheraton Grand Hotel; 12; Section 1; Zhongxiao East Road; Zhongzheng District; Taipei; 100; Taiwán,Taipei,Taiwán,2,Cocina de Sichuan; Huaiyanesa,Grupos,1
Conchas de Piedra,Carr. Tecate Km. 93.5; Valle de Guadalupe; 22761; Mexico,Valle de Guadalupe,Mexico,2,Pescados y mariscos; Mexicana,Terraza agradable,1
Sherwood,554 Frankton Road; Queenstown; 9300; Nueva Zelanda,Queenstown,Nueva Zelanda,1,Neozelandesa,Familiar;Productos locales,1
Damiana,Viñedos de la Reina; México 3 Supermanzana; Km. 71; Valle de Guadalupe; 22034; Mexico,Valle de Guadalupe,Mexico,3,Mexicana; Fusión,,1
Olivea Farm to Table,Carr. Federal #3; KM 92.5; La Ruta de Vino Valle de Guadalupe; Ensenada; 22766; Mexico,Ensenada,Mexico,3,Actual,,1
Sushi Inaba,20918 Hawthorne Blvd.; Torrance; CA; 90503; Estados Unidos,Torrance,Estados Unidos,3,Japonesa; Sushi,,1
Lucien,7863 Girard Ave.; Ste. 308; La Jolla; CA; 92037; Estados Unidos,La Jolla,Estados Unidos,3,Californiana,Romántico,1
Citrin,1104 Wilshire Blvd.; Santa Monica; CA; 90401; Estados Unidos,Santa Monica,Estados Unidos,3,Californiana,,1
Seline,3110 Main St.; Ste. 132; Santa Monica; CA; 90405; Estados Unidos,Santa Monica,Estados Unidos,3,Californiana; Actual,Romántico,1
Heritage,2030 E. 7th St.; Long Beach; CA; 90804; Estados Unidos,Long Beach,Estados Unidos,3,Californiana; Actual,,1
Soichi,2121 Adams Ave.; San Diego; CA; 92116; Estados Unidos,San Diego,Estados Unidos,3,Japonesa; Sushi,,1
Mori Nozomi,11500 W. Pico Blvd.; Los Angeles; CA; 90064; Estados Unidos,Los Angeles,Estados Unidos,3,Japonesa; Sushi,Romántico;Comer solo,1
KOJIMA,2130 Sawtelle Blvd.; Ste. 211; Los Angeles; CA; 90025; Estados Unidos,Los Angeles,Estados Unidos,3,Japonesa,Comer solo,1
n/naka,3455 Overland Ave.; Los Angeles; CA; 90034; Estados Unidos,Los Angeles,Estados Unidos,3,Japonesa; Actual,,1
Nozawa Bar,212 N. Cañon Dr.; Beverly Hills; CA; 90210; Estados Unidos,Beverly Hills,Estados Unidos,3,Japonesa; Sushi,,1
Lielle,9575 W. Pico Blvd.; Los Angeles; CA; 90035; Estados Unidos,Los Angeles,Estados Unidos,3,Californiana; Europea contemporánea,Romántico,1
Miura,218 N. Rodeo Dr.; Beverly Hills; CA; 90210; Estados Unidos,Beverly Hills,Estados Unidos,3,Sushi; Japonesa,Romántico,1
The Village Pub,2967 Woodside Rd.; Woodside; CA; 94062; Estados Unidos,Woodside,Estados Unidos,2,Actual; Americana Contemporánea,,1
R|O-Rebel Omakase,361 Forest Ave.; Ste. 103; Laguna Beach; CA; 92651; Estados Unidos,Laguna Beach,Estados Unidos,3,Japonesa; Sushi,,1
Holbox,3655 S. Grand Ave.; Los Angeles; CA; 90007; Estados Unidos,Los Angeles,Estados Unidos,1,Mexicana; Pescados y mariscos,Cocina local,1
Plumed Horse,14555 Big Basin Way; Saratoga; CA; 95070; Estados Unidos,Saratoga,Estados Unidos,3,Actual; Americana Contemporánea,,1
Lilo,2571 Roosevelt St.; Carlsbad; CA; 92008; Estados Unidos,Carlsbad,Estados Unidos,3,Californiana,Mesa del chef;Romántico,1
Meteora,6703 Melrose Ave.; Los Angeles; CA; 90038; Estados Unidos,Los Angeles,Estados Unidos,3,Creativa; Actual,,1
La Maison 1888,InterContinental Danang Sun Peninsula Resort; Son Tra Ward; Da Nang; 550000; Vietnam,Da Nang,Vietnam,3,Francesa contemporánea,Romántico,1
Kali,5722 Melrose Ave.; Los Angeles; CA; 90038; Estados Unidos,Los Angeles,Estados Unidos,3,Steakhouse; Californiana,Romántico,1
Hibana by Koki,B1F; Capella Hanoi; 11 Le Phung Hieu Street; Hoan Kiem Ward; Hanoi; 100000; Vietnam,Hanoi,Vietnam,3,Teppanyaki,Comer solo,1
Osteria Mozza,6602 Melrose Ave.; Los Angeles; CA; 90038; Estados Unidos,Los Angeles,Estados Unidos,3,Italiana,Romántico;Productos locales,1
Orsa & Winston,122 W. 4th St.; Los Angeles; CA; 90013; Estados Unidos,Los Angeles,Estados Unidos,3,Actual; Asiática,,1
Corridor 109,641 North Western Ave.; Ste. A; Los Angeles; CA; 90004; Estados Unidos,Los Angeles,Estados Unidos,3,Asiática contemporánea,Mesa del chef;Romántico,1
Restaurant Ki,111 San Pedro St.; Los Angeles; CA; 90012; Estados Unidos,Los Angeles,Estados Unidos,3,Coreana contemporánea,Mesa del chef,1
Selby's,3001 El Camino Real; Atherton; CA; 94061; Estados Unidos,Atherton,Estados Unidos,3,Americana; Clásica,,1
Protégé,250 California Ave.; Palo Alto; CA; 94306; Estados Unidos,Palo Alto,Estados Unidos,3,Actual; Californiana,,1
The Progress,1525 Fillmore St.; San Francisco; CA; 94115; Estados Unidos,San Francisco,Estados Unidos,2,Californiana,,1
7 Adams,1963 Sutter St.; San Francisco; CA; 94115; Estados Unidos,San Francisco,Estados Unidos,3,Californiana; Actual,,1
Sorrel,3228 Sacramento St.; San Francisco; CA; 94115; Estados Unidos,San Francisco,Estados Unidos,3,Actual; Italiana,,1
San Ho Won,2170 Bryant St.; San Francisco; CA; 94110; Estados Unidos,San Francisco,Estados Unidos,2,Coreana; Actual,Romántico,1
State Bird Provisions,1529 Fillmore St.; San Francisco; CA; 94115; Estados Unidos,San Francisco,Estados Unidos,2,Californiana,,1
Nari,Hotel Kabuki - JDV by Hyatt; 1625 Post St.; San Francisco; CA; 94115; Estados Unidos,San Francisco,Estados Unidos,2,Thai; Actual,Romántico,1
Kin Khao,Parc 55 San Francisco - a Hilton Hotel; 55 Cyril Magnin St.; San Francisco; CA; 94102; Estados Unidos,San Francisco,Estados Unidos,2,Thai; Californiana,,1
Nisei,2316 Polk St.; San Francisco; CA; 94109; Estados Unidos,San Francisco,Estados Unidos,3,Japonesa; Actual,Romántico;Productos locales,1
Restaurant Naides,708 Bush St.; San Francisco; CA; 94108; Estados Unidos,San Francisco,Estados Unidos,3,Filipina; Actual,,1
Wolfsbane,2495 3rd St.; San Francisco; CA; 94107; Estados Unidos,San Francisco,Estados Unidos,3,Actual; Californiana,,1
Ssal,2226 Polk St.; San Francisco; CA; 94109; Estados Unidos,San Francisco,Estados Unidos,3,Coreana; Actual,Romántico,1
Angler SF,132 The Embarcadero; San Francisco; CA; 94105; Estados Unidos,San Francisco,Estados Unidos,3,Actual; Pescados y mariscos,,1
Niku Steakhouse,61 Division St.; San Francisco; CA; 94103; Estados Unidos,San Francisco,Estados Unidos,3,Steakhouse,,1
Hilda and Jesse,701 Union St.; San Francisco; CA; 94133; Estados Unidos,San Francisco,Estados Unidos,2,Americana; Actual,,1
Mister Jiu’s,28 Waverly Pl.; San Francisco; CA; 94108; Estados Unidos,San Francisco,Estados Unidos,2,China; Actual,,1
Sun Moon Studio,1940 Union St.; Ste. 21; Oakland; CA; 94607; Estados Unidos,Oakland,Estados Unidos,3,Californiana,,1
Madcap,198 Sir Francis Drake Blvd.; San Anselmo; CA; 94960; Estados Unidos,San Anselmo,Estados Unidos,3,Actual; Asiática contemporánea,,1
Cyrus,275 CA-128; Geyserville; CA; 95441; Estados Unidos,Geyserville,Estados Unidos,3,Californiana; Moderna,,1
Troubadour,381 Healdsburg Ave.; Healdsburg; CA; 95448; Estados Unidos,Healdsburg,Estados Unidos,3,Francesa; Californiana,,1
Auberge du Soleil,180 Rutherford Hill Rd.; Rutherford; CA; 94573; Estados Unidos,Rutherford,Estados Unidos,3,Californiana,,1
Auro,Four Seasons Resort and Residences Napa Valley; 400 Silverado Trl.; Calistoga; CA; 94515; Estados Unidos,Calistoga,Estados Unidos,3,Actual; Francesa,,1
Localis,2031 S. St.; Sacramento; CA; 95811; Estados Unidos,Sacramento,Estados Unidos,3,Californiana; Actual,,1
The Kitchen,915 Broadway; Ste. 100; Sacramento; CA; 95818; Estados Unidos,Sacramento,Estados Unidos,3,Actual; Californiana,,1
Esquina Común,Fernando Montes De Oca; 86; Condesa; Cuauhtémoc; 06140; Mexico,Cuauhtémoc,Mexico,1,Mexicana; Creativa,Tendencia,1
Alcalde,Av. México 2903; Guadalajara; 44690; Mexico,Guadalajara,Mexico,3,Mexicana; Actual,Romántico;Tendencia,1
Máximo,Álvaro Obregón; 65 Bis; Roma Norte; Cuauhtémoc; 06700; Mexico,Cuauhtémoc,Mexico,3,Mexicana,Romántico;Grupos,1
Pangea,Av. del Roble 660; Valle del Campestre; San Pedro Garza García; 66273; Mexico,San Pedro Garza García,Mexico,2,Actual; Mexicana,,1
AnnaLena,1809 W. 1st Ave.; Vancouver; V6J 5B8; Canadá,Vancouver,Canadá,3,Actual,Romántico,1
KOLI Cocina de Origen,Río Amazonas 225; Colonia Del Valle; Monterrey; 66220; Mexico,Monterrey,Mexico,3,Mexicana; Creativa,,1
Published on Main,3593 Main St.; Vancouver; V5V 3N4; Canadá,Vancouver,Canadá,2,Actual; Norteamericana,Productos locales;Cocina local,1
Masayoshi,4376 Fraser St.; Vancouver; V5V 4G3; Canadá,Vancouver,Canadá,3,Japonesa; Sushi,,1
iDen & QuanJuDe Beijing Duck House,2808 Cambie St.; Vancouver; V5Z 2V5; Canadá,Vancouver,Canadá,3,China; Cocina especializada en pato,,1
Burdock & Co,2702 Main St.; Vancouver; V5T 3E8; Canadá,Vancouver,Canadá,3,Actual; Norteamericana,,1
Okeya Kyujiro,1038 Mainland St.; Vancouver; V6B 2T4; Canadá,Vancouver,Canadá,3,Japonesa; Sushi,,1
Sushi Hyun,795 Jervis St.; Vancouver; V6E 2B1; Canadá,Vancouver,Canadá,3,Japonesa; Sushi,Mesa del chef,1
Sushi Masuda,1066 W. Hastings St.; Vancouver; V6E 3X2; Canadá,Vancouver,Canadá,3,Japonesa; Sushi,,1
Kissa Tanto,263 E. Pender St.; Vancouver; V6A 1T8; Canadá,Vancouver,Canadá,3,Fusión; Actual,Romántico;Cocina local,1
L'Amant Secret,26F L'Escape Hotel; 67 Toegye-ro; Jung-gu; Seoul; 04529; Corea del Sur,Seoul,Corea del Sur,3,Actual,Romántico,1
Bicena,81F; Lotte World Tower; 300 Olympic-ro; Songpa-gu; Seoul; 05551; Corea del Sur,Seoul,Corea del Sur,2,Coreana,Grupos,1
Barbara,305 E. Pender St.; Vancouver; V6A 0J3; Canadá,Vancouver,Canadá,3,Actual,,1
Bosq,312 S. Mill St.; Aspen; CO; 81611; Estados Unidos,Aspen,Estados Unidos,3,Actual,,1
Mixtli,812 S. Alamo St.; Ste. 103; San Antonio; TX; 78205; Estados Unidos,San Antonio,Estados Unidos,3,Mexicana,,1
Isidore,221 Newell Ave.; San Antonio; TX; 78215; Estados Unidos,San Antonio,Estados Unidos,3,Americana; Steakhouse,Romántico;Productos locales,1
LeRoy and Lewis Barbecue,5621 Emerald Forest Dr.; Austin; TX; 78745; Estados Unidos,Austin,Estados Unidos,1,Barbacoa; Americana,Merece la espera;Grupos,1
Nicōsi,221 Newell Ave.; San Antonio; TX; 78215; Estados Unidos,San Antonio,Estados Unidos,3,Creativa,Romántico,1
Hestia,607 W. 3rd St.; Austin; TX; 78701; Estados Unidos,Austin,Estados Unidos,3,Americana; Actual,Romántico;Terraza agradable,1
la Barbecue,2401 E. Cesar Chavez St.; Austin; TX; 78702; Estados Unidos,Austin,Estados Unidos,1,Barbacoa,Un clásico;Merece la espera,1
Craft Omakase,4400 N. Lamar Blvd.; Ste. 102; Austin; TX; 78756; Estados Unidos,Austin,Estados Unidos,3,Japonesa; Sushi,Comer solo,1
Barley Swine,6555 Burnet Rd.; Ste. 400; Austin; TX; 78757; Estados Unidos,Austin,Estados Unidos,3,Actual; Americana,Romántico;Productos locales,1
Margot,1551 S. Pearl St.; Denver; CO; 80210; Estados Unidos,Denver,Estados Unidos,3,Actual,Romántico;Productos locales,1
Kizaki,1551 S. Pearl St.; Denver; CO; 80210; Estados Unidos,Denver,Estados Unidos,3,Japonesa; Sushi,,1
Brutø,1801 Blake St.; Denver; CO; 80202; Estados Unidos,Denver,Estados Unidos,3,Actual,,1
Mezcaleria Alma,2550 15th St.; Denver; CO; 80211; Estados Unidos,Denver,Estados Unidos,2,Mexicana; Actual,Romántico,1
PRU,60/1 Mu 6; Srisoonthorn Road; Choeng Thale; Thalang; Phuket; 83110; Tailandia,Phuket,Tailandia,3,Moderna; Actual,Productos locales,1
Cannubi by Umberto Bombana,LF; Dusit Thani Bangkok; 98 Rama IV Road; Silom; Bangrak; Bangkok; 10500; Tailandia,Bangkok,Tailandia,3,Italiana contemporánea,Romántico,1
Aulis,Iniala Beach House; 40/14 Mu 6; Ban Natai; Khok Kloi; Takua Thung; Phang-Nga; 82140; Tailandia,Phang-Nga,Tailandia,3,Creativa,Mesa del chef;Productos locales,1
Maison Dunand,55 Soi Sathon 10; Si Lom; Bang Rak; Bangkok; 10500; Tailandia,Bangkok,Tailandia,3,Alpina; Moderna,Mesa del chef;Romántico,1
Alma Fonda Fina,2556 15th St.; Denver; CO; 80211; Estados Unidos,Denver,Estados Unidos,2,Mexicana; Actual,Romántico,1
Beckon,2843 Larimer St.; Denver; CO; 80205; Estados Unidos,Denver,Estados Unidos,3,Actual,,1
Ixi'im,Chablé Yucatán; Tablaje #642; San Antonio Chablé; Chocholá; 97816; Mexico,Chocholá,Mexico,3,Mexicana; Actual,Productos locales,1
La Barra de Huniik,C. 60 417; Parque Santa Ana; Centro; Mérida; 97000; Mexico,Mérida,Mexico,3,Mexicana,,1
Tangará Jean-Georges,Rua Deputado Laércio Corte 1501; São Paulo; 05706-290; Brasil,São Paulo,Brasil,3,Actual,Un clásico,1
Musaafer,5115 Westheimer Rd.; Ste. 3500; Houston; TX; 77056; Estados Unidos,Houston,Estados Unidos,3,Hindú; Actual,Romántico,1
March,1624 Westheimer Rd.; Houston; TX; 77006; Estados Unidos,Houston,Estados Unidos,3,Creativa; Cocina mediterránea,,1
Le Jardinier Houston,5500 Main St.; Houston; TX; 77004; Estados Unidos,Houston,Estados Unidos,3,Francesa; Actual,Romántico,1
Tatemó,4740 Dacoma St.; Unit F.; Houston; TX; 77092; Estados Unidos,Houston,Estados Unidos,3,Mexicana; Actual,Mesa del chef,1
BCN Taste & Tradition,4210 Roseland St.; Houston; TX; 77006; Estados Unidos,Houston,Estados Unidos,3,Española; Actual,Un clásico;Romántico,1
Mamani,2681 Howell St.; #BU4; Dallas; TX; 75204; Estados Unidos,Dallas,Estados Unidos,3,Francesa contemporánea,Romántico,1
Tatsu Dallas,3309 Elm St.; Ste. 120; Dallas; TX; 75226; Estados Unidos,Dallas,Estados Unidos,3,Japonesa; Sushi,Romántico,1
Le Chique,Hotel Xcaret Arte; Carr. Chetumal-Puerto Juárez; Km. 282 L21-3 Colonia Rancho Xcaret; Playa del Carmen; 77710; Mexico,Playa del Carmen,Mexico,3,Actual; Mexicana,Mesa del chef,1
HA',Hotel Xcaret; Carr. Chetumal - Puerto Juárez Kilometro 282; Solidaridad; Playa del Carmen; 77710; Mexico,Playa del Carmen,Mexico,3,Mexicana; Actual,,1
Mee,Avenida Atlântica 1702; Rio de Janeiro; 22021-001; Brasil,Rio de Janeiro,Brasil,3,Con influencias asiáticas,Un clásico,1
Cocina de Autor Riviera Maya,Grand Velas; Carr. Cancún - Tulum Km 62; Playa del Carmen; Playa del Carmen; 77710; Mexico,Playa del Carmen,Mexico,3,Creativa; Mexicana,,1
Zasu,127 N. Carrollton Ave.; New Orleans; LA; 70119; Estados Unidos,New Orleans,Estados Unidos,2,Americana Contemporánea; Pescados y mariscos,,1
Saint-Germain,3054 Saint Claude Ave.; New Orleans; LA; 70117; Estados Unidos,New Orleans,Estados Unidos,3,Actual,Romántico,1
Ebbe,1202 N. Franklin St.; Tampa; FL; 33602; Estados Unidos,Tampa,Estados Unidos,3,Actual,,1
Koya,807 W. Platt St.; Tampa; FL; 33606; Estados Unidos,Tampa,Estados Unidos,3,Japonesa; Actual,,1
Kōsen,307 W. Palm Ave.; Tampa; FL; 33602; Estados Unidos,Tampa,Estados Unidos,3,Japonesa; Sushi,,1
Rocca,323 W. Palm Ave.; Tampa; FL; 33602; Estados Unidos,Tampa,Estados Unidos,1,Italiana; Actual,Romántico,1
Ariete,3540 Main Hwy.; Miami; FL; 33133; Estados Unidos,Miami,Estados Unidos,3,Actual,Terraza agradable;Romántico,1
Los Félix,3413 Main Hwy.; Miami; FL; 33133; Estados Unidos,Miami,Estados Unidos,2,Mexicana; Regional,,1
Elcielo Miami,31 S.E. 5th St.; Miami; FL; 33131; Estados Unidos,Miami,Estados Unidos,3,Colombiana; Moderna,,1
Shingo,112 Alhambra Cir.; Coral Gables; FL; 33134; Estados Unidos,Coral Gables,Estados Unidos,3,Japonesa; Sushi,Romántico,1
Le Jardinier Miami,151 N.E. 41st St.; Ste. 135; Miami; FL; 33137; Estados Unidos,Miami,Estados Unidos,3,Francesa; Actual,,1
Cote Miami,3900 N.E. 2nd Ave.; Miami; FL; 33137; Estados Unidos,Miami,Estados Unidos,2,Coreana; Steakhouse,Romántico;Familiar,1
Stubborn Seed,101 Washington Ave.; Miami Beach; FL; 33139; Estados Unidos,Miami Beach,Estados Unidos,3,Actual; Americana,,1
Boia De,5205 N.E. 2nd Ave.; Miami; FL; 33137; Estados Unidos,Miami,Estados Unidos,2,Actual; Italiana,Romántico;Cocina local,1
Mutra,2188 N.E. 123rd St.; North Miami; FL; 33181; Estados Unidos,North Miami,Estados Unidos,3,Cocina de Oriente Medio; Israelí,Productos locales,1
Tambourine Room by Tristan Brandt,Carillon Miami Wellness Resort; 6801 Collins Ave.; Miami Beach; FL; 33141; Estados Unidos,Miami Beach,Estados Unidos,3,Actual; Asiática,Romántico,1
The Catbird Seat,700 8th Ave. S.; 5th Fl.; Nashville; TN; 37203; Estados Unidos,Nashville,Estados Unidos,3,Actual,,1
The Surf Club Restaurant,Four Seasons Hotel at The Surf Club; Surfside; 9011 Collins Ave.; Surfside; FL; 33154; Estados Unidos,Surfside,Estados Unidos,3,Americana,Romántico,1
Bastion,434 Houston St.; Nashville; TN; 37203; Estados Unidos,Nashville,Estados Unidos,3,Actual; Cocina del Sur,Romántico,1
Chef's Counter at MAASS,Four Seasons Hotel and Residences; 525 N. Fort Lauderdale Beach Blvd.; Fort Lauderdale; FL; 33304; Estados Unidos,Fort Lauderdale,Estados Unidos,3,Actual; Americana,,1
Ômo by Jônt,115 E. Lyman Ave.; Winter Park; FL; 32789; Estados Unidos,Winter Park,Estados Unidos,3,Actual,,1
Soseki,955 W. Fairbanks Ave.; Winter Park; FL; 32789; Estados Unidos,Winter Park,Estados Unidos,3,Fusión; Sushi,,1
Emelina,424 Park Pl.; Ste. 101; West Palm Beach; FL; 33401; Estados Unidos,West Palm Beach,Estados Unidos,2,Cubana,,1
Camille,4962 New Broad St.; Orlando; FL; 32814; Estados Unidos,Orlando,Estados Unidos,3,Vietnamita; Francesa,,1
Mujō,691 14th St. NW; Ste. C; Atlanta; GA; 30318; Estados Unidos,Atlanta,Estados Unidos,3,Japonesa; Sushi,,1
Spring,36 Mill St.; Marietta; GA; 30060; Estados Unidos,Marietta,Estados Unidos,3,Actual,Romántico,1
Tenshima,Millenia Walk; #01-09; 9 Raffles Boulevard; Singapore; 039596; Singapur,Singapore,Singapur,2,Tempura,Comer solo,1
Burnt Ends,#01-02; 7 Dempsey Road; Singapore; 249671; Singapur,Singapore,Singapur,2,Barbacoa,Mesa del chef;Grupos,1
Jin Ting Wan,Marina Bay Sands Hotel; Tower 1; Level 55; 10 Bayfront Avenue; Singapore; 018956; Singapur,Singapore,Singapur,3,Cantonesa,Grupos,1
Hill Street Tai Hwa Pork Noodle,Blk 466; #01-12; Crawford Lane; Singapore; 190466; Singapur,Singapore,Singapur,0,Street food,Merece la espera,1
Yong Fu,Suntec City Mall; Tower 5; #01-444; 3 Temasek Boulevard; Singapore; 038983; Singapur,Singapore,Singapur,3,Cocina de Ningbó,Grupos,1
Cherry Garden by Chef Fei,Mandarin Oriental Hotel; Level 5; Marina Square; 5 Raffles Avenue; Singapore; 039797; Singapur,Singapore,Singapur,2,Cantonesa,Grupos,1
Nae:um,161 Telok Ayer Street; Singapore; 068615; Singapur,Singapore,Singapur,2,Coreana contemporánea,,1
Sushi Kimura +,Conrad Orchard; #01-03; 1 Cuscaden Road; Singapore; 249715; Singapur,Singapore,Singapur,3,Sushi,Comer solo,1
Loca Niru,House of Tan Yeok Nee; #02-01; 101 Penang Road; Singapore; 238466; Singapur,Singapore,Singapur,3,Innovadora,Comer solo,1
Marguerite,Flower Dome; #01-09; Gardens by The Bay; 18 Marina Gardens Drive; Singapore; 018953; Singapur,Singapore,Singapur,2,Australiana comtemporánea,Romántico,1
Hamamoto,58 Tras Street; Singapore; 078997; Singapur,Singapore,Singapur,3,Sushi,Comer solo,1
Ma Cuisine,38 Craig Road; Singapore; 089676; Singapur,Singapore,Singapur,2,Francesa,Romántico,1
Hābu,27 Jhengcin Road; Cianjhen District; Kaohsiung; Taiwán,Kaohsiung,Taiwán,2,Creativa,Comer solo,1
Kiku,4; Lane 135; Section 1; Anhe Road; Da'an District; Taipei; Taiwán,Taipei,Taiwán,3,Japonesa,Comer solo,1
Kitcho,48; Lane 181; Section 4; Zhongxiao East Road; Da'an District; Taipei; 106; Taiwán,Taipei,Taiwán,3,Sushi,,1
T+T,11; Lane 165; Dunhua North Road; Songshan District; Taipei; Taiwán,Taipei,Taiwán,2,Asiática contemporánea,Romántico,1
INITA,1; Alley 52; Lane 12; Section 3; Bade Road; Songshan District; Taipei; Taiwán,Taipei,Taiwán,3,Italiana contemporánea,Mesa del chef,1
Shin Yeh Taiwanese Signature,Marriott Midtown; 199 Lequn 2nd Road; Zhongshan District; Taipei; Taiwán,Taipei,Taiwán,1,Taiwanesa,Grupos,1
Ken Anhe,4; Lane 127; Section 1; Anhe Road; Da'an District; Taipei; 10681; Taiwán,Taipei,Taiwán,3,Japonesa,,1
Yu Dao,2-1 Lane 119; Yuguang Road; Anping District; Tainan; Taiwán,Tainan,Taiwán,3,Taiwanesa contemporánea,Mesa del chef;Romántico,1
Mipon,3F; Grand Mayfull Hotel; 55 Lequn 2nd Road; Zhongshan District; Taipei; 10462; Taiwán,Taipei,Taiwán,2,Taiwanesa,Grupos,1
La Vie by Thomas Bühner,1F; Noke Mall; 200 Lequn 3rd Road; Zhongshan District; Taipei; Taiwán,Taipei,Taiwán,3,Europea contemporánea,Romántico,1
the FRONT HOUSE,132 Sianjheng Road; Lingya District; Kaohsiung; 802; Taiwán,Kaohsiung,Taiwán,2,Innovadora,Romántico,1
Sho,2F; 806 Zhonghua 5th Road; Cianjhen District; Kaohsiung; Taiwán,Kaohsiung,Taiwán,2,Japonesa,Comer solo,1
Motoichi,11; Alley 27; Lane 216; Section 4; Zhongxiao East Road; Da’an District; Taipei; Taiwán,Taipei,Taiwán,3,Tempura japonesa,,1
Chuan Ya,46F; Breeze Nan Shan; 17 Songzhi Road; Xinyi District; Taipei; Taiwán,Taipei,Taiwán,2,Cocina de Sichuan,Romántico,1
Restaurant 12,12 Jianye Road; Shilin District; Taipei; Taiwán,Taipei,Taiwán,3,Moderna,Romántico,1
Ming Fu,18-1; Lane 137; Section 2; Zhongshan North Road; Zhongshan District; Taipei; 104; Taiwán,Taipei,Taiwán,2,Taiwanesa,Un clásico;Cocina local,1
SHINEYU,88; Section 1; Huilai Road; Xitun District; Taichung; Taiwán,Taichung,Taiwán,3,Cantonesa,Grupos,1
Circum-,B2; Regent Hotel; 3; Lane 39; Section 2; Zhongshan North Road; Zhongshan District; Taipei; Taiwán,Taipei,Taiwán,2,Creativa,Romántico,1
Sushiyoshi,12; Alley 19; Lane 216; Section 4; Zhongxiao East Road; Da'an District; Taipei; 106; Taiwán,Taipei,Taiwán,3,Japonesa,Comer solo,1
FRASSI,1F; 299 Lequn 3rd Road; Zhongshan District; Taipei; 203; Taiwán,Taipei,Taiwán,3,Italiana contemporánea,Romántico;Comer solo,1
Mume,28 Siwei Road; Da'an District; Taipei; 106; Taiwán,Taipei,Taiwán,2,Europea contemporánea,,1
Nibbon,9 Longshuei 2nd Road; Gushan District; Kaohsiung; Taiwán,Kaohsiung,Taiwán,3,Europea contemporánea,Romántico,1
Riccitelli Bistró,Callejón de La Reta 750; Mendoza; M5509; Argentina,Mendoza,Argentina,2,Cocina de temporada; Innovadora,Productos locales,1
Don Julio,Guatemala 4699; Buenos Aires; C1425BUK; Argentina,Buenos Aires,Argentina,3,A la Parrilla,Cocina local,1
Angélica Cocina Maestra,Cobos s/n; Mendoza; M5509; Argentina,Mendoza,Argentina,3,Creativa,Romántico;Tendencia,1
Trescha,Murillo 725; Buenos Aires; C1414AFE; Argentina,Buenos Aires,Argentina,3,Moderna,Comer solo,1
Centauro,Avenida Perú 1156; Mendoza; M5500; Argentina,Mendoza,Argentina,2,Actual,Romántico,1
Cal,Los Europeos 900; Mendoza; M5561; Argentina,Mendoza,Argentina,2,Creativa,Productos locales,1
Azafrán,Sarmiento 765; Mendoza; M5500; Argentina,Mendoza,Argentina,3,Moderna,Romántico,1
Brindillas,Guardia Vieja 2898; Mendoza; M5509; Argentina,Mendoza,Argentina,2,Moderna,Romántico,1
Casa Vigil,Videla Aranda 7008; Mendoza; M5519; Argentina,Mendoza,Argentina,3,Actual; Regional,Terraza agradable,1
Zonda Cocina de Paisaje,San Martín 1745 Bodega Lagarde; Mendoza; M5507; Argentina,Mendoza,Argentina,3,Tradicional; Creativa,Productos locales,1
Crizia,Fitz Roy 1819; Buenos Aires; C1414CIA; Argentina,Buenos Aires,Argentina,3,Actual,Romántico,1
Paris Butter,166 Jervois Road; Herne Bay; Auckland; 1011; Nueva Zelanda,Auckland,Nueva Zelanda,2,Neozelandesa,Romántico,1
Kika,2 Dunmore Street; Wānaka; 9305; Nueva Zelanda,Wānaka,Nueva Zelanda,2,Neozelandesa,Terraza agradable;Grupos,1
Inati,48 Hereford Street; Christchurch Central City; Christchurch; 8013; Nueva Zelanda,Christchurch,Nueva Zelanda,2,Europea contemporánea,Mesa del chef;Familiar,1
Ortega,16 Majoribanks Street; Mount Victoria; Wellington; 6011; Nueva Zelanda,Wellington,Nueva Zelanda,1,Pescados y mariscos,Favorito del inspector,1
Amisfield,10 Arrowtown-Lake Hayes Road; Queenstown; 9371; Nueva Zelanda,Queenstown,Nueva Zelanda,3,Innovadora,Romántico;Comer solo,1
Tantalus Estate Restaurant,Tantalus Estate; 70-72 Onetangi Road; Waiheke Island; 1971; Nueva Zelanda,Waiheke Island,Nueva Zelanda,2,Neozelandesa,Productos locales,1
Tussock Hill,210 Huntsbury Avenue; Cashmere; Christchurch; 8022; Nueva Zelanda,Christchurch,Nueva Zelanda,2,Neozelandesa,Familiar;Productos locales,1
Mudbrick,126 Church Bay Road; Oneroa; Waiheke Island; 1971; Nueva Zelanda,Waiheke Island,Nueva Zelanda,2,Neozelandesa,Terraza agradable,1
Ahi.,2F; Commercial Bay; 7 Queen Street; Auckland Central; Auckland; 1010; Nueva Zelanda,Auckland,Nueva Zelanda,2,Neozelandesa,Familiar;Productos locales,1
Tala,235 Parnell Road; Parnell; Auckland; 1052; Nueva Zelanda,Auckland,Nueva Zelanda,2,Cocina samoana,Mesa del chef,1
Rātā,Te Nuku; 43 Ballarat Street; Queenstown; 9348; Nueva Zelanda,Queenstown,Nueva Zelanda,2,Neozelandesa,Romántico;Familiar,1
Logan Brown,192 Cuba Street; Te Aro; Wellington; 6011; Nueva Zelanda,Wellington,Nueva Zelanda,2,Neozelandesa,Un clásico;Romántico,1
Jano Bistro,270 Willis Street; Te Aro; Wellington; 6011; Nueva Zelanda,Wellington,Nueva Zelanda,2,Francesa contemporánea,Romántico,1
Hayakawa,1055 Howell Mill Rd.; Atlanta; GA; 30318; Estados Unidos,Atlanta,Estados Unidos,3,Japonesa; Sushi,,1
Lazy Betty,999 Peachtree St. NE; Atlanta; GA; 30309; Estados Unidos,Atlanta,Estados Unidos,3,Actual,Romántico,1
Bacchanalia,1460 Ellsworth Industrial Blvd.; Ste. A; Atlanta; GA; 30318; Estados Unidos,Atlanta,Estados Unidos,3,Americana,Productos locales;Romántico,1
Atlas,The St. Regis Atlanta; 88 W. Paces Ferry Rd. NW; Atlanta; GA; 30305; Estados Unidos,Atlanta,Estados Unidos,3,Americana,Romántico,1
O by Brush,3009 Peachtree Rd. NE; Ste. 140; Atlanta; GA; 30305; Estados Unidos,Atlanta,Estados Unidos,3,Japonesa; Sushi,,1
Omakase Table,3330 Piedmont Rd. NE; #22A; Atlanta; GA; 30305; Estados Unidos,Atlanta,Estados Unidos,3,Japonesa; Sushi,,1
EL Ideas,2419 W. 14th St.; Chicago; IL; 60608; Estados Unidos,Chicago,Estados Unidos,3,Actual; Creativa,,1
Feld,2018 W. Chicago Ave.; Chicago; IL; 60622; Estados Unidos,Chicago,Estados Unidos,3,Actual; Cocina de mercado,Romántico;Tendencia,1
Elske,1350 W. Randolph Ave.; Chicago; IL; 60607; Estados Unidos,Chicago,Estados Unidos,3,Actual; Americana Contemporánea,,1
Schwa,1466 N. Ashland Ave.; Chicago; IL; 60662; Estados Unidos,Chicago,Estados Unidos,3,Actual; Innovadora,,1
Pasta|Bar,16101 Ventura Blvd.; Ste. 250; Encino; CA; 91436; Estados Unidos,Encino,Estados Unidos,3,Actual; Americana,,1
Sushi Kaneyoshi,250 E. 1st St.; B1; Los Angeles; CA; 90012; Estados Unidos,Los Angeles,Estados Unidos,3,Japonesa; Sushi,,1
Jeune et Jolie,2659 State St.; Carlsbad; CA; 92008; Estados Unidos,Carlsbad,Estados Unidos,3,Francesa; Californiana,,1
Press,587 St. Helena St.; Saint Helena; CA; 94574; Estados Unidos,Saint Helena,Estados Unidos,3,Moderna,,1
Wakuriya,115 De Anza Blvd.; San Mateo; CA; 94402; Estados Unidos,San Mateo,Estados Unidos,3,Japonesa; Californiana,Romántico,1
Bell's,406 Bell St.; Los Alamos; CA; 93440; Estados Unidos,Los Alamos,Estados Unidos,3,Francesa; Californiana,,1
Shin Sushi,16573 Ventura Blvd.; Ste. 14; Encino; CA; 91436; Estados Unidos,Encino,Estados Unidos,3,Japonesa; Sushi,,1
Sepia,123 N. Jefferson St.; Chicago; IL; 60661; Estados Unidos,Chicago,Estados Unidos,3,Americana; Americana Contemporánea,Romántico;Cocina local,1
Boka,1729 N. Halsted St.; Chicago; IL; 60614; Estados Unidos,Chicago,Estados Unidos,3,Actual; Americana,,1
Next,953 W. Fulton Market; Chicago; IL; 60607; Estados Unidos,Chicago,Estados Unidos,3,Actual,,1
Topolobampo,445 N. Clark St.; Chicago; IL; 60654; Estados Unidos,Chicago,Estados Unidos,3,Mexicana; Regional,Romántico;Cocina local,1
Indienne,217 W. Huron St.; Chicago; IL; 60654; Estados Unidos,Chicago,Estados Unidos,3,Hindú; Actual,Romántico,1
Moody Tongue,2515 S. Wabash Ave.; Chicago; IL; 60616; Estados Unidos,Chicago,Estados Unidos,3,Actual; Americana Contemporánea,,1
Mako,731 W. Lake St.; Chicago; IL; 60661; Estados Unidos,Chicago,Estados Unidos,3,Japonesa; Sushi,,1
Esmé,2200 N. Clark St.; Chicago; IL; 60614; Estados Unidos,Chicago,Estados Unidos,3,Actual; Creativa,,1
Cariño,4662 N. Broadway; Chicago; IL; 60640; Estados Unidos,Chicago,Estados Unidos,3,Mexicana; Actual,,1
Galit,2429 N. Lincoln Ave.; Chicago; IL; 60614; Estados Unidos,Chicago,Estados Unidos,3,Cocina de Oriente Medio; Cocina mediterránea,,1
Scoundrel,18 N. Main St.; Greenville; SC; 29601; Estados Unidos,Greenville,Estados Unidos,2,Francesa,Romántico;Tendencia,1
Wild Common,103 Spring St.; Charleston; SC; 29403; Estados Unidos,Charleston,Estados Unidos,3,Americana Contemporánea,Romántico,1
Vern's,41 Bogard St.; Charleston; SC; 29403; Estados Unidos,Charleston,Estados Unidos,2,Americana Contemporánea,Tendencia,1
Counter,2001 W. Morehead St.; Ste. D; Charlotte; NC; 28208; Estados Unidos,Charlotte,Estados Unidos,3,Actual,,1
Xiquet,2404 Wisconsin Ave. NW; Washington; DC; 20007; Estados Unidos,Washington,Estados Unidos,3,Española,,1
The Pine,7535 County Rd. 9; Creemore; L0M 1G0; Canadá,Creemore,Canadá,3,China; Actual,,1
Fiola,601 Pennsylvania Ave. NW; Washington; DC; 20004; Estados Unidos,Washington,Estados Unidos,3,Italiana; Actual,Romántico,1
Imperfecto: The Chef's Table,1124 23rd St. NW; Washington; DC; 20037; Estados Unidos,Washington,Estados Unidos,3,Latinoamericana,Mesa del chef,1
Mita,804 V St. NW; Washington; DC; 20001; Estados Unidos,Washington,Estados Unidos,3,Vegetariana; Latinoamericana,Romántico,1
Rania,427 11th St. NW; Washington; DC; 20004; Estados Unidos,Washington,Estados Unidos,3,Hindú; Actual,Romántico,1
Albi,1346 4th St. SE; Washington; DC; 20003; Estados Unidos,Washington,Estados Unidos,3,Cocina de Oriente Medio,,1
Sushi Nakazawa Washington DC,Waldorf Astoria;1100 Pennsylvania Ave. NW; Washington; DC; 20004; Estados Unidos,Washington,Estados Unidos,3,Japonesa; Sushi,,1
Bresca,1906 14th St. NW; Washington; DC; 20009; Estados Unidos,Washington,Estados Unidos,3,Actual; Americana,,1
Causa,920 Blagden Alley NW; Washington; DC; 20001; Estados Unidos,Washington,Estados Unidos,3,Peruana; Latinoamericana,,1
Oyster Oyster,1440 8th St. NW; Washington; DC; 20001; Estados Unidos,Washington,Estados Unidos,2,Vegetariana; Actual,Productos locales;Cocina local,1
The Dabney,122 Blagden Alley NW; Washington; DC; 20001; Estados Unidos,Washington,Estados Unidos,3,Americana; Actual,Cocina local,1
Little Pearl,921 Pennsylvania Ave. SE; Washington; DC; 20003; Estados Unidos,Washington,Estados Unidos,3,Actual,Romántico;Cocina local,1
Rooster & Owl,2436 14th St. NW; Washington; DC; 20009; Estados Unidos,Washington,Estados Unidos,2,Actual; Fusión,,1
Pineapple and Pearls,715 8th St. SE; Washington; DC; 20003; Estados Unidos,Washington,Estados Unidos,3,Actual,Un clásico;Romántico,1
Rose’s Luxury,717 8th St. SE; Washington; DC; 20003; Estados Unidos,Washington,Estados Unidos,3,Actual,,1
Elcielo Washington DC,1280 4th St. NE; Washington; DC; 20002; Estados Unidos,Washington,Estados Unidos,3,Colombiana; Actual,Romántico,1
Omakase at Barracks Row,522 8th St. SE; Washington; DC; 20003; Estados Unidos,Washington,Estados Unidos,3,Japonesa; Sushi,,1
Edulis,169 Niagara St.; Toronto; M5V 1C9; Canadá,Toronto,Canadá,3,Cocina mediterránea,,1
Masseria,1340 4th St. NE; Washington; DC; 20002; Estados Unidos,Washington,Estados Unidos,3,Italiana; Regional,,1
Aburi Hana,102 Yorkville Ave.; Toronto; M5R 1B9; Canadá,Toronto,Canadá,3,Japonesa,Mesa del chef,1
Quetzal,419 College St.; Toronto; M5T 1T1; Canadá,Toronto,Canadá,3,Mexicana,Romántico,1
Sushi Masaki Saito,88 Avenue Rd.; Toronto; M5R 2H2; Canadá,Toronto,Canadá,3,Japonesa,,1
Osteria Giulia,134 Avenue Rd.; Toronto; M5R 2H6; Canadá,Toronto,Canadá,3,Italiana; Pescados y mariscos,Romántico;Cocina local,1
Restaurant 20 Victoria,20 Victoria St.; Unit 100; Toronto; M5C 2N8; Canadá,Toronto,Canadá,3,Actual; Pescados y mariscos,Romántico,1
Alo,3rd Floor; 163 Spadina Ave.; Toronto; M5V 2L6; Canadá,Toronto,Canadá,3,Actual; Francesa,Un clásico;Romántico,1
Shoushin,3328 Yonge St.; Toronto; M4N 2M4; Canadá,Toronto,Canadá,3,Japonesa; Sushi,,1
Enigma Yorkville,23 St. Thomas St.; Toronto; M5S 3E7; Canadá,Toronto,Canadá,3,Actual,,1
Kaiseki Yu-zen Hashimoto,6 Sakura Way; Toronto; M3C 1Z5; Canadá,Toronto,Canadá,3,Japonesa,,1
Kappo Sato,575 Mount Pleasant Rd.; Toronto; M4S 2M5; Canadá,Toronto,Canadá,3,Japonesa; Actual,Mesa del chef;Romántico,1
avatāra,Business Park 1; Dubai Hills Estate; Dubai Hills; Dubái; Dubai,Dubái,Dubai,3,Hindú vegetariana,,1
La Dame de Pic Dubai,25th Floor; The Link; One&Only One Za’abeel; Za'abeel 1; Dubái; Dubai,Dubái,Dubai,3,Francesa moderna,Tendencia,1
moonrise,Eden House; 41 Street; Al Satwa; Dubái; Dubai,Dubái,Dubai,3,Creativa,Mesa del chef,1
Orfali Bros,Wasl 51 Mall; Jumeirah 1; Dubái; Dubai,Dubái,Dubai,3,Actual; Cocina de Oriente Medio,,1
Manāo,Wasl Vita Mall ; Jumeirah 1; Dubái; Dubai,Dubái,Dubai,3,Tailandesa contemporánea,Tendencia,1
11 Woodfire,Villa 11; 75B Street; Jumeirah 1; Dubái; Dubai,Dubái,Dubai,2,Moderna,Terraza agradable,1
Hōseki,Bulgari Resort Dubai Hotel; 4th Floor; Jumeirah Bay Island; Jumeirah 2; Dubái; Dubai,Dubái,Dubai,3,Japonesa,Comer solo,1
Tasca by José Avillez,Mandarin Oriental Jumeira Hotel; Jumeirah Beach Road; Jumeirah 1; Dubái; Dubai,Dubái,Dubai,3,Portuguesa,Terraza agradable;Comer solo,1
Al Muntaha,Burj Al Arab Jumeirah; Dubái; Dubai,Dubái,Dubai,3,Francesa,Un clásico,1
Smoked Room,St Regis Gardens; The Palm Jumeirah; Dubái; Dubai,Dubái,Dubai,3,Actual,,1
Ossiano,Atlantis The Palm; Crescent Road; The Palm; Dubái; Dubai,Dubái,Dubai,3,Creativa,Romántico,1
Hakkasan Dubai,Atlantis The Palm; Crescent Road; The Palm Jumeriah; Dubái; Dubai,Dubái,Dubai,3,China; Actual,Tendencia,1
Dinner by Heston Blumenthal,Atlantis The Royal; Crescent Road; The Palm Jumeirah; Dubái; Dubai,Dubái,Dubai,3,Inglesa tradicional,,1
Friday Saturday Sunday,261 S. 21st St.; Philadelphia; PA; 19103; Estados Unidos,Philadelphia,Estados Unidos,3,Americana Contemporánea,,1
Her Place Supper Club,1740 Sansom St.; Philadelphia; PA; 19103; Estados Unidos,Philadelphia,Estados Unidos,3,Actual; Europea,,1
Talea by Antonio Guida,Emirates Palace Mandarin Oriental Hotel; West Corniche Road; Al Ras Al Akhdar; Abu Dhabi,Abu Dhabi,Abu Dhabi,3,Italiana,Terraza agradable,1
Provenance,408 S. 2nd St.; Philadelphia; PA; 19147; Estados Unidos,Philadelphia,Estados Unidos,3,Actual,Mesa del chef;Tendencia,1
L’Abeille,412 Greenwich St.; Nueva York; NY; 10013; Estados Unidos,Nueva York,Estados Unidos,3,Francesa; Actual,Romántico,1
Hakkasan,Emirates Palace Mandarin Oriental Hotel; West Corniche Road; Al Ras Al Akhdar; Abu Dhabi,Abu Dhabi,Abu Dhabi,3,China,Romántico,1
Crown Shy,70 Pine St.; Nueva York; NY; 10005; Estados Unidos,Nueva York,Estados Unidos,2,Actual; Americana,Romántico,1
Icca,20 Warren St.; Nueva York; NY; 10007; Estados Unidos,Nueva York,Estados Unidos,3,Japonesa; Sushi,,1
Huso,323A Greenwich St.; Nueva York; NY; 10013; Estados Unidos,Nueva York,Estados Unidos,3,Actual,Mesa del chef;Romántico,1
Muku,412 Greenwich St.; Nueva York; NY; 10013; Estados Unidos,Nueva York,Estados Unidos,3,Japonesa,,1
Kosaka,220 W. 13th St.; Nueva York; NY; 10011; Estados Unidos,Nueva York,Estados Unidos,3,Japonesa; Sushi,,1
Sixty Three Clinton,63 Clinton St.; Nueva York; NY; 10002; Estados Unidos,Nueva York,Estados Unidos,3,Actual,Romántico,1
Torrisi,275 Mulberry St.; Nueva York; NY; 10012; Estados Unidos,Nueva York,Estados Unidos,3,Actual; Italo-Americana,Un clásico;Romántico,1
Noz 17,458 W. 17th St.; Nueva York; NY; 10011; Estados Unidos,Nueva York,Estados Unidos,3,Japonesa; Sushi,,1
Family Meal at Blue Hill,75 Washington Pl.; Nueva York; NY; 10011; Estados Unidos,Nueva York,Estados Unidos,3,Americana,,1
Dirt Candy,86 Allen St.; Nueva York; NY; 10002; Estados Unidos,Nueva York,Estados Unidos,3,Vegetariana; Vegana,,1
Shmoné,61 W. 8th St.; Nueva York; NY; 10011; Estados Unidos,Nueva York,Estados Unidos,3,Israelí; Cocina de Oriente Medio,,1
Semma,60 Greenwich Ave.; Nueva York; NY; 10011; Estados Unidos,Nueva York,Estados Unidos,2,Hindú; Regional,Romántico,1
Jeju Noodle Bar,679 Greenwich St.; Nueva York; NY; 10014; Estados Unidos,Nueva York,Estados Unidos,2,Coreana,,1
Sushi Nakazawa New York,23 Commerce St.; Nueva York; NY; 10014; Estados Unidos,Nueva York,Estados Unidos,3,Japonesa; Sushi,,1
Estela,47 E. Houston St.; Nueva York; NY; 10012; Estados Unidos,Nueva York,Estados Unidos,3,Actual; Americana,Romántico,1
Torien,292 Elizabeth St.; Nueva York; NY; 10012; Estados Unidos,Nueva York,Estados Unidos,3,Japonesa; Yakitori,,1
Frevo,48 W. 8th St.; Nueva York; NY; 10011; Estados Unidos,Nueva York,Estados Unidos,3,Actual,,1
Corima,3 Allen St.; Nueva York; NY; 10002; Estados Unidos,Nueva York,Estados Unidos,3,Mexicana; Actual,Mesa del chef,1
Yamada,16 Elizabeth St.; Nueva York; NY; 10013; Estados Unidos,Nueva York,Estados Unidos,3,Japonesa,Comer solo,1
Bridges,9 Chatham Sq.; Nueva York; NY; 10038; Estados Unidos,Nueva York,Estados Unidos,2,Actual,,1
Le Coucou,11 Howard Hotel; 138 Lafayette St.; Nueva York; NY; 10013; Estados Unidos,Nueva York,Estados Unidos,3,Francesa,,1
Mari,679 Ninth Ave.; Nueva York; NY; 10036; Estados Unidos,Nueva York,Estados Unidos,3,Coreana,,1
Nōksu,49 W. 32nd St.; Nueva York; NY; 10001; Estados Unidos,Nueva York,Estados Unidos,3,Actual; Coreana,,1
Casa Mono,52 Irving Pl.; Nueva York; NY; 10003; Estados Unidos,Nueva York,Estados Unidos,2,Española; Actual,,1
Bar Miller,620 E. 6th St.; Nueva York; NY; 10009; Estados Unidos,Nueva York,Estados Unidos,3,Japonesa; Sushi,,1
bōm,17 W. 19th St.; Nueva York; NY; 10011; Estados Unidos,Nueva York,Estados Unidos,3,Coreana; Actual,,1
Shota Omakase,50 S. 3rd St.; Brooklyn; NY; 11249; Estados Unidos,Brooklyn,Estados Unidos,3,Japonesa; Sushi,,1
Tuome,536 E. 5th St.; Nueva York; NY; 10009; Estados Unidos,Nueva York,Estados Unidos,2,Fusión; Asiática contemporánea,Romántico,1
Oiji Mi,17 W. 19th St.; Nueva York; NY; 10011; Estados Unidos,Nueva York,Estados Unidos,3,Coreana; Actual,,1
The Four Horsemen,295 Grand St.; Brooklyn; NY; 11211; Estados Unidos,Brooklyn,Estados Unidos,3,Americana; Californiana,,1
YingTao,805 9th Ave.; Nueva York; NY; 10019; Estados Unidos,Nueva York,Estados Unidos,3,Actual; China,,1
Gramercy Tavern,42 E. 20th St.; Nueva York; NY; 10003; Estados Unidos,Nueva York,Estados Unidos,3,Actual; Americana,Un clásico;Romántico,1
Jōji,1 Vanderbilt Ave.; Nueva York; NY; 10017; Estados Unidos,Nueva York,Estados Unidos,3,Japonesa; Sushi,,1
Cote,16 W. 22nd St.; Nueva York; NY; 10010; Estados Unidos,Nueva York,Estados Unidos,3,Coreana; Steakhouse,,1
Francie,136 Broadway; Brooklyn; NY; 11249; Estados Unidos,Brooklyn,Estados Unidos,3,Actual; Italiana,,1
Noda,37 W. 20th St.; Nueva York; NY; 10011; Estados Unidos,Nueva York,Estados Unidos,3,Japonesa; Sushi,,1
Kochi,652 Tenth Ave.; Nueva York; NY; 10036; Estados Unidos,Nueva York,Estados Unidos,3,Coreana; Actual,,1
Tempura Matsui,222 E. 39th St.; Nueva York; NY; 10016; Estados Unidos,Nueva York,Estados Unidos,3,Japonesa; Tempura,,1
Le Pavillon,1 Vanderbilt Ave.; Nueva York; NY; 10017; Estados Unidos,Nueva York,Estados Unidos,3,Francesa; Actual,,1
Jua,36 E. 22nd St.; Nueva York; NY; 10010; Estados Unidos,Nueva York,Estados Unidos,3,Coreana; Coreana contemporánea,,1
Restaurant Yuu,55 Nassau Ave.; #1A; Brooklyn; NY; 11222; Estados Unidos,Brooklyn,Estados Unidos,3,Francesa contemporánea; Japonesa,,1
Essential by Christophe,103 W. 77th St.; Nueva York; NY; 10024; Estados Unidos,Nueva York,Estados Unidos,3,Francesa contemporánea; Actual,Romántico,1
Oxomoco,128 Greenpoint Ave.; Brooklyn; NY; 11222; Estados Unidos,Brooklyn,Estados Unidos,2,Mexicana; Actual,,1
Daniel,60 E. 65th St.; Nueva York; NY; 10065; Estados Unidos,Nueva York,Estados Unidos,3,Francesa,,1
Meju,5-28 49th Ave.; Queens; NY; 11101; Estados Unidos,Queens,Estados Unidos,3,Coreana; Regional,,1
Café Boulud,100 E. 63rd St.; Nueva York; NY; 10065; Estados Unidos,Nueva York,Estados Unidos,3,Francesa,Romántico,1
Sabayon,2194 rue Centre; Montréal; H3K 1J4; Canadá,Montréal,Canadá,3,Moderna,Productos locales,1
La Bastide by Andrea Calstier,721 Titicus Rd.; North Salem; NY; 10560; Estados Unidos,North Salem,Estados Unidos,3,Francesa,Romántico,1
Hoogan et Beaufort,4095 rue Molson; Montréal; H1Y 3L1; Canadá,Montréal,Canadá,3,Moderna,Comer solo;Productos locales,1
Jérôme Ferrer - Europea,1065 rue de la Montagne; Montréal; H3G 0B9; Canadá,Montréal,Canadá,3,Moderna; Creativa,,1
Laurie Raphaël,117 rue Dalhousie; Québec; G1K 9C8; Canadá,Québec,Canadá,3,Moderna; Creativa,Grupos,1
Revithia,Temenni Mahallesi; Eski Kayakapı Mahallesi; Davut Ağa Sokak No:1; Ürgüp; 50400; Turquía,Ürgüp,Turquía,3,Regional; Tradicional,Terraza agradable;Romántico,1
Finnjävel Salonki,Ainonkatu 3; Helsinki; 00100; Finlandia,Helsinki,Finlandia,3,Moderna,Romántico;Cocina local,1
VÅR,Papinkatu 17; Porvoo; 06100; Finlandia,Porvoo,Finlandia,3,Moderna,Productos locales,1
DILL,Laugavegur 59; Reikiavik; 101; Islandia,Reikiavik,Islandia,3,Creativa,Romántico;Productos locales,1
Kaskis,Kaskenkatu 6A; Turku; 20700; Finlandia,Turku,Finlandia,3,Moderna,Mesa del chef;Productos locales,1
Speilsalen,Dronningens gate 5; Trondheim; 7011; Noruega,Trondheim,Noruega,3,Actual; Moderna,Romántico,1
JOHN Chef's Hall,A22 Hotel; Ausekļa iela 22; Riga; 1010; Letonia,Riga,Letonia,3,Moderna,Romántico,1
Sankai by Nagaya,Bebek; Cevdet Paşa Caddesi No:34; Beşiktaş; Istanbul; 34342; Turquía,Istanbul,Turquía,3,Japonesa contemporánea,,1
Casa Lavanda,Ulupelit Köyü; Seçilmiş Sokak No:2; Şile; Istanbul; 34980; Turquía,Istanbul,Turquía,3,Tradicional; Cocina mediterránea,Romántico;Productos locales,1
Nicole,Tomtom Kaptan Sokak No:18; Beyoğlu; Istanbul; 34433; Turquía,Istanbul,Turquía,3,Moderna; Turca,Merece la espera;Romántico,1
Neolokal,Arap Camii Mahallesi; Bankalar Caddesi No:11/1; Beyoğlu; Istanbul; 34420; Turquía,Istanbul,Turquía,3,Turca; Moderna,Productos locales,1
Maçakızı,Göltürkbükü Mahallesi; Keleşharim Caddesi No:70; Bodrum; 48400; Turquía,Bodrum,Turquía,3,Moderna,Terraza agradable,1
Mezra Yalıkavak,Dirmil Mahallesi; 6885. Sokak No:3; Bodrum; 48990; Turquía,Bodrum,Turquía,3,Cocina de mercado; Turca,Merece la espera;Productos locales,1
Narımor,Sıra Mahallesi; Eren Sokak; Urla; Izmir; 35320; Turquía,Izmir,Turquía,3,Turca; Moderna,Romántico,1
Kitchen By Osman Sezener,Dirmil Mahallesi; Balyek Caddesi No:5A; Yalıkavak; Bodrum; 48400; Turquía,Bodrum,Turquía,3,Moderna; Regional,,1
Mon Oncle,Universitetsgata 9; Oslo; 0164; Noruega,Oslo,Noruega,2,Francesa,Romántico,1
NUTA,Plac Trzech Krzyży 10/14; Varsovia; 00-499; Polonia,Varsovia,Polonia,3,Creativa,Romántico,1
Rozbrat 20,ul. Rozbrat 20; Varsovia; 00-447; Polonia,Varsovia,Polonia,3,Moderna,,1
Arco by Paco Pérez,33rd Floor; Olivia Centre; Aleja Grunwaldzka 472c; Gdansk; 80-309; Polonia,Gdansk,Polonia,3,Creativa; Cocina mediterránea,Romántico,1
Koka,Viktoriagatan 12; Gothenburg; 411 25; Suecia,Gothenburg,Suecia,2,Moderna,,1
Pelagos,40 Apollonos Street; Atenas; 166 71; Grecia,Atenas,Grecia,3,Actual; Cocina mediterránea,Romántico,1
Botrini's,24b Vasileos Georgiou B Avenue; Atenas; 152 33; Grecia,Atenas,Grecia,3,Cocina mediterránea,,1
Patio,11 Litous; Vouliagmeni; Atenas; 16671; Grecia,Atenas,Grecia,3,Moderna,Romántico,1
Hytra,1 Petrou Kokkali Street; Atenas; 11521; Grecia,Atenas,Grecia,3,Moderna,Romántico,1
Soil,5 Ferekidou Street; Atenas; 116 35; Grecia,Atenas,Grecia,3,Moderna; Actual,Productos locales,1
Tudor Hall,3A Vasileos Georgiou A; Atenas; 10564; Grecia,Atenas,Grecia,3,Moderna; Creativa,Romántico,1
Spondi,5 Pyrronos Street; Atenas; 116 36; Grecia,Atenas,Grecia,3,Francesa,Terraza agradable,1
The Zillers Rooftop Gastronomy,54 Mitropoleos; Atenas; 10563; Grecia,Atenas,Grecia,2,Actual; Griega,Romántico,1
Hervé,170 Trion Ierarchon Street; Atenas; 118 52; Grecia,Atenas,Grecia,3,Moderna; Actual,Comer solo,1
Alimentum,Løkkegade 23; Aalborg; 9000; Dinamarca,Aalborg,Dinamarca,2,Moderna,Productos locales,1
Makris Athens,10 Astiggos - 119 Ermou Street; Atenas; 10555; Grecia,Atenas,Grecia,3,Creativa,Tendencia,1
Lille Mølle,Christianshavns Voldgade 52; Copenhague; 1424; Dinamarca,Copenhague,Dinamarca,3,Moderna,,1
Marchal,Kongens Nytorv 34; Copenhague; 1050 K; Dinamarca,Copenhague,Dinamarca,2,Moderna; Francesa contemporánea,Un clásico;Romántico,1
Udtryk,Teglgårdstræde 8A; Copenhague; 1452; Dinamarca,Copenhague,Dinamarca,3,Creativa,Romántico,1
formel B,Vesterbrogade 184; Frederiksberg; Copenhague; 1800 C; Dinamarca,Copenhague,Dinamarca,2,Moderna,Romántico,1
freustil,Zeppelinstraße 8; Ostseebad Binz; 18609; Alemania,Ostseebad Binz,Alemania,2,Creativa; Cocina de temporada,Romántico,1
Dragsholm Slot Gourmet,Dragsholm Allé; Hørve; 4534; Dinamarca,Hørve,Dinamarca,3,Creativa,Romántico;Productos locales,1
Most,Księcia Witolda 1; Wrocław; 50-202; Polonia,Wrocław,Polonia,2,Moderna,Romántico,1
Langouste,Kosančićev Venac 29; Belgrade; 11000; Serbia,Belgrade,Serbia,2,Moderna; Actual,Romántico;Productos locales,1
Fleur de Sel,Počenta bb; Novi Slankamen; 22323; Serbia,Novi Slankamen,Serbia,3,Moderna; Actual,Un clásico;Romántico,1
Ti Trin Ned,Toldkammeret 9; Fredericia; 7000; Dinamarca,Fredericia,Dinamarca,3,Creativa; Moderna,Romántico,1
Ostseelounge,Birkenallee 20; Dierhagen; 18347; Alemania,Dierhagen,Alemania,3,Moderna; Cocina de temporada,Mesa del chef,1
Salt,Hotel Rum Budapest; Királyi Pál utca 4; Budapest; 1053; Hungría,Budapest,Hungría,3,Moderna,Productos locales,1
Babel,Piarista Köz 2; Budapest; 1052; Hungría,Budapest,Hungría,3,Moderna,Terraza agradable;Romántico,1
Rumour by Rácz Jenő,Petőfi tér 3; Budapest; 1051; Hungría,Budapest,Hungría,3,Creativa,Comer solo,1
Costes Restaurant,Ráday utca 4; Budapest; 1092; Hungría,Budapest,Hungría,3,Moderna,,1
Alte Schule - Klassenzimmer,Zur Alten Schule 5; Feldberger Seenlandschaft; 17258; Alemania,Feldberger Seenlandschaft,Alemania,3,Moderna; Cocina de mercado,Romántico,1
Friedrich Franz,Prof.-Dr.-Vogel-Straße 6; Bad Doberan; 18209; Alemania,Bad Doberan,Alemania,3,Moderna; Cocina de temporada,Romántico,1
Gourmet-Restaurant Der Butt,Am Yachthafen 1; Rostock; 18119; Alemania,Rostock,Alemania,3,Moderna; Creativa,Romántico,1
Ich weiß ein Haus am See,Paradiesweg 3; Krakow am See; 18292; Alemania,Krakow am See,Alemania,3,Francesa clásica,Romántico,1
Bricole,Senefelderstraße 30; Berlín; 10437; Alemania,Berlín,Alemania,3,Francesa moderna; Con influencias asiáticas,Romántico,1
Matthias,Kollwitzstraße 87; Berlín; 10435; Alemania,Berlín,Alemania,2,Moderna; Francesa,,1
hallmann & klee,Böhmische Straße 13; Berlín; 12055; Alemania,Berlín,Alemania,2,Moderna,,1
Cookies Cream,Behrenstraße 55; Berlín; 10117; Alemania,Berlín,Alemania,3,Vegetariana,Romántico,1
Loumi,Ritterstraße 2; Berlín; 10969; Alemania,Berlín,Alemania,3,Internacional; Asiática,,1
tulus lotrek,Fichtestraße 24; Berlín; 10967; Alemania,Berlín,Alemania,3,Moderna; Internacional,Romántico,1
Bandol sur mer,Torstraße 167; Berlín; 10115; Alemania,Berlín,Alemania,3,Creativa; Cocina de temporada,,1
Nobelhart & Schmutzig,Friedrichstraße 218; Berlín; 10969; Alemania,Berlín,Alemania,3,Creativa; Regional,Productos locales,1
Lorenz Adlon Esszimmer,Unter den Linden 77; Berlín; 10117; Alemania,Berlín,Alemania,3,Creativa,Romántico,1
Irma la Douce,Potsdamer Straße 102; Berlín; 10785; Alemania,Berlín,Alemania,2,Francesa clásica,,1
GOLVET,Potsdamer Straße 58; Berlín; 10785; Alemania,Berlín,Alemania,3,Creativa,,1
Hugos,Budapester Straße 2; Berlín; 10787; Alemania,Berlín,Alemania,3,Moderna; Internacional,Romántico,1
pars Restaurant,Grolmanstraße 53; Berlín; 10623; Alemania,Berlín,Alemania,3,Moderna,,1
Bonvivant,Goltzstraße 32; Berlín; 10781; Alemania,Berlín,Alemania,3,Vegana,,1
Ahlmanns,Niemannsweg 102; Kiel; 24105; Alemania,Kiel,Alemania,3,Creativa; Cocina de temporada,,1
DiVa,Strandallee 146; Scharbeutz; 23683; Alemania,Scharbeutz,Alemania,3,Francesa moderna; Internacional,,1
Orangerie,Strandallee 73; Timmendorfer Strand; 23669; Alemania,Timmendorfer Strand,Alemania,3,Francesa clásica,,1
Sawito,Spandauer Straße 14; Falkensee; 14612; Alemania,Falkensee,Alemania,2,Cocina de mercado; Internacional,,1
"Gourmetrestaurant ""1751""",Schusterstraße 15; Schwerin; 19055; Alemania,Schwerin,Alemania,3,Moderna; Cocina de temporada,,1
Das Grace,Fördepromenade 30; Flensburg; 24944; Alemania,Flensburg,Alemania,3,Moderna; Cocina de mercado,,1
Wullenwever,Beckergrube 71; Lübeck; 23552; Alemania,Lübeck,Alemania,3,Clásica; Cocina mediterránea,,1
Tipken's by Nils Henkel,Am Tipkenhoog 18; Keitum; 25980; Alemania,Keitum,Alemania,3,Actual; Moderna,,1
Kulmeck by Tom Wickboldt,Kulmstraße 17; Heringsdorf; 17424; Alemania,Heringsdorf,Alemania,3,Moderna; Creativa,Romántico,1
Alte Überfahrt,Fischerstraße 48b; Werder; 14542; Alemania,Werder,Alemania,3,Moderna; Cocina de temporada,,1
BODENDORF'S,Boy-Nielsen-Straße 10; Tinnum; 25980; Alemania,Tinnum,Alemania,3,Francesa moderna; Cocina de temporada,,1
Alt Wyk,Große Straße 4; Wyk; 25938; Alemania,Wyk,Alemania,3,Clásica; Cocina de temporada,,1
KAI3,Am Kai 3; Hörnum; 25997; Alemania,Hörnum,Alemania,3,Moderna; Creativa,,1
Heiderand,Ullersdorfer Platz 4; Dresde; 01324; Alemania,Dresde,Alemania,2,Moderna,Terraza agradable,1
Zeik,Sierichstraße 112; Hamburgo; 22299; Alemania,Hamburgo,Alemania,3,Moderna; Cocina de mercado,,1
Koer,Maria-Louisen-Straße 3; Hamburgo; 22301; Alemania,Hamburgo,Alemania,3,Creativa; Moderna,,1
Piment,Lehmweg 29; Hamburgo; 20251; Alemania,Hamburgo,Alemania,3,Creativa; Norteafricana,Romántico,1
GLORIE,Brandshofer Deich 68; Hamburgo; 20539; Alemania,Hamburgo,Alemania,3,Clásica; Actual,,1
Arc Restaurant,Eppendorfer Weg 58; Hamburgo; 20259; Alemania,Hamburgo,Alemania,2,Creativa; Moderna,,1
Genuss-Atelier,Bautzner Straße 149; Dresde; 01099; Alemania,Dresde,Alemania,2,Moderna; Actual,Terraza agradable,1
elements,Königsbrücker Straße 96; Dresde; 01099; Alemania,Dresde,Alemania,3,Moderna,Terraza agradable,1
Atlantic Restaurant,An der Alster 72; Hamburgo; 20099; Alemania,Hamburgo,Alemania,3,Francesa contemporánea,,1
Heimatjuwel,Stellinger Weg 47; Hamburgo; 20255; Alemania,Hamburgo,Alemania,2,Creativa; Regional,,1
HAEBEL,Paul-Roosen-Straße 31; Hamburgo; 22767; Alemania,Hamburgo,Alemania,3,Moderna; Cocina de temporada,,1
Jellyfish,Weidenallee 12; Hamburgo; 20357; Alemania,Hamburgo,Alemania,3,Pescados y mariscos; Moderna,,1
Petit Amour,Spritzenplatz 11; Hamburgo; 22765; Alemania,Hamburgo,Alemania,3,Actual; Clásica,,1
THE LISBETH,Deichstraße 32; Hamburgo; 20459; Alemania,Hamburgo,Alemania,2,Regional; Moderna,,1
Landhaus Scherrer,Elbchaussee 130; Hamburgo; 22763; Alemania,Hamburgo,Alemania,3,Clásica; Regional,,1
Atelier Sanssouci,Augustusweg 48; Radebeul; 01445; Alemania,Radebeul,Alemania,3,Moderna,Terraza agradable,1
Edvard,Schottenring 24; Viena; 1010; Austria,Viena,Austria,3,Creativa; Moderna,,1
Pramerl & the Wolf,Pramergasse 21; Viena; 1090; Austria,Viena,Austria,3,Creativa; Cocina de temporada,,1
Himmelreich,Ortsstraße 4; Zaußenberg; 3701; Austria,Zaußenberg,Austria,2,Actual; Creativa,Romántico,1
Sterneck,Cuxhavener Straße 86; Cuxhaven; 27476; Alemania,Cuxhaven,Alemania,3,Creativa,,1
Mörwald „Toni M.“,Kleine Zeile 15; Feuersbrunn; 3483; Austria,Feuersbrunn,Austria,3,Clásica; Cocina de temporada,Romántico,1
Restaurant 360,Ul. Svetog Dominika 2; Dubrovnik; 20000; Croacia,Dubrovnik,Croacia,3,Moderna; Creativa,Terraza agradable;Romántico,1
Frieda,Menckestraße 48; Leipzig; 04155; Alemania,Leipzig,Alemania,3,Creativa; Cocina de mercado,,1
Nineteen18,Dominikonų gatvė 11; Vilna; 01131; Lituania,Vilna,Lituania,3,Moderna,Mesa del chef;Productos locales,1
Džiaugsmas,Vilniaus gatvė 28; Vilna; 01144; Lituania,Vilna,Lituania,2,Moderna,,1
Red Brick,Farmers Circle; Žirgyno gatvė 1; Radiškis; 20364; Lituania,Radiškis,Lituania,3,Moderna,Productos locales,1
Demo,T. Ševčenkos gatvė 16A; Vilna; 03111; Lituania,Vilna,Lituania,3,Innovadora,Productos locales,1
Deep Roots,Trakų gatvė 14; Vilna; 01132; Lituania,Vilna,Lituania,3,Moderna,Productos locales,1
CieL,50 6/3 Street; An Khanh Ward; Ho Chi Minh City; 713000; Vietnam,Ho Chi Minh City,Vietnam,3,Innovadora,Mesa del chef;Comer solo,1
Akuna,9F; Le Méridien Hotel; 3C Ton Duc Thang Street; Saigon Ward; Ho Chi Minh City; 700000; Vietnam,Ho Chi Minh City,Vietnam,3,Innovadora,Romántico,1
ONVIT,3F; Grand Plaza Hotel; 117 Tran Duy Hung Street; Yen Hoa Ward; Hanoi; 100000; Vietnam,Hanoi,Vietnam,2,Coreana contemporánea,,1
Ănăn Saigon,89 Ton That Dam Street; Saigon Ward; Ho Chi Minh City; 710000; Vietnam,Ho Chi Minh City,Vietnam,1,Vietnamita comtemporánea,Comer solo,1
Gia,61 Van Mieu Street; Quoc Tu Giam Ward; Hanoi; 100000; Vietnam,Hanoi,Vietnam,3,Vietnamita comtemporánea,Mesa del chef;Comer solo,1
Upstairs,36 Nguyen Ba Huan Street; An Khanh Ward; Ho Chi Minh City; 700000; Vietnam,Ho Chi Minh City,Vietnam,3,Vietnamita comtemporánea,Romántico;Comer solo,1
Tầm Vị,4B Yen The Street; Ba Dinh Ward; Hanoi; 100000; Vietnam,Hanoi,Vietnam,1,Vietnamita,Grupos;Cocina local,1
akmē,Sandkaj 39; Copenhague; 2150; Dinamarca,Copenhague,Dinamarca,2,Fusión; Japonesa contemporánea,Comer solo,1
Bach & Nurup,Budolfi Plads 32; Aalborg; 9000; Dinamarca,Aalborg,Dinamarca,1,Creativa,Favorito del inspector;Tendencia,1
Aure,Krudtløbsvej 8; Copenhague; 1439; Dinamarca,Copenhague,Dinamarca,3,Creativa; Moderna,Romántico;Grupos,1
Pearl by Paul Proffitt,Fjordvejen 120; Sønderhav; Kruså; 6340; Dinamarca,Kruså,Dinamarca,2,Moderna,Mesa del chef;Grupos,1
Syttende,Nørre Havnegade 23; Sønderborg; 6400; Dinamarca,Sønderborg,Dinamarca,3,Moderna; Danesa,,1
ARO,Østerbro 32; Odense; 5000; Dinamarca,Odense,Dinamarca,1,Moderna,Productos locales,1
Stallen,Underhaugsveien 28; Oslo; 0354; Noruega,Oslo,Noruega,3,Creativa,Productos locales,1
Sushi Anaba,Mariehamngade 23; Copenhague; 2150; Dinamarca,Copenhague,Dinamarca,3,Japonesa,Mesa del chef;Comer solo,1
Hot Shop,Københavngata 18; Oslo; 0566; Noruega,Oslo,Noruega,2,Moderna,,1
Ekstedt,Humlegårdsgatan 17; Estocolmo; 114 46; Suecia,Estocolmo,Suecia,3,A la Parrilla,,1
Frederiksminde,Klosternakken 8; Præstø; 4720; Dinamarca,Præstø,Dinamarca,3,Moderna,Romántico,1
PM & Vänner Restaurant,Storgatan 22; Växjö; 352 31; Suecia,Växjö,Suecia,3,Creativa,Romántico;Productos locales,1
Lysverket,Rasmus Meyers Allé 9; Bergen; 5015; Noruega,Bergen,Noruega,3,Moderna,Mesa del chef;Productos locales,1
Moss,Blue Lagoon; Norðurljósavegur 11; Grindavík; 240; Islandia,Grindavík,Islandia,3,Moderna; Regional,Mesa del chef;Romántico,1
Domestic,Mejlgade 35B; Aarhus; 8000; Dinamarca,Aarhus,Dinamarca,3,Moderna,Productos locales,1
LYST,Havneøen 1; Vejle; 7100; Dinamarca,Vejle,Dinamarca,3,Creativa,Romántico;Tendencia,1
ÄNG,Ästad Vingård; Ästad 10; Tvååker; 432 77; Suecia,Tvååker,Suecia,3,Creativa,Romántico;Productos locales,1
Project,Södra Vägen 45; Gothenburg; 412 54; Suecia,Gothenburg,Suecia,2,Moderna,,1
Substans,Marianne Thomsens Gade 2F; Aarhus; 8000; Dinamarca,Aarhus,Dinamarca,3,Creativa,,1
Gastromé,Grenåvej 127; Risskov; Aarhus; 8240; Dinamarca,Aarhus,Dinamarca,3,Moderna,,1
SAVAGE,Nedre Slottsgate 2; Oslo; 0153; Noruega,Oslo,Noruega,3,Creativa,,1
Knystaforsen,Rydöforsvägen 4; Rydöbruk; 31442; Suecia,Rydöbruk,Suecia,3,Creativa; Moderna,Romántico;Productos locales,1
Hermetikken,Niels Juels Gate 50; Stavanger; 4008; Noruega,Stavanger,Noruega,3,Moderna,Mesa del chef;Romántico,1
ergo.,Artillerigatan 14; Estocolmo; 114 51; Suecia,Estocolmo,Suecia,3,Moderna,,1
Omakase by Sergey Pak,Domkirkegaten 6; Bergen; 5017; Noruega,Bergen,Noruega,3,Japonesa,Mesa del chef,1
Seafood Gastro,Södra Blasieholmshamnen 8; Estocolmo; 11148; Suecia,Estocolmo,Suecia,3,Pescados y mariscos,Romántico,1
HOZE,Stigbergsliden 17; Gothenburg; 414 63; Suecia,Gothenburg,Suecia,3,Japonesa,Mesa del chef;Comer solo,1
À L'aise,Essendrops gate 6; Oslo; 0368; Noruega,Oslo,Noruega,3,Moderna,Romántico,1
Olo,Pohjoisesplanadi 5; Helsinki; 00170; Finlandia,Helsinki,Finlandia,3,Moderna,Productos locales,1
Sushi Sho,Upplandsgatan 45; Estocolmo; 113 28; Suecia,Estocolmo,Suecia,2,Japonesa; Sushi,Mesa del chef;Comer solo,1
ESSE,Trelleborggade 13A/13B; Copenhague; 2150; Dinamarca,Copenhague,Dinamarca,2,Creativa,Productos locales,1
Okê,Ruths Hotel; Hans Ruths Vej 1; Skagen; 9990; Dinamarca,Skagen,Dinamarca,2,Moderna; Creativa,Romántico,1
Mirabelle by Ørjan Johannessen,3rd Floor; Beckerwyc House; Horgestykket 17; Bekkjarvik; 5397; Noruega,Bekkjarvik,Noruega,3,Moderna,Romántico,1
Nour,Norrlandsgatan 24; Estocolmo; 111 43; Suecia,Estocolmo,Suecia,3,Creativa,,1
Under,Bålyveien 50; Lindesnes; 4521; Noruega,Lindesnes,Noruega,3,Moderna; Pescados y mariscos,Romántico,1
FAGN,Ørjaveita 4; Trondheim; 7010; Noruega,Trondheim,Noruega,3,Moderna; Creativa,,1
Demo,Itämerenkatu 25; Helsinki; 00180; Finlandia,Helsinki,Finlandia,3,Moderna,,1
Operakällaren,Operahuset; Karl XII's Torg; Estocolmo; 111 86; Suecia,Estocolmo,Suecia,3,Moderna,Un clásico;Romántico,1
Dashi,Rådmansgatan 23; Estocolmo; 114 25; Suecia,Estocolmo,Suecia,2,Japonesa,Mesa del chef;Comer solo,1
ÓX,Laugavegur 55; Reikiavik; 101; Islandia,Reikiavik,Islandia,3,Creativa,Mesa del chef;Productos locales,1
Domæne,Gødstrupvej 62; Herning; 7400; Dinamarca,Herning,Dinamarca,2,Creativa,Romántico,1
Alouette,Kronprinsessegade 8; Copenhague; 1306; Dinamarca,Copenhague,Dinamarca,3,Moderna; Creativa,Mesa del chef;Productos locales,1
Parsley Salon,Strandvejen 203; Hellerup; 2900; Dinamarca,Hellerup,Dinamarca,2,Moderna,Romántico,1
Tri,Vesterhavsvej 5A; Agger; 7770; Dinamarca,Agger,Dinamarca,3,Creativa,Romántico;Productos locales,1
Boreal,Uudenmaankatu 9; Helsinki; 00120; Finlandia,Helsinki,Finlandia,3,Creativa; Regional,,1
The Samuel,Hellerupvej 40; Hellerup; 2900; Dinamarca,Hellerup,Dinamarca,3,Moderna,Romántico;Grupos,1
Kvitnes Gård,Møysalveien 2659; Kvitnes; 8413; Noruega,Kvitnes,Noruega,3,Moderna,Productos locales,1
texture,Sølvgade 86; Copenhague; 1307; Dinamarca,Copenhague,Dinamarca,3,Moderna,Romántico,1
Etoile,Norra Stationsgatan 51; Estocolmo; 113 44; Suecia,Estocolmo,Suecia,3,Creativa; Internacional,Productos locales,1
K2,Pedersgata 69; Stavanger; 4013; Noruega,Stavanger,Noruega,2,Moderna,Romántico;Productos locales,1
Sabi Omakase Oslo,Ruseløkkveien 3; Oslo; 0251; Noruega,Oslo,Noruega,3,Japonesa,Mesa del chef;Comer solo,1
28+,Götabergsgatan 28; Gothenburg; 411 34; Suecia,Gothenburg,Suecia,2,Moderna; Francesa clásica,Romántico,1
SK Mat & Människor,Johannebergsgatan 24; Gothenburg; 412 55; Suecia,Gothenburg,Suecia,1,Moderna,Comer solo,1
Kadeau Bornholm,Baunevej 18; Vestre Sømark Pedersker; Åkirkeby; 3720; Dinamarca,Åkirkeby,Dinamarca,3,Creativa,Romántico;Productos locales,1
Søllerød Kro,Søllerødvej 35; Holte; 2840; Dinamarca,Holte,Dinamarca,2,Moderna; Clásica,Romántico;Grupos,1
Credo,The National Library; Henrik Ibsens Gate 110; Oslo; 0255; Noruega,Oslo,Noruega,3,Creativa,,1
Sabi Omakase Stavanger,Pedersgata 38; Stavanger; 4013; Noruega,Stavanger,Noruega,3,Japonesa; Pescados y mariscos,Mesa del chef;Comer solo,1
Villa Vest,Strandvejen 138; Lønstrup; 9800; Dinamarca,Lønstrup,Dinamarca,2,Creativa,Romántico;Productos locales,1
ADAM ALBIN,Regeringsgatan 2; Estocolmo; 111 53; Suecia,Estocolmo,Suecia,3,Creativa,,1
Statholdergaarden,Rådhusgate 11; Oslo; 0151; Noruega,Oslo,Noruega,3,Clásica,Romántico,1
Celeste,Torkel Knutssonsgatan 24; Estocolmo; 11849; Suecia,Estocolmo,Suecia,3,Moderna,,1
Jatak,Rantzausgade 39; Copenhague; 2200; Dinamarca,Copenhague,Dinamarca,2,Creativa,Mesa del chef;Comer solo,1
MOTA,Annebergparken 50; Nykøbing Sjælland; 4500; Dinamarca,Nykøbing Sjælland,Dinamarca,3,Creativa,Romántico;Productos locales,1
Kadence,1809 Winter Park Rd.; Orlando; FL; 32803; Estados Unidos,Orlando,Estados Unidos,3,Japonesa; Sushi,,1
Victoria & Albert's,Disney's Grand Floridian Resort & Spa; 4401 Floridian Way; Orlando; FL; 32830; Estados Unidos,Orlando,Estados Unidos,3,Actual,Mesa del chef,1
Ogawa,7223 N.W. 2nd Ave.; Miami; FL; 33150; Estados Unidos,Miami,Estados Unidos,3,Japonesa; Sushi,,1
Hiden,313 N.W. 25th St.; Miami; FL; 33127; Estados Unidos,Miami,Estados Unidos,3,Japonesa; Sushi,Romántico,1
Steampunk,8th Floor; Wodna Wieża; ul. Jana Kilińskiego 5; Pszczyna; 43-200; Polonia,Pszczyna,Polonia,3,Moderna,,1
BABA,Nożownicza 1D; Wrocław; 50-119; Polonia,Wrocław,Polonia,1,Moderna; Polaca,Comer solo,1
Muga,ul. Krysiewicza 5; Poznan; 61-825; Polonia,Poznan,Polonia,3,Moderna,Romántico,1
hub.praga,Jagiellońska 22/LU1; Varsovia; 03-719; Polonia,Varsovia,Polonia,3,Moderna,Mesa del chef,1
Alon Omakase,ul. Jana Pawła Woronicza 33C/lok.U4; Varsovia; 02-640; Polonia,Varsovia,Polonia,3,Sushi,Mesa del chef;Comer solo,1
Giewont,ul. Nędzy Kubińca 4; Kościelisko; 34-511; Polonia,Kościelisko,Polonia,3,Moderna,Terraza agradable;Romántico,1
Cocina de Autor Los Cabos,Grand Velas Los Cabos; Carr. Transpeninsular Km. 17; San José del Cabo; Corredor Turístico; Cabo San Lucas; 23405; Mexico,Cabo San Lucas,Mexico,3,Mexicana,Romántico,1
Expendio de Maíz,Av. Yucatán 84; Roma Norte; Cuauhtémoc; 06700; Mexico,Cuauhtémoc,Mexico,1,Mexicana,Terraza agradable,1
Masala y Maíz,C. Artículo 123 116; Colonia Centro; Cuauhtémoc; 06040; Mexico,Cuauhtémoc,Mexico,1,Fusión,Tendencia,1
Levadura de Olla Restaurante,C. de Manuel García Vigil #304; Oaxaca; 68000; Mexico,Oaxaca,Mexico,1,Mexicana; Tradicional,Familiar;Grupos,1
Gaba,Av. Mazatlán 190; Colonia Condesa; Cuauhtémoc; 06170; Mexico,Cuauhtémoc,Mexico,2,Mexicana,Romántico,1
Lunario,Camino Vecinal Parcela 71 Fracc. 3 Lote 13; San Marcos; El Porvenir; 22750; Mexico,El Porvenir,Mexico,3,Mexicana; Actual,Romántico,1
Sud 777,Blvd. De La Luz 777; Jardines del Pedregal ; Álvaro Obregón; 01900; Mexico,Álvaro Obregón,Mexico,1,Creativa; Mexicana,Romántico,1
Huniik,C. 60; Ste. 415-B; Parque Santa Ana; Centro; Mérida; 97000; Mexico,Mérida,Mexico,3,Mexicana; Creativa,,1
Xokol,Herrera y Cairo 1375; Santa Teresita; Guadalajara; 44600; Mexico,Guadalajara,Mexico,2,Mexicana,Romántico;Productos locales,1
Rosetta,Colima 166; Roma Norte; Cuauhtémoc; 06700; Mexico,Cuauhtémoc,Mexico,1,Creativa; Mexicana,Romántico,1
Animalón,Carr. Tecate-Ensenada Km. 83; Ejido Francisco Zarco; Valle de Guadalupe; 22750; Mexico,Valle de Guadalupe,Mexico,3,Mexicana; Actual,Terraza agradable,1
Los Danzantes Oaxaca,Macedonio Alcalá 403; Interior 4; Colonia Centro; Oaxaca; 68000; Mexico,Oaxaca,Mexico,2,Mexicana; Tradicional,Terraza agradable;Productos locales,1
La Once Mil,Monte Everest 780; Lomas de Chapultepec; Miguel Hildalgo; 11000; Mexico,Miguel Hidalgo,Mexico,1,Mexicana,,1
Em,Tonalá 133; Roma Norte; Cuauhtémoc; 06700; Mexico,Cuauhtémoc,Mexico,2,Mexicana; Actual,Romántico;Tendencia,1
NOA Chef’s Hall,Ranna tee 3; Tallín; 12112; Estonia,Tallín,Estonia,3,Creativa,Comer solo,1
Da terra,884 Kawahara; Asukamura; Takaichi-gun; Nara; 634-0141; Japón,Nara,Japón,2,Italiana,Grupos;Productos locales,1
Koikiryori Aji Manso,2F; 2-26 Tsurumai Higashimachi; Nara; Nara; 631-0021; Japón,Nara,Japón,2,Japonesa,Comer solo;Grupos,1
Wa Yamamura,2-11-15 Shibatsujicho; Nara; Nara; 630-8114; Japón,Nara,Japón,2,Japonesa,Comer solo,1
Lega',133 Hachigawa; Katsuragi; Nara; 639-2163; Japón,Nara,Japón,1,Italiana,,1
Kaiseki Morimoto,1-4-8 Yagicho; Kashihara; Nara; 634-0078; Japón,Nara,Japón,2,Japonesa,Comer solo;Grupos,1
Naramachi Kuko,42 Narukawacho; Nara; Nara; 630-8335; Japón,Nara,Japón,2,China,Productos locales,1
Hoshino,3-1 Fukuchiincho; Nara; Nara; 630-8381; Japón,Nara,Japón,2,Japonesa,,1
Ajinotabibito Roman,2F; VIV Bldg; 2-13 Tsurumai Higashimachi; Nara; Nara; 631-0021; Japón,Nara,Japón,2,Japonesa,Comer solo,1
Kebec Club Privé,767 rue Saint-Joseph Est; Québec; G1K 3C6; Canadá,Québec,Canadá,3,Creativa,Productos locales,1
Mastard,1879 rue Bélanger; Montréal; H2G 1B6; Canadá,Montréal,Canadá,2,Moderna,,1
Narval,144-A avenue de la Cathédrale; Rimouski; G5L 5H8; Canadá,Rimouski,Canadá,3,Creativa; Moderna,,1
Légende,255 rue Saint-Paul; Québec; G1K 3W5; Canadá,Québec,Canadá,3,Creativa; Regional,Productos locales,1
Auberge Saint-Mathieu,2081 chemin Principal; Saint-Mathieu-du-Parc; G0X 1N0; Canadá,Saint-Mathieu-du-Parc,Canadá,3,Creativa,Romántico;Productos locales,1
Le Clan,44 rue des Jardins; Québec; G1R 3Z1; Canadá,Québec,Canadá,3,Regional; Moderna,Productos locales,1
ARVI,519 3e Avenue; Québec; G1L 2W4; Canadá,Québec,Canadá,3,Moderna; Creativa,Tendencia,1
Sushi Nishinokaze,5400 boulevard Saint-Laurent; Montréal; H2T 1S1; Canadá,Montréal,Canadá,3,Japonesa; Sushi,Comer solo,1
Stadtpfeiffer,Augustusplatz 8; Leipzig; 04109; Alemania,Leipzig,Alemania,3,Creativa; Francesa moderna,,1
Kuultivo,Könneritzstraße 24; Leipzig; 04229; Alemania,Leipzig,Alemania,2,Moderna; Creativa,,1
The Peat Inn,Peat Inn; KY15 5LH; Reino Unido,Peat Inn,Reino Unido,3,Moderna,,1
Speiseberg,Kröllwitzer Straße 45; Halle (saale); 06120; Alemania,Halle (saale),Alemania,3,Moderna; Creativa,,1
St. Andreas,Altmarkt 1; Aue - Bad Schlema; 08280; Alemania,Aue - Bad Schlema,Alemania,3,Moderna; Creativa,,1
Zeitwerk,Breite Straße 53a; Wernigerode; 38855; Alemania,Wernigerode,Alemania,3,Creativa; Moderna,,1
Saziani,Straden 42; Straden; 8345; Austria,Straden,Austria,3,Cocina de temporada; Creativa,Romántico,1
Seesteg,Damenpfad 36a; Norderney; 26548; Alemania,Norderney,Alemania,2,Moderna; Internacional,Mesa del chef,1
Marie,Wedekindplatz 1; Hannover; 30161; Alemania,Hannover,Alemania,2,Francesa; Creativa,,1
Handwerk,Altenbekener Damm 17; Hannover; 30173; Alemania,Hannover,Alemania,3,Moderna; Creativa,Romántico,1
Casamatta,contrada Scrasciosa; Manduria; 74024; Italia,Manduria,Italia,3,Moderna; Creativa,Familiar;Productos locales,1
Cail Bruich,725 Great Western Road; Glasgow; G12 8QX; Reino Unido,Glasgow,Reino Unido,3,Moderna,Mesa del chef;Romántico,1
UNALOME by Graeme Cheevers,36 Kelvingrove Street; Glasgow; G3 7RZ; Reino Unido,Glasgow,Reino Unido,3,Inglesa moderna,Romántico,1
Restaurant Mohn,Hauptstraße 25; Hohnhorst; 31559; Alemania,Hohnhorst,Alemania,2,Cocina de temporada; Creativa,Romántico,1
Hiša Denk,Zgornja Kungota 11A; Zgornja Kungota; 2201; Eslovenia,Zgornja Kungota,Eslovenia,3,Creativa; Moderna,Romántico,1
LD Restaurant,Don Pavla Poše 1-6; Korcula; 20260; Croacia,Korčula,Croacia,3,Moderna; Cocina mediterránea,Terraza agradable;Romántico,1
Harzfenster by Johannes Steingrüber,Bulkstraße 1; Seesen; 38723; Alemania,Seesen,Alemania,3,Creativa; Moderna,,1
Due Camini,Strada Comunale Egnazia; Savelletri; 72015; Italia,Savelletri,Italia,3,Vegetariana; Cocina mediterránea,,1
Noel,Ulica Popa Dukljanina 1; Zagreb; 10000; Croacia,Zagreb,Croacia,2,Moderna; Creativa,,1
Dubravkin Put,Dubravkin Put 2; Zagreb; 10000; Croacia,Zagreb,Croacia,2,Cocina mediterránea,Terraza agradable;Romántico,1
Joseph's Fine Dining,Bismarckstraße 23; Bad Sachsa; 37441; Alemania,Bad Sachsa,Alemania,3,Creativa; Cocina de temporada,,1
Harald Irka am Pfarrhof - Fine Dine,Sankt Andrä im Sausal 1a; Sankt Andrä im Sausal; 8444; Austria,Sankt Andrä im Sausal,Austria,3,Creativa; Cocina de temporada,Terraza agradable;Romántico,1
The First,Lindenallee 1; Blankenhain; 99444; Alemania,Blankenhain,Alemania,3,Cocina de temporada; Italiana contemporánea,,1
Masters,Lindenallee 1; Blankenhain; 99444; Alemania,Blankenhain,Alemania,3,Francesa moderna; Internacional,,1
Pashà,Contrada Torre Catena 874; Polignano a Mare; 70044; Italia,Polignano a Mare,Italia,3,Moderna; Cocina de Apulia,Romántico,1
Clara - Restaurant im Kaisersaal,Futterstraße 15; Érfurt; 99084; Alemania,Érfurt,Alemania,3,Moderna,,1
Johanns,Marktplatz 24; Waldkirchen; 94065; Alemania,Waldkirchen,Alemania,3,Moderna; Regional,,1
Dattilo,Contrada Dattilo 6; Strongoli; 88816; Italia,Strongoli,Italia,3,Regional; Creativa,Romántico;Productos locales,1
Korak,Plešivica 34; Jastrebarsko; 10450; Croacia,Jastrebarsko,Croacia,3,Actual; Croata,Productos locales,1
Krug,Trumbićeva obala 17; Split; 21000; Croacia,Split,Croacia,2,Cocina mediterránea; Francesa moderna,Mesa del chef,1
Galerija okusov,Novo Celje 9; Petrovče; 3301; Eslovenia,Petrovče,Eslovenia,2,Moderna,Favorito del inspector,1
Pavus,Grad Tabor Laško; Cesta na Svetino 23; Lasko; 3270; Eslovenia,Laško,Eslovenia,2,Moderna,Romántico,1
Leos by Stephan Brandl,Liebenstein 25; Bad Kötzing; 93444; Alemania,Bad Kötzing,Alemania,3,Clásica; Actual,Romántico,1
Marcel von Winckelmann,Hans-Hösl-Straße 3; Passau; 94036; Alemania,Passau,Alemania,3,Internacional; Fusión,Mesa del chef,1
Schwingshackl ESSKULTUR,Rebling 3; Bernried; 94505; Alemania,Bernried,Alemania,3,Clásica,,1
Porte Neuf,Woldemarstraße 9; Detmold; 32756; Alemania,Detmold,Alemania,3,Moderna; Francesa,,1
edl.eins,Edlmairstraße 1; Deggendorf; 94469; Alemania,Deggendorf,Alemania,3,Moderna; Francesa,,1
IKO,Stadtweg 38a; Osnabrück; 49086; Alemania,Osnabrück,Alemania,3,Creativa; Moderna,,1
Kesselhaus,Neulandstraße 12; Osnabrück; 49084; Alemania,Osnabrück,Alemania,3,Creativa; Moderna,,1
Gasthof Alex,Gössersdorf 25; Weißenbrunn; 96369; Alemania,Weißenbrunn,Alemania,3,Cocina de mercado; Creativa,,1
Vitantonio Lombardo,Via Madonna delle Virtù 13/14; Matera; 75100; Italia,Matera,Italia,3,Creativa; Moderna,Romántico,1
Hyle,Contrada Torre Garga SS 107; San Giovanni in Fiore; 87055; Italia,San Giovanni in Fiore,Italia,3,Moderna; Cocina de Calabria,Romántico;Productos locales,1
Buchner Welchenberg 1658,Freymannstraße 15; Niederwinkling; 94559; Alemania,Niederwinkling,Alemania,3,Moderna; Clásica,,1
La Vallée Verte,Hohenhaus 1; Herleshausen; 37293; Alemania,Herleshausen,Alemania,3,Moderna; Francesa,,1
Pelegrini,Jurja Dalmatinca 1; Sibenik; 22000; Croacia,Šibenik,Croacia,3,Moderna; Actual,Un clásico;Terraza agradable,1
Balthasar,Warburger Straße 28; Paderborn; 33098; Alemania,Paderborn,Alemania,3,Francesa moderna; Cocina de mercado,,1
Reuter,Bleichstraße 3; Rheda-Wiedenbrück; 33378; Alemania,Rheda-Wiedenbrück,Alemania,3,Francesa moderna; Creativa,,1
SoulFood,Unterer Markt 35; Auerbach in der Oberpfalz; 91275; Alemania,Auerbach in der Oberpfalz,Alemania,3,Internacional; Cocina de temporada,Romántico;Comer solo,1
Restaurant Smink,Van Harenstraat 37; Wolvega; 8471 JC; Holanda,Wolvega,Holanda,2,Creativa; Francesa moderna,Romántico,1
BjörnsOx,Bahnhofstraße 2; Dermbach; 36466; Alemania,Dermbach,Alemania,3,Creativa; Cocina de mercado,,1
Cheval Blanc,Am Kirchberg 1; Illschwang; 92278; Alemania,Illschwang,Alemania,3,Clásica; Francesa moderna,,1
Storstad,Watmarkt 5; Ratisbona; 93047; Alemania,Ratisbona,Alemania,3,Creativa; Cocina de mercado,,1
Aska,Watmarkt 5; Ratisbona; 93047; Alemania,Ratisbona,Alemania,3,Japonesa; Sushi,,1
Ontra's Gourmetstube,Franz-Mayer-Straße 5a; Ratisbona; 93053; Alemania,Ratisbona,Alemania,3,Moderna; Internacional,,1
L'étable,Linggplatz 11; Bad Hersfeld; 36251; Alemania,Bad Hersfeld,Alemania,3,Clásica; Cocina de temporada,Romántico,1
De Bloemenbeek,Beuningerstraat 6; De Lutte; 7587 LD; Holanda,De Lutte,Holanda,2,Francesa moderna,Familiar,1
DIE GOURMET STUBE im Gasthaus Hummel,Heitzenhofener Straße 16; Duggendorf; 93182; Alemania,Duggendorf,Alemania,3,Cocina de mercado; Cocina de temporada,,1
Spitzner,Königsstraße 42; Münster; 48143; Alemania,Münster,Alemania,2,Francesa moderna,,1
BOK Restaurant Brust oder Keule,Melchersstraße 32; Münster; 48149; Alemania,Münster,Alemania,2,Cocina de mercado; Creativa,Romántico,1
Restaurant Alexander Huber,Hofmark 3; Pleiskirchen; 84568; Alemania,Pleiskirchen,Alemania,3,Moderna; Regional,,1
Hiša Linhart,Linhartov trg 17; Radovljica; 4240; Eslovenia,Radovljica,Eslovenia,2,Actual; Cocina de mercado,Comer solo;Productos locales,1
Grič,Šentjošt nad Horjulom 24d; Šentjošt nad Horjulom; 1354; Eslovenia,Šentjošt nad Horjulom,Eslovenia,3,Cocina de mercado; Creativa,Productos locales,1
Qafiz,Località Calabretto; Santa Cristina d'Aspromonte; 89056; Italia,Santa Cristina d'Aspromonte,Italia,3,Creativa; Cocina de Calabria,Mesa del chef;Romántico,1
"Christian & Friends, Tastekitchen",Nonnengasse 5; Fulda; 36037; Alemania,Fulda,Alemania,3,Moderna; Clásica,,1
Boškinac,Škopaljska Ulica 220; Novalja; 53291; Croacia,Novalja,Croacia,3,Creativa; Cocina de temporada,Romántico,1
Solo Du,Berchtesgadener Straße 111; Bischofswiesen; 83483; Alemania,Bischofswiesen,Alemania,3,Moderna; Húngara,Romántico,1
ZweiSinn Meiers | Fine Dining,Äußere Sulzbacher Straße 118; Núremberg; 90491; Alemania,Núremberg,Alemania,3,Creativa; Moderna,,1
Philipp Soldan,Marktplatz 2; Frankenberg; 35066; Alemania,Frankenberg,Alemania,3,Creativa; Moderna,,1
Entenstuben,Schranke 9; Núremberg; 90489; Alemania,Núremberg,Alemania,3,Moderna; Cocina de mercado,,1
Tisane,Augustinerhof 1; Núremberg; 90403; Alemania,Núremberg,Alemania,3,Moderna; Creativa,Mesa del chef,1
Wonka,Johannisstraße 38; Núremberg; 90419; Alemania,Núremberg,Alemania,3,Creativa; Con influencias asiáticas,,1
Veles,Kernstraße 29; Núremberg; 90429; Alemania,Núremberg,Alemania,3,Moderna; Cocina de mercado,,1
Forest Side,Keswick Road; Grasmere; LA22 9RN; Reino Unido,Grasmere,Reino Unido,3,Inglesa moderna; Regional,Productos locales,1
Laudensacks Gourmet Restaurant,Kurhausstraße 28; Bad Kissingen; 97688; Alemania,Bad Kissingen,Alemania,3,Clásica; Cocina de temporada,Terraza agradable,1
Waidwerk,Winterstraße 15; Núremberg; 90431; Alemania,Núremberg,Alemania,3,Moderna; Cocina de mercado,,1
Nebo,Opatijska ulica 9; Rijeka; 51000; Croacia,Rijeka,Croacia,3,Moderna; Creativa,Romántico,1
The Samling,The Samling Hotel; Ambleside Road; Ambleside; LA23 1LR; Reino Unido,Ambleside,Reino Unido,3,Moderna,Romántico,1
Hofstube Deimann,Alte Handelsstraße 5; Schmallenberg; 57392; Alemania,Schmallenberg,Alemania,3,Moderna; Cocina de temporada,Romántico,1
SOURCE at Gilpin Hotel,Crook Road; Bowness-on-Windermere; LA23 3NE; Reino Unido,Bowness-on-Windermere,Reino Unido,3,Moderna,Romántico,1
Ratsstuben,Mühlenstraße 3; Haltern am See; 45721; Alemania,Haltern am See,Alemania,3,Moderna; Cocina de temporada,Romántico,1
Gostilna Pri Lojzetu,Dvorec Zemono; Vipava; 5271; Eslovenia,Vipava,Eslovenia,3,Moderna,Grupos,1
Christian's Restaurant - Gasthof Grainer,Dorfstraße 1; Kirchdorf; 83527; Alemania,Kirchdorf,Alemania,3,Clásica,,1
Keidenzeller Hof,Fürther Straße 11; Langenzenn; 90579; Alemania,Langenzenn,Alemania,3,Moderna; Creativa,,1
Weinstock,Hauptstraße 12; Volkach; 97332; Alemania,Volkach,Alemania,3,Creativa; Cocina de mercado,,1
June,Seestraße 10; Übersee; 83236; Alemania,Übersee,Alemania,2,Regional; Moderna,Terraza agradable,1
SchwarzGold,Emscherallee 11; Dortmund; 44369; Alemania,Dortmund,Alemania,3,Regional; Internacional,,1
Merlet,Duinweg 15; Schoorl; 1871 AC; Holanda,Schoorl,Holanda,3,Moderna,,1
Shaun Rankin at Grantley Hall,Grantley Hall; Ripon; HG4 3ET; Reino Unido,Ripon,Reino Unido,3,Inglesa moderna; Regional,,1
Rosin,Hervester Straße 18; Dorsten; 46286; Alemania,Dorsten,Alemania,3,Creativa; Actual,,1
Wachter Foodbar,Bernauer Straße 31; Prien am Chiemsee; 83209; Alemania,Prien am Chiemsee,Alemania,3,Moderna; Regional,,1
Michaels Leitenberg,Weiherweg 3; Frasdorf; 83112; Alemania,Frasdorf,Alemania,3,Moderna; Creativa,,1
Mountain Hub Gourmet,Terminalstraße Mitte 20; Múnich; 85356; Alemania,Múnich,Alemania,3,Moderna; Creativa,Romántico;Comer solo,1
Epicures,Kirchplatz 1; Aschau im Chiemgau; 83229; Alemania,Aschau im Chiemgau,Alemania,3,Francesa moderna,,1
Goldener Anker,Lippetor 4; Dorsten; 46282; Alemania,Dorsten,Alemania,3,Moderna; Francesa clásica,,1
Alfred Keller,Čikat 16; Mali Lošinj; 51550; Croacia,Mali Lošinj,Croacia,3,Moderna; Creativa,Terraza agradable;Romántico,1
Dam,Ulica Vinka Vodopivca 24; Nova Gorica; 5000; Eslovenia,Nova Gorica,Eslovenia,2,Moderna; Cocina mediterránea,Comer solo,1
Restaurant Karner,Nußbaumstraße 6; Frasdorf; 83112; Alemania,Frasdorf,Alemania,3,Creativa; Regional,Romántico,1
Cortile Spirito Santo,via Salomone 21; Ortigia; Siracusa; 96100; Italia,Siracusa,Italia,3,Creativa; Moderna,Terraza agradable,1
Staderer,Franz-Xaver Platz 1; Eichstätt; 85072; Alemania,Eichstätt,Alemania,3,Creativa; Moderna,,1
KUNO 1408,Neubaustraße 7; Wurzburgo; 97070; Alemania,Wurzburgo,Alemania,3,Creativa; Moderna,,1
Philipp,Hauptstraße 12; Sommerhausen; 97286; Alemania,Sommerhausen,Alemania,3,Francesa moderna; Clásica,,1
Ukitacho Ima,2-5-27 Ukida; Kita-ku; Osaka; 530-0021; Japón,Osaka,Japón,3,Japonesa,,1
cenci,44-7 Shogoin Entomicho; Sakyo-ku; Kyoto; 606-8323; Japón,Kyoto,Japón,2,Italiana,Comer solo;Grupos,1
Ryoriya Maekawa,405 Nambacho; Shimogyo-ku; Kyoto; 600-8027; Japón,Kyoto,Japón,2,Japonesa,Mesa del chef;Grupos,1
Yonemasu,1-9-16 Oyodominami; Kita-ku; Osaka; 531-0075; Japón,Osaka,Japón,3,Japonesa,,1
Oryori Horikawa,4-8-17 Temma; Kita-ku; Osaka; 530-0043; Japón,Osaka,Japón,2,Japonesa,Comer solo;Grupos,1
ad hoc,Hotarumachi; 1-1-48 Fukushima; Fukushima-ku; Osaka; 553-0003; Japón,Osaka,Japón,2,Francesa,,1
Sokkon Fujimoto,580-1 Matsumotocho; Nakagyo-ku; Kyoto; 604-0982; Japón,Kyoto,Japón,3,Japonesa,Comer solo,1
Mirei,143-2 Kameyacho; Takeyamachidori Muromachihigashiiru; Nakagyo-ku; Kyoto; 604-0865; Japón,Kyoto,Japón,2,Japonesa,Comer solo,1
Kyoryori Fujimoto,72 Shimmeicho; Nakagyo-ku; Kyoto; 604-8207; Japón,Kyoto,Japón,2,Japonesa,Comer solo,1
Gion Okada,570-6 Giommachi Minamigawa; Higashiyama-ku; Kyoto; 605-0074; Japón,Kyoto,Japón,2,Japonesa,Comer solo;Grupos,1
Rakushin,1-6-27 Fukushima; Fukushima-ku; Osaka; 553-0003; Japón,Osaka,Japón,3,Japonesa,Comer solo;Grupos,1
Hiraishi,3F; 1-9-6 Sonezakishinchi; Kita-ku; Osaka; 530-0002; Japón,Osaka,Japón,2,Tempura,Comer solo,1
Torisaki,292-1 Takoyakushicho; Nakagyo-ku; Kyoto; 604-0021; Japón,Kyoto,Japón,2,Yakitori,Comer solo,1
Okina,11 Sagashakado Daimoncho; Ukyo-ku; Kyoto; 616-8422; Japón,Kyoto,Japón,2,Japonesa,Comer solo,1
Kako Okamoto,470-4 Tokiwacho; Higashiyama-ku; Kyoto; 605-0874; Japón,Kyoto,Japón,2,Japonesa,Comer solo,1
Sushi Matsumoto,570-123 Giommachi Minamigawa; Higashiyama-ku; Kyoto; 605-0074; Japón,Kyoto,Japón,2,Sushi,Comer solo,1
Uozuya,8 Mibu Higashihinokicho; Nakagyo-ku; Kyoto; 604-8843; Japón,Kyoto,Japón,3,Japonesa,,1
Kappo Hassun,95 Sueyoshicho; Higashiyama-ku; Kyoto; 605-0085; Japón,Kyoto,Japón,2,Japonesa,Comer solo;Grupos,1
Godan Miyazawa,557 Oecho; Shimogyo-ku; Kyoto; 600-8402; Japón,Kyoto,Japón,2,Japonesa,Comer solo;Grupos,1
Kyoboshi,347-92 Giommachi Kitagawa; Higashiyama-ku; Kyoto; 605-0073; Japón,Kyoto,Japón,2,Tempura,Comer solo,1
Yoshiko,1-8-5 Sonezakishinchi; Kita-ku; Osaka; 530-0002; Japón,Osaka,Japón,3,Fugu / Pez globo,Grupos,1
Oseille,Rua Joana Angélica; 155; Rio de Janeiro; 22420-030; Brasil,Rio de Janeiro,Brasil,3,Moderna; Creativa,Mesa del chef;Merece la espera,1
Nijo Minami,92-12 Enokicho; Nakagyo-ku; Kyoto; 604-0931; Japón,Kyoto,Japón,2,Japonesa,Comer solo,1
Oteque,Rua Conde de Irajá 581; Rio de Janeiro; 22271-020; Brasil,Rio de Janeiro,Brasil,3,Moderna,Mesa del chef,1
KANOE,Alameda Itu 1578; São Paulo; 01421-004; Brasil,São Paulo,Brasil,3,Japonesa,,1
Kazuo,Rua Prudente Correia 432; São Paulo; 01450-030; Brasil,São Paulo,Brasil,2,Con influencias asiáticas,,1
San Omakase,Rua Conde de Bernadotte; 26 - Loja 103; Rio de Janeiro; 22430-200; Brasil,Rio de Janeiro,Brasil,3,Japonesa,Comer solo,1
Madame Olympe,Rua Conde de Bernadotte; 26 - loja 101; Rio de Janeiro; 22430-200; Brasil,Rio de Janeiro,Brasil,2,Francesa creativa,Romántico,1
Kuro,Rua Padre João Manuel 712; São Paulo; 01411-000; Brasil,São Paulo,Brasil,2,Japonesa,Mesa del chef,1
Ryo Gastronomia,Rua Pedroso Alvarenga 667; São Paulo; 04531-011; Brasil,São Paulo,Brasil,3,Japonesa,Mesa del chef;Romántico,1
Kinoshita,Rua Jacques Félix 405; São Paulo; 04509-000; Brasil,São Paulo,Brasil,3,Japonesa,Mesa del chef,1
Oizumi Sushi,Rua Califórnia 785; São Paulo; 04566-061; Brasil,São Paulo,Brasil,2,Japonesa; Sushi,Comer solo,1
Picchi,Rua Oscar Freire 533; São Paulo; 01426-001; Brasil,São Paulo,Brasil,3,Italiana,Un clásico,1
Casa 201,Rua Lopes Quintas; 201; Rio de Janeiro; 22460-010; Brasil,Rio de Janeiro,Brasil,3,Francesa,,1
Murakami,Alameda Lorena 1186; São Paulo; 01424-004; Brasil,São Paulo,Brasil,3,Japonesa contemporánea,Comer solo,1
Maní,Rua Joaquim Antunes 210; São Paulo; 05415-000; Brasil,São Paulo,Brasil,2,Creativa; Brasileña,Un clásico,1
Kan Suke,Rua Manoel da Nóbrega 76 - Loja 12; São Paulo; 01401-000; Brasil,São Paulo,Brasil,2,Japonesa,Mesa del chef,1
Jun Sakamoto,Rua Lisboa 55; São Paulo; 05413-000; Brasil,São Paulo,Brasil,3,Japonesa,Mesa del chef,1
Fame Osteria,Rua Oscar Freire 216; São Paulo; 01426-001; Brasil,São Paulo,Brasil,3,Italiana contemporánea,Romántico;Comer solo,1
Xin Rong Ji (Jiaojiang),411 Zhongxin Avenue; Jiaojiang; Taizhou; China Continental,Taizhou,China Continental,2,Taizhóu,Familiar;Grupos,1
Jin Sha,1F; Four Seasons Hotel at West Lake; 5 Lingyin Road; Xihu; Hangzhou; 310013; China Continental,Hangzhou,China Continental,2,Zhejiang,Familiar,1
L'éclat 19,Inside Vallie Hotel; 85-3 Zhijiang Road; Xihu; Hangzhou; China Continental,Hangzhou,China Continental,3,Francesa contemporánea,Romántico,1
Longjing Manor,399 Longjing Road; Xihu; Hangzhou; China Continental,Hangzhou,China Continental,2,Zhejiang,Grupos,1
Ambré Ciel,1F; Meifan Plaza Proya; 588 Xixi Road; Xihu; Hangzhou; China Continental,Hangzhou,China Continental,3,Innovadora,Romántico,1
Xin Rong Ji,No. 5; Dazhongxiuqi Village; west area of Xixi National Wetland Park; Tianmushan Road; Yuhang; Hangzhou; China Continental,Hangzhou,China Continental,2,Taizhóu,Familiar,1
Fabula,2-3F; 720 Weihai Road; Jing'an; Shanghai; China Continental,Shanghai,China Continental,3,Innovadora,Comer solo,1
Sheng Yong Xing (Huangpu),5F; Bund 5; 20 Guangdong Road; Huangpu; Shanghai; China Continental,Shanghai,China Continental,2,Pekinesa,Romántico,1
Jin Xuan,53F; The Ritz-Carlton Pudong; 8 Century Avenue; Pudong; Shanghai; China Continental,Shanghai,China Continental,3,Cantonesa,Romántico,1
Xin Rong Ji (West Nanjing Road),2F; 688 Plaza; 688 West Nanjing Road; Jingan; Shanghai; China Continental,Shanghai,China Continental,3,Taizhóu,,1
Il Ristorante - Niko Romito,47F; Bvlgari Hotel; Lane 108; North Shanxi Road; Jingan; Shanghai; China Continental,Shanghai,China Continental,3,Italiana,Romántico,1
Seventh Son,R2-01; 2F; Fungseng Commercial Center; 500 Weihai Road; Jingan; Shanghai; China Continental,Shanghai,China Continental,2,Cantonesa,Familiar,1
Yong Fu (Huangpu),11-12F; Cathay Building; Jin Jiang Hotel; 59 South Maoming Road; Huangpu; Shanghai; China Continental,Shanghai,China Continental,2,Cocina de Ningbó,Familiar,1
Yue Hai Tang,Vi Park; 161 Haowen Road; Minhang; Shanghai; 200000; China Continental,Shanghai,China Continental,2,Cantonesa,Grupos,1
Fu 1015,1015 Yuyuan Road; Changning; Shanghai; China Continental,Shanghai,China Continental,3,Cocina de Shanghái,Grupos,1
Wu You Xian,Room 1-103; 7 South Maoming Road; Huangpu; Shanghai; China Continental,Shanghai,China Continental,1,Dim Sum,Cocina local,1
Jiangnan Wok · Yun,42F; Shangri-La; 329 Zhongyang Road; Gulou; Nanjing; China Continental,Nanjing,China Continental,3,Huaiyanesa,Grupos,1
Meng Du Hui,No. 65; Nanjing Olympic Sports Center; 222 Jiangdong Middle Road; Jianye; Nanjing; China Continental,Nanjing,China Continental,2,Hui,Familiar;Grupos,1
Pin Ning Fu,39F; The Ritz-Carlton; 18 Zhongshan Road; Xuanwu; Nanjing; China Continental,Nanjing,China Continental,1,Huaiyanesa,Romántico,1
Pingjiangsong,54 Daru Lane; Gusu; Suzhou; China Continental,Suzhou,China Continental,3,Cocina de Jiangsu,Romántico,1
Dai Yuet Heen,39F; The Ritz-Carlton; 18 Zhongshan Road; Xuanwu; Nanjing; 210018; China Continental,Nanjing,China Continental,2,Cantonesa,Grupos,1
Song,8F; Four Seasons Hotel at Hangzhou Center; 493 Zhongshan North Road; Gongshu; Hangzhou; China Continental,Hangzhou,China Continental,2,Cocina de Ningbó,,1
Moose (Changning),No.1; Lane 119; Xinhua Road; Changning; Shanghai; China Continental,Shanghai,China Continental,2,Jiangzhe,Grupos,1
le Comptoir de Pierre Gagnaire,Capella; Jian Ye Li; 480 West Jianguo Road; Xuhui; Shanghai; 200031; China Continental,Shanghai,China Continental,3,Francesa contemporánea,,1
Gastro Esthetics at DaDong,5F; Park Place; 1601 West Nanjing Road; Jingan; Shanghai; China Continental,Shanghai,China Continental,2,China contemporánea,,1
Lao Zheng Xing,556 Fuzhou Road; Huangpu; Shanghai; 200001; China Continental,Shanghai,China Continental,1,Cocina de Shanghái,Familiar,1
Da Dong (Xuhui),Shop 602; 6F; iapm; 999 Middle Huaihai Road; Xuhui; Shanghai; China Continental,Shanghai,China Continental,2,China contemporánea,Familiar,1
Fu 1088,375 Zhenning Road; Jingan; Shanghai; China Continental,Shanghai,China Continental,2,Cocina de Shanghái,Cocina local,1
Xin Rong Ji (Linhai),239 Linhai Avenue; Linhai; Taizhou; China Continental,Taizhou,China Continental,2,Taizhóu,Familiar;Grupos,1
Carved Dragons (Jiaojiang),3F; Gate 4; East 3 Building; Tengda Shopping Mall; 1800 Donghai Avenue; Jiaojiang; Taizhou; China Continental,Taizhou,China Continental,1,Taizhóu,Familiar;Grupos,1
Lao Bian Jiu Jia (Jindai Road),577 Jindai Road; Huangyan; Taizhou; China Continental,Taizhou,China Continental,1,Taizhóu,Familiar;Grupos,1
Sense,An He Yin Shi Resort; X-Livin; 2077 Yuewang Road; Xiaoshan; Hangzhou; China Continental,Hangzhou,China Continental,3,Innovadora,Romántico,1
Ren He Guan (Xuhui),407 Zhaojiabang Road; Xuhui; Shanghai; China Continental,Shanghai,China Continental,1,Cocina de Shanghái,Familiar;Cocina local,1
Huaiyang Delights (Jingan),5F; Park Place; 1601 West Nanjing Road; Jingan; Shanghai; China Continental,Shanghai,China Continental,2,Huaiyanesa,Grupos,1
Yi Long Court,2F; The Peninsula Hotel; Bund 32; 32 Zhongshan Dong Yi Road; Huangpu; Shanghai; China Continental,Shanghai,China Continental,3,Cantonesa,,1
Sole,Shop 109; Shanghai Centre; 1376 West Nanjing Road; Jingan; Shanghai; China Continental,Shanghai,China Continental,2,Cantonesa,,1
Lei Garden (Xuhui),Shop 401; 4F; iapm; 999 Middle Huaihai Road; Xuhui; Shanghai; China Continental,Shanghai,China Continental,1,Cantonesa,Familiar;Grupos,1
Meet the Bund (Zhongshan Dong Er Road),S301; 3F; South Mall; The Bund Finance Center; 600 Zhongshan Dong Er Road; Huangpu; Shanghai; 200001; China Continental,Shanghai,China Continental,2,Cocina de Fujian,,1
Lei Garden (Pudong),L3-17 & 18; IFC Mall; 8 Century Avenue; Pudong; Shanghai; China Continental,Shanghai,China Continental,2,Cantonesa,Familiar;Cocina local,1
Fu 1039,1039 Yuyuan Road; Changning; Shanghai; China Continental,Shanghai,China Continental,2,Cocina de Shanghái,Familiar,1
Ling Long,105; 1F; Waldorf Astoria Hotel; 2 Zhongshan Dong Yi Road; Huangpu; Shanghai; China Continental,Shanghai,China Continental,3,Innovadora,,1
Zhou She (Minhang),Shop 116; Hongqiao Lihpao Plaza; No.16-101; Lane 318; Suhong Road; Minhang; Shanghai; China Continental,Shanghai,China Continental,2,Cocina de Shanghái,Familiar,1
Yong Fu (Hongkou),56F; East Tower; Raffles City The Bund; 1089 Dongdaming Road; Hongkou; Shanghai; China Continental,Shanghai,China Continental,3,Cocina de Ningbó,Familiar;Grupos,1
Dingshan · Jiangyan,33F; East Hall; Tiancheng Times; 58 Qinglonggang Road; Xiangcheng; Suzhou; China Continental,Suzhou,China Continental,2,Cocina de Jiangsu,Familiar;Grupos,1
Cheng Yuan,7 Fengle Upper Street; Hanjiang; Yangzhou; China Continental,Yangzhou,China Continental,2,China contemporánea,Familiar,1
Shang Palace,1F; Shangri La Hotel; 472 Wenchang West Road; Hanjiang; Yangzhou; 225009; China Continental,Yangzhou,China Continental,1,Huaiyanesa,Familiar;Grupos,1
Xi Ding Jia Yan,1F; Block B; Wellness Commercial Plaza; 66 Chengtong Road; Xiangcheng; Suzhou; China Continental,Suzhou,China Continental,2,Dongbei,Grupos,1
Kappo Rin,7F; The Landmark Mandarin Oriental; 15 Queen's Road Central; Central; Hong Kong,Hong Kong,Hong Kong,3,Japonesa,Comer solo,1
Yong Fu,Shop 2 at GF & 1F; Golden Star Building; 20-24 Lockhart Road; Wan Chai; Hong Kong,Hong Kong,Hong Kong,3,Cocina de Ningbó,Familiar,1
Lai Heen,51F; The Ritz-Carlton; Galaxy; Estrada da Baía de Nossa Senhora da Esperança; Cotai; Macau; Macao,Macau,Macao,2,Cantonesa,Grupos,1
Summer Palace,5F; Island Shangri-La Hotel; Pacific Place; Supreme Court Road; Admiralty; Hong Kong,Hong Kong,Hong Kong,2,Cantonesa,Familiar;Grupos,1
Ying,11F; Altira Hotel; Avenida de Kwong Tung; Taipa; Macau; Macao,Macau,Macao,2,Cantonesa,Familiar,1
Loaf On,49 See Cheung Street; Sai Kung; Hong Kong,Hong Kong,Hong Kong,1,Pescados y mariscos,Grupos,1
Racines,GF; 22 Upper Station Street; Sheung Wan; Hong Kong,Hong Kong,Hong Kong,2,Francesa contemporánea,Familiar,1
Don Alfonso 1890,Shop 307; 3F; Palazzo Versace; Grand Lisboa Palace Resort; Rua do Tiro; Cotai; Macau; Macao,Macau,Macao,3,Italiana,Romántico,1
Fu Ho,Shop 402; 4F; FoodLoft; Mira Place One; 132 Nathan Road; Tsim Sha Tsui; Hong Kong,Hong Kong,Hong Kong,2,Cantonesa,Familiar,1
I M Teppanyaki & Wine,1F; SL Ginza; 68 Electric Road; Tin Hau; Hong Kong,Hong Kong,Hong Kong,3,Teppanyaki,Grupos,1
Mizumi,GF; North Esplanade; Wynn Palace; Avenida da Nave Desportiva; Cotai; Macau; Macao,Macau,Macao,3,Japonesa,Comer solo,1
Five Foot Road,GF; MGM Cotai; Avenida da Nave Desportiva; Cotai; Macau; Macao,Macau,Macao,1,Cocina de Sichuan,Familiar,1
Zi Yat Heen,GF; Four Seasons Hotel; Estrada da Baía de Nossa Senhora da Esperança; Cotai; Macau; Macao,Macau,Macao,2,Cantonesa,Familiar;Grupos,1
Sushi Kissho by Miyakawa,2F; Raffles; Galaxy; Estrada da Baía de Nossa Senhora da Esperança; Cotai; Macau; Macao,Macau,Macao,3,Sushi,Comer solo;Mesa del chef,1
Aji,GM Floor; MGM Cotai; Avenida da Nave Desportiva; Cotai; Macau; Macao,Macau,Macao,3,Innovadora,Comer solo;Familiar,1
Ryota Kappou Modern,21F; 18 On Lan Street; Central; Hong Kong,Hong Kong,Hong Kong,2,Japonesa,Comer solo,1
Xin Rong Ji,GF & 1F; China Overseas Building; 139 Lockhart Road; Wan Chai; Hong Kong,Hong Kong,Hong Kong,3,Taizhóu,Grupos,1
Seventh Son (Wan Chai),3F; The Wharney Hotel; 57-73 Lockhart Road; Wan Chai; Hong Kong,Hong Kong,Hong Kong,1,Cantonesa,Familiar;Grupos,1
Ho Hung Kee (Causeway Bay),Shop 1204-1205; 12F; Hysan Place; 500 Hennessy Road; Causeway Bay; Hong Kong,Hong Kong,Hong Kong,1,Noodles y Congee,Cocina local,1
Liu Yuan Pavilion,3F; The Broadway; 54-62 Lockhart Road; Wan Chai; Hong Kong,Hong Kong,Hong Kong,1,Cocina de Shanghái,Familiar,1
Plaisance by Mauro Colagreco,1F; 1 Duddell Street; Central; Hong Kong,Hong Kong,Hong Kong,3,Francesa contemporánea,Romántico,1
Épure,Shop 403; 4F; Ocean Centre; Harbour City; 3-27 Canton Road; Tsim Sha Tsui; Hong Kong,Hong Kong,Hong Kong,2,Francesa contemporánea,Romántico,1
China Tang,Shop 411-413; 4F; Landmark Atrium; 15 Queen's Road Central; Central; Hong Kong,Hong Kong,Hong Kong,2,Cantonesa,Familiar,1
Tuber Umberto Bombana,Shop 113A; 1F; K11 Musea; 18 Salisbury Road; Tsim Sha Tsui; Hong Kong,Hong Kong,Hong Kong,3,Italiana,Romántico,1
Zuicho,Shop 302; 3F; The Karl Lagerfeld; Grand Lisboa Palace Resort; Rua do Tiro; Cotai; Macau; Macao,Macau,Macao,3,Japonesa,Mesa del chef;Comer solo,1
Neighborhood,61-63 Hollywood Road; Central; Hong Kong,Hong Kong,Hong Kong,1,Europea contemporánea,Familiar,1
Yardbird,154-158 Wing Lok Street; Sheung Wan; Hong Kong,Hong Kong,Hong Kong,1,Yakitori,Merece la espera,1
8 1/2 Otto e Mezzo - Bombana,Shop 1031; 1F; The Promenade; Galaxy; Avenida de Cotai; Cotai; Macau; Macao,Macau,Macao,3,Italiana,Romántico,1
Roganic,Shop No. 402 & 403; 4F; Lee Garden One; 33 Hysan Avenue; Causeway Bay; Hong Kong,Hong Kong,Hong Kong,2,Europea contemporánea,Productos locales,1
Shang Palace,Lower Level 1; Kowloon Shangri-La Hotel; 64 Mody Road; Tsim Sha Tsui; Hong Kong,Hong Kong,Hong Kong,2,Cantonesa,Familiar;Grupos,1
Yat Lok (Central),GF; Conwell House; 34-38 Stanley Street; Central; Hong Kong,Hong Kong,Hong Kong,1,Carnes chinas asadas,Cocina local,1
Petrus,56F; Island Shangri-La Hotel; Pacific Place; Supreme Court Road; Admiralty; Hong Kong,Hong Kong,Hong Kong,2,Francesa,Romántico,1
Zhejiang Heen,1-3F; ZJ 300; 300-306 Lockhart Road; Wan Chai; Hong Kong,Hong Kong,Hong Kong,1,Zhejiang,Familiar;Grupos,1
Vea,30F; The Wellington; 198 Wellington Street; Central; Hong Kong,Hong Kong,Hong Kong,3,Innovadora,Comer solo,1
Pearl Dragon,Shop 2111; 2F; Star Tower; Studio City; Estrada do Istmo; Cotai; Macau; Macao,Macau,Macao,2,Cantonesa,Comer solo,1
Yè Shanghai (Tsim Sha Tsui),702; 7F; K11 Musea; 18 Salisbury Road; Tsim Sha Tsui; Hong Kong,Hong Kong,Hong Kong,1,Cocina de Shanghái,Familiar,1
Yat Tung Heen,B2F; Eaton Hotel; 380 Nathan Road; Jordan; Hong Kong,Hong Kong,Hong Kong,1,Cantonesa,Familiar,1
Fook Lam Moon (Wan Chai),35-45 Johnston Road; Wan Chai; Hong Kong,Hong Kong,Hong Kong,2,Cantonesa,Familiar,1
Sun Tung Lok,Shop 401; L4; FoodLoft; Mira Place One; 132 Nathan Road; Tsim Sha Tsui; Hong Kong,Hong Kong,Hong Kong,1,Cantonesa,Familiar,1
The Chairman,3F; The Wellington; 198 Wellington Street; Central; Hong Kong,Hong Kong,Hong Kong,2,Cantonesa,Familiar;Grupos,1
Sushi Kinetsu,1F; Nüwa; City of Dreams; Estrada do Istmo; Cotai; Macau; Macao,Macau,Macao,3,Sushi,,1
Pang's Kitchen,25 Yik Yam Street; Happy Valley; Hong Kong,Hong Kong,Hong Kong,1,Cantonesa,Familiar;Cocina local,1
Palace Garden,Shop 306; 3F; Grand Lisboa Palace; Grand Lisboa Palace Resort; Rua do Tiro; Cotai; Macau; Macao,Macau,Macao,2,Cantonesa,Grupos,1
Godenya,UG; 182 Wellington Street; Central; Hong Kong,Hong Kong,Hong Kong,3,Japonesa,,1
Kam's Roast Goose,GF; Po Wah Commercial Center; 226 Hennessy Road; Wan Chai; Hong Kong,Hong Kong,Hong Kong,1,Carnes chinas asadas,Merece la espera;Cocina local,1
Imperial Treasure Fine Chinese Cuisine (Tsim Sha Tsui),10F; One Peking; 1 Peking Road; Tsim Sha Tsui; Hong Kong,Hong Kong,Hong Kong,1,Cantonesa,Familiar;Grupos,1
Ami,Shop 302; 3F; Alexandra House; 18 Chater Road; Central; Hong Kong,Hong Kong,Hong Kong,2,Francesa contemporánea,Comer solo,1
Zimmerl,Heidenreichsteiner Straße 28; Waidhofen an der Thaya; 3830; Austria,Waidhofen an der Thaya,Austria,3,Creativa; Moderna,Mesa del chef,1
ZeitRAUM,Dorf 3; Sankt Kathrein am Offenegg; 8171; Austria,Sankt Kathrein am Offenegg,Austria,3,Creativa; Cocina de temporada,Cocina local,1
RAR Fine Dining,Hochkönigstraße 27; Maria Alm; 5761; Austria,Maria Alm,Austria,3,Alpina; Asiática,,1
RAU nature-based cuisine,Pechgraben 23; Großraming; 4463; Austria,Großraming,Austria,3,Moderna; Cocina de temporada,Romántico,1
Paula,Markt 88; Sankt Wolfgang im Salzkammergut; 5360; Austria,Sankt Wolfgang im Salzkammergut,Austria,3,Creativa,Romántico,1
Gaumenkitzel,Tratten 36; Kirchberg am Wechsel; 2880; Austria,Kirchberg am Wechsel,Austria,3,Moderna; Creativa,Productos locales,1
Herzig,Schanzstrasse 14; Viena; 1150; Austria,Viena,Austria,3,Moderna; Creativa,Romántico,1
Broadmoar,Oisnitz 36; Sankt Josef; 8503; Austria,Sankt Josef,Austria,2,Cocina de temporada; Actual,,1
Thaller - Restaurant,Am Kirchplatz 4; Sankt Veit am Vogau; 8423; Austria,Sankt Veit am Vogau,Austria,3,Cocina de temporada; Moderna,Terraza agradable;Productos locales,1
MiZAR,Katzengasse 7; Wurzburgo; 97082; Alemania,Wurzburgo,Alemania,3,Creativa; Cocina de temporada,,1
Lukas Kapeller,Damberggasse 27; Steyr; 4400; Austria,Steyr,Austria,3,Moderna; Cocina de temporada,Romántico,1
't Raedthuys,Rijksweg 51; Duiven; 6921 AC; Holanda,Duiven,Holanda,2,Francesa moderna; Francesa clásica,,1
Tante Anna,Hauptstraße 58; Sprockhövel; 45549; Alemania,Sprockhövel,Alemania,3,Moderna; Con influencias asiáticas,Romántico,1
Pfefferschiff,Söllheim 3; Salzburgo; 5300; Austria,Salzburgo,Austria,3,Creativa,Terraza agradable,1
Kirchenwirt,Leogang 3; Leogang; 5771; Austria,Leogang,Austria,3,Cocina de temporada; Regional,,1
Geschwister Rauch - Restaurant,Trautmannsdorf 6; Bad Gleichenberg; 8343; Austria,Bad Gleichenberg,Austria,3,Creativa; Cocina de temporada,Romántico,1
Geiger Alm,Lichtersberg 77; Altaussee; 8992; Austria,Altaussee,Austria,3,Creativa; Cocina de temporada,,1
Kliemstein Vino Vitis,Obere Donaulände 15; Linz; 4020; Austria,Linz,Austria,3,Clásica; Internacional,Romántico,1
Kammer5,Kammer 5; Ort im Innkreis; 4974; Austria,Ort im Innkreis,Austria,3,Moderna; Cocina de temporada,Grupos,1
Hannappel,Dahlhauser Straße 173; Essen; 45279; Alemania,Essen,Alemania,3,Moderna; Cocina de temporada,Comer solo,1
Gamskogelhütte Fine Dining by Stefan Lastin,Gamskogel; Rennweg am Katschberg; 9863; Austria,Rennweg am Katschberg,Austria,3,Moderna; Creativa,Mesa del chef;Romántico,1
APRON,Am Heumarkt 35; Viena; 1030; Austria,Viena,Austria,3,Creativa; Actual,Comer solo,1
Glasswing by Alexandru Simon,Kärntner Ring 8; Viena; 1010; Austria,Viena,Austria,3,Actual; Francesa moderna,,1
Lars Amsterdam,Danzigerkade 179; Amsterdam; 1013 AP; Holanda,Amsterdam,Holanda,3,Moderna,,1
JOLA,Salzgries 15; Viena; 1010; Austria,Viena,Austria,3,Vegana; Creativa,Tendencia,1
MOS,IJdok 185; Amsterdam; 1013 MM; Holanda,Amsterdam,Holanda,2,Francesa creativa,,1
The Glass Garden,Mönchsberg Park 26; Salzburgo; 5020; Austria,Salzburgo,Austria,2,Creativa,,1
Lilli Fine Dining,Hauptplatz 9; Fehring; 8350; Austria,Fehring,Austria,3,Actual; Regional,,1
Genießerei am Markt - Steiermark(t)dinner by Alexander Posch,Kaiser-Josef-Platz 27; Graz; 8010; Austria,Graz,Austria,3,Moderna; Creativa,Cocina local;Tendencia,1
Wörgötter - Fine Dining,Ligist 40; Ligist; 8563; Austria,Ligist,Austria,2,Creativa; Francesa,,1
Bootshaus,Klosterplatz 4; Traunkirchen; 4801; Austria,Traunkirchen,Austria,3,Creativa; Regional,Terraza agradable;Romántico,1
Hubert Wallner,Seeplatz Nr. 6; Maria Wörth; 9082; Austria,Maria Wörth,Austria,3,Moderna; Innovadora,Terraza agradable;Romántico,1
Sattlerhof,Sernau 2a; Gamlitz; 8462; Austria,Gamlitz,Austria,3,Creativa; Cocina de temporada,,1
Am Mahrbach,Apfelstraße 4; Königsdorf; 7563; Austria,Königsdorf,Austria,3,Cocina de temporada,Productos locales,1
Esslokal,Hauptplatz 16; Hadersdorf am Kamp; 3493; Austria,Hadersdorf am Kamp,Austria,3,Actual,Romántico,1
Lukas Restaurant,Unterer Stadtplatz 7; Schärding; 4780; Austria,Schärding,Austria,3,Creativa; Con influencias asiáticas,Romántico,1
Tanglberg,Pettenbacher straße 3; Vorchdorf; 4655; Austria,Vorchdorf,Austria,3,Francesa,Romántico,1
Die Forelle,Techendorf 80; Weissensee; 9762; Austria,Weissensee,Austria,3,Creativa; Regional,,1
La Capinera,Via Nazionale 177; località Spisone; Taormina; 98039; Italia,Taormina,Italia,2,Siciliana; Creativa,Terraza agradable;Tendencia,1
Moritz,Oberwuchel 5; Grafenstein; 9131; Austria,Grafenstein,Austria,3,Moderna; Regional,Romántico;Cocina local,1
Les Deux Kitzbühel - Brasserie & Bar,Franz-Reisch-Straße 7; Kitzbühel; 6370; Austria,Kitzbühel,Austria,2,Francesa moderna,Romántico,1
Principe Cerami,Piazza San Domenico 5; Taormina; 98039; Italia,Taormina,Italia,3,Moderna,Romántico,1
Esszimmer,Müllner Hauptstraße 33; Salzburgo; 5020; Austria,Salzburgo,Austria,2,Creativa; Clásica,Romántico,1
Z'SOM,Gußhausstraße 12; Viena; 1040; Austria,Viena,Austria,3,Moderna; Sudamericana,Romántico,1
CUE,Utrechtsestraat 30A; Amsterdam; 1017 VN; Holanda,Amsterdam,Holanda,3,Creativa; Cocina de mercado,,1
Rouge Noir,Neusach 1; Weissensee; 9762; Austria,Weissensee,Austria,3,Creativa; Regional,Mesa del chef,1
Waldschänke,Kickendorf 15; Grieskirchen; 4710; Austria,Grieskirchen,Austria,2,Actual; Tradicional,Terraza agradable,1
Addiert,Franz-Josefs-Kai 43; Viena; 1010; Austria,Viena,Austria,3,Coreana contemporánea,Mesa del chef,1
Bougainville,Dam 27; Amsterdam; 1012 JS; Holanda,Amsterdam,Holanda,3,Moderna; Internacional,,1
Rossbarth,Klammstraße 7; Linz; 4020; Austria,Linz,Austria,3,Moderna; Cocina de temporada,Romántico,1
Artis,Schmiedgasse 18; Graz; 8010; Austria,Graz,Austria,3,Creativa; Internacional,Romántico,1
Zur goldenen Birn,Leonhardstraße 8; Graz; 8010; Austria,Graz,Austria,3,Moderna; Austriaca,Un clásico,1
TIAN,Himmelpfortgasse 23; Viena; 1010; Austria,Viena,Austria,3,Vegetariana; Creativa,Productos locales,1
Otto Geleng,Via Teatro Greco 59; Taormina; 98039; Italia,Taormina,Italia,3,Cocina mediterránea; Siciliana,Terraza agradable;Romántico,1
Atelier Fischer,Ischler Straße 16; Sankt Gilgen; 5340; Austria,Sankt Gilgen,Austria,3,Creativa,Romántico,1
Lieperts,Arnfelser Straße 2; Leutschach an der Weinstraße; 8452; Austria,Leutschach an der Weinstraße,Austria,3,Moderna,Terraza agradable;Romántico,1
Schlosskeller Gourmetstube,Seggaubergstraße 5; Leibnitz; 8430; Austria,Leibnitz,Austria,3,Moderna; Cocina de temporada,,1
Verdi,Pachmayrstraße 137; Linz; 4040; Austria,Linz,Austria,2,Internacional; Creativa,Terraza agradable,1
Yamazato,Ferdinand Bolstraat 333; Amsterdam; 1072 LH; Holanda,Amsterdam,Holanda,3,Japonesa,,1
Heurigenhof Bründlmayer,Walterstr. 14; Langenlois; 3550; Austria,Langenlois,Austria,3,Francesa clásica; Actual,Terraza agradable;Romántico,1
Mesnerhaus,Markt 56; Mauterndorf; 5570; Austria,Mauterndorf,Austria,3,Cocina de temporada; Moderna,Romántico;Comer solo,1
[aend],Mollardgasse 76; Viena; 1060; Austria,Viena,Austria,3,Moderna; Creativa,,1
Bolenius Rembrandtpark,Nachtwachtlaan 20B; Amsterdam; 1058 EA; Holanda,Amsterdam,Holanda,3,Moderna; Vegetariana,Productos locales,1
dahoam by Andreas Herbst,Rain 100; Leogang; 5771; Austria,Leogang,Austria,3,Cocina de temporada; Moderna,Cocina local,1
Sinne,Ceintuurbaan 342H; Amsterdam; 1072 GP; Holanda,Amsterdam,Holanda,2,Moderna; Fusión,,1
Restaurant Showw,Gelrestraat 28; Amsterdam; 1079 MZ; Holanda,Amsterdam,Holanda,3,Moderna,Tendencia,1
Winzerhof Stahl,Lange Dorfstraße 21; Simmershofen; 97215; Alemania,Simmershofen,Alemania,3,Moderna; Cocina de temporada,,1
Esszimmer - Everybody's Darling,Tuchlauben 22; Viena; 1010; Austria,Viena,Austria,3,Moderna; Internacional,,1
De Kromme Dissel,Klein Zwitserlandlaan 5; Heelsum; 6866 DS; Holanda,Heelsum,Holanda,3,Francesa moderna; Creativa,Un clásico,1
Teko by Lange Rodriguez,Wegenerstraße 3; Essen; 45131; Alemania,Essen,Alemania,3,Internacional; Sudamericana,Romántico,1
Kettner's Kamota,Hufergasse 23; Essen; 45239; Alemania,Essen,Alemania,3,Creativa; Alsaciana,,1
Shiraz,Einern 120; Wuppertal; 42279; Alemania,Wuppertal,Alemania,3,Creativa; Internacional,,1
Zash,SP 2 I/II 60; Archi; 95018; Italia,Archi,Italia,3,Creativa; Cocina de temporada,Romántico,1
Ansitz 12,Schweizergasse 40; Lienz; 9900; Austria,Lienz,Austria,3,Austriaca; Cocina de temporada,Romántico,1
Haus Stemberg ANNO 1864,Kuhlendahler Straße 295; Velbert; 42553; Alemania,Velbert,Alemania,2,Cocina de mercado; Moderna,Romántico;Familiar,1
Werneckhof Sigi Schelling,Werneckstraße 11; Múnich; 80802; Alemania,Múnich,Alemania,3,Francesa contemporánea,,1
1804 Hirschau,Gyßlingstraße 15; Múnich; 80805; Alemania,Múnich,Alemania,3,Moderna; Cocina de temporada,,1
Chefs Atelier,Im Löwental 60A; Essen; 45239; Alemania,Essen,Alemania,3,Creativa; Cocina de temporada,Comer solo,1
MIND,Dachauer Straße 11; Markt Indersdorf; 85229; Alemania,Markt Indersdorf,Alemania,3,Moderna; Internacional,,1
Tantris DNA,Johann-Fichte-Straße 7; Múnich; 80805; Alemania,Múnich,Alemania,3,Francesa clásica; Francesa,,1
Ratatouille Food & Wine,Spaarne 96; Haarlem; 2011 CL; Holanda,Haarlem,Holanda,3,Moderna,,1
De Nederlanden,Duinkerken 3; Vreeland; 3633 EM; Holanda,Vreeland,Holanda,3,Moderna; Francesa,Un clásico;Romántico,1
Brothers,Kurfürstenstraße 31; Múnich; 80801; Alemania,Múnich,Alemania,3,Moderna,Tendencia,1
Les Deux,Maffeistraße 3a; Múnich; 80333; Alemania,Múnich,Alemania,3,Francesa moderna; Creativa,,1
Sparkling Bistro,Amalienstraße 89/ Türkenstraße 86; Múnich; 80799; Alemania,Múnich,Alemania,3,Moderna; Cocina de mercado,,1
Cheval Blanc,Jan van Goyenstraat 29; Heemstede; 2102 CA; Holanda,Heemstede,Holanda,2,Moderna,,1
't Amsterdammertje,Rijksstraatweg 119; Loenen aan de Vecht; 3632 AB; Holanda,Loenen aan de Vecht,Holanda,2,Creativa; Francesa contemporánea,Romántico;Tendencia,1
COB,Letoviška 1; Portorož; 6320; Eslovenia,Portorož,Eslovenia,3,Creativa; Cocina de temporada,Terraza agradable;Tendencia,1
Mittermeier,Vorm Würzburger Tor 7; Rothenburg ob der Tauber; 91541; Alemania,Rothenburg ob der Tauber,Alemania,3,Moderna; Cocina de mercado,Romántico,1
Sapio,Piazza Antonino Gandolfo 11; Catania; 95131; Italia,Catania,Italia,3,Siciliana; Moderna,Mesa del chef;Romántico,1
Gabelspiel,Zehentbauernstraße 20; Múnich; 81539; Alemania,Múnich,Alemania,3,Moderna; Cocina de mercado,,1
Mod by Sven Nöthel,Grafschafter Straße 197a; Duisburgo; 47199; Alemania,Duisburgo,Alemania,3,Moderna; Cocina de temporada,,1
Coria,Via Prefettura 21; Catania; 95121; Italia,Catania,Italia,2,Italiana contemporánea; Siciliana,Comer solo,1
Mühlenhelle,Hohler Straße 1; Gummersbach; 51645; Alemania,Gummersbach,Alemania,3,Francesa moderna,,1
Harry’s Piccolo Poreč,Pical 2; Porec; 52440; Croacia,Poreč,Croacia,3,Actual; Cocina mediterránea,,1
La Boucherie,Hauptstraße 18; Kreuzwertheim; 97892; Alemania,Kreuzwertheim,Alemania,3,Actual,,1
Haubentaucher,Seestraße 30; Rottach-Egern; 83700; Alemania,Rottach-Egern,Alemania,3,Creativa; Cocina de mercado,Terraza agradable,1
Northcote,Northcote Road; Langho; BB6 8BE; Reino Unido,Langho,Reino Unido,3,Inglesa moderna,Mesa del chef,1
Le Trabe,Via Capo di Fiume 4; Paestum; 84047; Italia,Paestum,Italia,3,Cocina de Campania; Actual,Romántico,1
Al Metrò,Via Magellano 35; San Salvo Marina; 66050; Italia,San Salvo Marina,Italia,2,Moderna; Cocina mediterránea,Romántico,1
Restaurant Überfahrt,Überfahrtstraße 10; Rottach-Egern; 83700; Alemania,Rottach-Egern,Alemania,3,Clásica; Cocina de mercado,Romántico,1
Monte,Montalbano 75; Rovinj; 52210; Croacia,Rovinj,Croacia,3,Creativa; Cocina mediterránea,Romántico,1
Im Schiffchen,Kaiserswerther Markt 9; Dusseldorf; 40489; Alemania,Dusseldorf,Alemania,3,Clásica,,1
Cap Aureo,Smareglijeva ulica 1A; Rovinj; 52210; Croacia,Rovinj,Croacia,3,Creativa; Cocina mediterránea,Romántico;Productos locales,1
1876 Daniel Dal-Ben,Grunerstraße 42a; Dusseldorf; 40239; Alemania,Dusseldorf,Alemania,3,Creativa; Moderna,,1
Latour,Koningin Astrid Boulevard 5; Noordwijk aan Zee; 2202 BK; Holanda,Noordwijk aan Zee,Holanda,3,Moderna,Un clásico;Romántico,1
Tre Olivi,Via Poseidonia 41; Paestum; 84047; Italia,Paestum,Italia,3,Creativa; Cocina de Campania,Romántico;Productos locales,1
Restaurant De Burgemeester,Raadhuisstraat 17; Linschoten; 3461 CW; Holanda,Linschoten,Holanda,3,Moderna,,1
LA VIE by thomas bühner,Schlüterstraße 1; Dusseldorf; 40235; Alemania,Dusseldorf,Alemania,3,Moderna; Creativa,Tendencia,1
Wirtshaus Meyers Keller,Marienhöhe 8; Nördlingen; 86720; Alemania,Nördlingen,Alemania,2,Cocina de mercado; Regional,,1
Yoshi by Nagaya,Kreuzstraße 17; Dusseldorf; 40213; Alemania,Dusseldorf,Alemania,3,Japonesa,Romántico,1
Nagaya,Klosterstraße 42; Dusseldorf; 40211; Alemania,Dusseldorf,Alemania,3,Japonesa,,1
Aubergine,Münchner Straße 17; Starnberg; 82319; Alemania,Starnberg,Alemania,3,Creativa; Internacional,,1
Jae,Keplerstraße 13; Dusseldorf; 40215; Alemania,Dusseldorf,Alemania,3,Fusión; Con influencias asiáticas,Comer solo,1
Zur Post,Altenberger-Dom-Straße 23; Odenthal; 51519; Alemania,Odenthal,Alemania,3,Moderna,,1
Setzkasten,Berliner Allee 52; Dusseldorf; 40212; Alemania,Dusseldorf,Alemania,3,Moderna; Internacional,,1
Anthony's Kitchen,Moerser Straße 81; Meerbusch; 40667; Alemania,Meerbusch,Alemania,3,Innovadora; Internacional,,1
Masa Japanese Cuisine,Hanauer Landstraße 131; Fráncfort del Meno; 60314; Alemania,Fráncfort del Meno,Alemania,3,Japonesa; Japonesa contemporánea,Comer solo,1
Zwanzig23 by Lukas Jakobi,Brunnenstraße 35; Dusseldorf; 40223; Alemania,Dusseldorf,Alemania,3,Creativa; Cocina de temporada,Romántico,1
Agata's,Kirchfeldstraße 59; Dusseldorf; 40217; Alemania,Dusseldorf,Alemania,3,Creativa; Cocina de temporada,Comer solo,1
bidlabu,Kleine Bockenheimer Straße 14; Fráncfort del Meno; 60313; Alemania,Fráncfort del Meno,Alemania,2,Cocina de mercado; Actual,,1
Gannerhof,Gasse 93; Innervillgraten; 9932; Austria,Innervillgraten,Austria,3,Regional; Innovadora,Cocina local,1
Cølbo,Rathausstraße 15; Klingenberg am Main; 63911; Alemania,Klingenberg am Main,Alemania,3,Creativa; Moderna,Romántico,1
Restaurant Villa Merton,Am Leonhardsbrunn 12; Fráncfort del Meno; 60487; Alemania,Fráncfort del Meno,Alemania,3,Clásica; Moderna,Mesa del chef,1
Erno's Bistro,Liebigstraße 15; Fráncfort del Meno; 60323; Alemania,Fráncfort del Meno,Alemania,3,Francesa clásica; Moderna,,1
Seven Swans,Mainkai 4; Fráncfort del Meno; 60311; Alemania,Fráncfort del Meno,Alemania,3,Vegana; Creativa,,1
MAIN TOWER Restaurant & Lounge,Neue Mainzer Straße 52; Fráncfort del Meno; 60311; Alemania,Fráncfort del Meno,Alemania,3,Moderna; Internacional,Romántico;Comer solo,1
Sommerfeld,Weserstraße 4; Fráncfort del Meno; 60329; Alemania,Fráncfort del Meno,Alemania,3,Internacional; Creativa,,1
Lohninger,Schweizer Straße 1; Fráncfort del Meno; 60594; Alemania,Fráncfort del Meno,Alemania,3,Austriaca; Internacional,Favorito del inspector,1
Locanda Don Serafino,Via Avv. Ottaviano 13; Ragusa; 97100; Italia,Ragusa,Italia,3,Creativa; Actual,Un clásico;Romántico,1
Under Grain,167 Merchants Street; La Valeta; VLT 1174; Malta,La Valeta,Malta,2,Moderna; Creativa,Un clásico,1
Sartory,Maximilianstraße 40; Augsburgo; 86150; Alemania,Augsburgo,Alemania,3,Clásica; Moderna,,1
Nose & Belly,Heilig-Kreuz-Straße 10; Augsburgo; 86152; Alemania,Augsburgo,Alemania,2,Innovadora; Regional,,1
Le GV,Thornton Street; Sliema; SLM 3143; Malta,Sliema,Malta,2,Moderna; Creativa,Romántico,1
Alte Liebe,Alpenstraße 21; Augsburgo; 86159; Alemania,Augsburgo,Alemania,3,Moderna; Cocina de temporada,,1
Fernandõ Gastrotheque,17 Tigne Street; Sliema; SLM 3172; Malta,Sliema,Malta,2,Cocina mediterránea; Actual,Romántico;Comer solo,1
Schote,Diepeschrather Weg 80; Bergisch Gladbach; 51469; Alemania,Bergisch Gladbach,Alemania,3,Actual; Moderna,Romántico,1
Guat'z Essen,Obere März 36; Stumm; 6275; Austria,Stumm,Austria,3,Vegetariana; Cocina de temporada,Merece la espera;Productos locales,1
Gründler's Gourmet Stüberl,Seestraße 35; Achenkirch; 6215; Austria,Achenkirch,Austria,3,Clásica,Romántico,1
La Cuisine Rademacher,Dellbrücker Hauptstraße 176; Colonia; 51069; Alemania,Colonia,Alemania,3,Francesa moderna; Cocina de temporada,Romántico;Comer solo,1
LIZZ,Spieringstraat 1; Gouda; 2801 ZH; Holanda,Gouda,Holanda,2,Francesa creativa,,1
Rosamì,The Villa; Main Street; Balluta Bay; St. Julian's; STJ 1017; Malta,St Julian's,Malta,2,Creativa; Actual,Romántico,1
360°,Bahnhofsplatz 1a; Limburg an der Lahn; 65549; Alemania,Limburg an der Lahn,Alemania,3,Moderna; Internacional,Terraza agradable,1
De Mondion,Council Square; Mdina; MDN 1050; Malta,Mdina,Malta,3,Moderna; Cocina mediterránea,Terraza agradable,1
Signum,Via Pastifico 12; Malfa; 98050; Italia,Malfa,Italia,3,Siciliana; Actual,Terraza agradable;Productos locales,1
Sahila - The Restaurant,Kämmergasse 18; Colonia; 50676; Alemania,Colonia,Alemania,3,Internacional; Moderna,,1
Central Park,Oosteinde 14; Voorburg; 2271 EH; Holanda,Voorburg,Holanda,3,Moderna; Francesa contemporánea,Romántico,1
Gut Lärchenhof,Hahnenstraße; Pulheim; 50259; Alemania,Pulheim,Alemania,3,Francesa moderna; Creativa,,1
maximilian lorenz,Johannisstraße 64; Colonia; 50668; Alemania,Colonia,Alemania,3,Moderna; Cocina de mercado,Romántico,1
Le Moissonnier Bistro,Krefelder Straße 25; Colonia; 50670; Alemania,Colonia,Alemania,2,Francesa; Pescados y mariscos,Merece la espera;Comer solo,1
taku,Trankgasse 5; Colonia; 50667; Alemania,Colonia,Alemania,3,Asiática; Fusión,Romántico;Comer solo,1
Restaurant Calva,Markt 53; Nootdorp; 2631 ED; Holanda,Nootdorp,Holanda,2,Francesa moderna,,1
Pottkind,Darmstädter Straße 9; Colonia; 50678; Alemania,Colonia,Alemania,3,Creativa; Moderna,Mesa del chef;Comer solo,1
La Société,Kyffhäuser Straße 53; Colonia; 50674; Alemania,Colonia,Alemania,3,Moderna; Internacional,,1
NeoBiota,Pantaleonswall 27; Colonia; 50676; Alemania,Colonia,Alemania,3,Moderna; Creativa,Productos locales,1
Volta del Fuenti by Michele De Blasio,SS 163 Amalfitana km 47;300; Vietri sul Mare; 84019; Italia,Vietri sul Mare,Italia,3,Creativa; Actual,Romántico,1
Tilia,Via Dolomiti 31/b; Dobbiaco; 39034; Italia,Dobbiaco,Italia,3,Moderna; Actual,Un clásico;Romántico,1
Votavota,Lungomare Andrea Doria 48; Marina di Ragusa; 97010; Italia,Marina di Ragusa,Italia,3,Moderna; Pescados y mariscos,Terraza agradable;Cocina local,1
JÖRO,Oughtibridge Mill; Main Road; Wharncliffe Side; Sheffield; S35 0LB; Reino Unido,Sheffield,Reino Unido,3,Moderna,Mesa del chef,1
Rebers Pflug,Weckriedener Straße 2; Schwäbisch Hall; 74523; Alemania,Schwäbisch Hall,Alemania,2,Cocina de mercado,,1
Novaela,Bagijnhof 118; Delft; 2611 AS; Holanda,Delft,Holanda,3,Francesa creativa,,1
Sense,Raadhuisstraat 1; Vught; 5261 EH; Holanda,Vught,Holanda,2,Creativa,,1
Eisenbahn,Karl-Kurz-Straße 2; Schwäbisch Hall; 74523; Alemania,Schwäbisch Hall,Alemania,3,Francesa moderna,,1
OX,Mauerstraße 6; Darmstadt; 64289; Alemania,Darmstadt,Alemania,3,Moderna,,1
Zur Tant,Rheinbergstraße 49; Colonia; 51143; Alemania,Colonia,Alemania,2,Clásica; Cocina de mercado,Terraza agradable,1
mana,42 Blossom Street; Ancoats; Mánchester; M4 6BF; Reino Unido,Mánchester,Reino Unido,3,Inglesa creativa; Moderna,,1
Joelia,Coolsingel 5; Róterdam; 3012 AA; Holanda,Róterdam,Holanda,3,Francesa moderna; Francesa creativa,,1
Morston Hall,The Street; Morston; NR25 7AA; Reino Unido,Morston,Reino Unido,3,Inglesa moderna,Romántico,1
Bergfried - Chefs Table,Lanersbach 483; Tux; 6293; Austria,Tux,Austria,3,Moderna; Regional,Mesa del chef,1
La Locanda del Borgo,Località Monte Pugliano 1; Telese; 82037; Italia,Telese,Italia,3,Regional; Creativa,Romántico;Grupos,1
Rossellinis,Via San Giovanni del Toro 28; Ravello; 84010; Italia,Ravello,Italia,3,Cocina mediterránea; Actual,Terraza agradable;Romántico,1
Yunico,Am Bonner Bogen 1; Bonn; 53227; Alemania,Bonn,Alemania,3,Japonesa; Moderna,,1
Zeezout,Westerkade 11b; Róterdam; 3016 CL; Holanda,Róterdam,Holanda,2,Pescados y mariscos; Francesa,,1
The Millèn,Weena 686; Róterdam; 3012 CN; Holanda,Róterdam,Holanda,2,Moderna,Tendencia,1
Il Flauto di Pan,Via Santa Chiara 26; Ravello; 84010; Italia,Ravello,Italia,3,Creativa,Merece la espera;Romántico,1
Theodor's,Friedrich-Breuer-Str. 98; Bonn; 53225; Alemania,Bonn,Alemania,3,Creativa; Cocina de temporada,Romántico,1
LECH-LINE,Bahnhofsplatz 1; Landsberg am Lech; 86899; Alemania,Landsberg am Lech,Alemania,3,Moderna; Internacional,,1
halbedel's Gasthaus,Rheinallee 47; Bonn; 53173; Alemania,Bonn,Alemania,3,Francesa moderna,,1
Glicine,Via Mauro Comite 9; Amalfi; 84011; Italia,Amalfi,Italia,3,Cocina mediterránea; Italiana contemporánea,Terraza agradable;Romántico,1
Locanda Mammì,Contrada Castelnuovo 86; Agnone; 86081; Italia,Agnone,Italia,1,Moderna; Clásica,,1
Alici,Via Giovanni Augustariccio 33; Amalfi; 84011; Italia,Amalfi,Italia,3,Cocina de Campania; Actual,Terraza agradable;Romántico,1
Ursprung,Struthstraße 17; Königsbronn; 89551; Alemania,Königsbronn,Alemania,3,Creativa; Regional,,1
Re Santi e Leoni,Via Anfiteatro Laterizio 92; Nola; 80035; Italia,Nola,Italia,2,Actual; Cocina de temporada,Romántico,1
Troyka,Rurstraße 19; Erkelenz; 41812; Alemania,Erkelenz,Alemania,3,Moderna; Rusa,,1
Die Geniesserstube im Alpenhof,Hintertux 750; Tux; 6294; Austria,Tux,Austria,3,Alpina; Clásica,Romántico,1
FAVORITE restaurant,Karl-Weiser-Straße 1; Maguncia; 55131; Alemania,Maguncia,Alemania,3,Cocina mediterránea; Creativa,,1
Bluh Furore,Via Dell'Amore 2; Furore; 84010; Italia,Furore,Italia,3,Actual; Cocina mediterránea,Terraza agradable,1
Wiesen,Kleine Berg 10; Eindhoven; 5611 JV; Holanda,Eindhoven,Holanda,2,Francesa,Un clásico,1
Un Piano nel Cielo,Via Capriglione 147; Praiano; 84010; Italia,Praiano,Italia,3,Cocina mediterránea; Actual,Terraza agradable;Romántico,1
President,Piazza Schettini 12/13; Pompeya; 80045; Italia,Pompeya,Italia,2,Cocina mediterránea; Cocina de temporada,Terraza agradable;Comer solo,1
O Me O Il Mare,Via Roma 45/47; Gragnano; 80054; Italia,Gragnano,Italia,3,Italiana contemporánea; Moderna,Mesa del chef,1
Verbene,Brunnenhof Königspfalz; Coblenza; 56068; Alemania,Coblenza,Alemania,3,Moderna; Cocina de mercado,,1
Li Galli,Viale Pasitea 318; Positano; 84017; Italia,Positano,Italia,3,Actual; Italiana contemporánea,Romántico,1
Zass,Via Laurito 2; Positano; 84017; Italia,Positano,Italia,3,Cocina mediterránea; Actual,Un clásico;Terraza agradable,1
Villa Maiella,Via Sette Dolori 30; Località Villa Maiella; Guardiagrele; 66016; Italia,Guardiagrele,Italia,2,Cocina de los Abruzos; Moderna,Productos locales;Cocina local,1
Schiller's Manufaktur,Mayenerstraße 126; Coblenza; 56070; Alemania,Coblenza,Alemania,2,Clásica; Cocina mediterránea,Romántico,1
Jean,Wilhelmstraße 13; Eltville am Rhein; 65343; Alemania,Eltville am Rhein,Alemania,2,Francesa clásica; Cocina mediterránea,Romántico;Grupos,1
Steins Traube,Poststraße 4; Maguncia; 55126; Alemania,Maguncia,Alemania,2,Cocina de mercado; Clásica,,1
PURS NEW NORDIC JAPANESE CUISINE,Steinweg 30; Andernach; 56626; Alemania,Andernach,Alemania,3,Fusión; Moderna,,1
Das Marktrestaurant,Dekan-Karl-Platz 21; Mittenwald; 82481; Alemania,Mittenwald,Alemania,2,Regional; Cocina de temporada,,1
Cannavacciuolo Countryside,via Ticciano 137; Ticciano; 80069; Italia,Ticciano,Italia,3,Cocina mediterránea; Moderna,Romántico;Productos locales,1
Antica Osteria Nonna Rosa,Via Laudano 1; Loc. Pietrapiana; Vico Equense; 80069; Italia,Vico Equense,Italia,3,Cocina de Campania; Creativa,Un clásico;Cocina local,1
Ente Wiesbaden - Pfortenhaus Kloster Eberbach,Kloster-Eberbach-Straße 1; Eltville am Rhein; 65346; Alemania,Eltville am Rhein,Alemania,3,Creativa; Cocina de temporada,,1
Marrees,Stadhuispassage 10; Weert; 6001 KK; Holanda,Weert,Holanda,2,Moderna,,1
HOCHZWEI,Burghof 11; Langenau; 89129; Alemania,Langenau,Alemania,3,Clásica; Cocina de mercado,Cocina local,1
D.one Ristorante Diffuso,via del Borgo 1; Montepagano; 64026; Italia,Montepagano,Italia,2,Moderna; Regional,Romántico;Productos locales,1
Kaupers Restaurant im Kapellenhof,Kapellenstraße 18a; Selzen; 55278; Alemania,Selzen,Alemania,3,Moderna; Creativa,,1
Restaurant Brogsitter - Historisches Gasthaus Sanct Peter,Walporzheimer Straße 134; Bad Neuenahr-Ahrweiler; 53474; Alemania,Bad Neuenahr-Ahrweiler,Alemania,3,Moderna; Internacional,,1
Don Geppi,corso Marion Crawford 40; Sant' Agnello; 80065; Italia,Sant' Agnello,Italia,3,Creativa; Cocina de temporada,Romántico;Productos locales,1
Porcino,Strada Damez 2/a; Badia; 39036; Italia,Badia,Italia,3,Creativa; Cocina mediterránea,Romántico,1
Lorelei,Via Aniello Califano 4; Sorrento; 80067; Italia,Sorrento,Italia,3,Cocina mediterránea,Terraza agradable;Romántico,1
Don Alfonso 1890,corso Sant'Agata 11; Sant'Agata sui Due Golfi; 80061; Italia,Sant'Agata sui Due Golfi,Italia,3,Creativa; Italiana,,1
Il Buco,II rampa Marina Piccola 5; Sorrento; 80067; Italia,Sorrento,Italia,3,Cocina mediterránea; Moderna,Un clásico;Comer solo,1
Terrazza Bosquet,Piazza Tasso 34; Sorrento; 80067; Italia,Sorrento,Italia,3,Creativa; Cocina de temporada,Terraza agradable;Romántico,1
Taverna del Capitano,Piazza delle Sirene 10/11; Marina del Cantone; 80061; Italia,Marina del Cantone,Italia,3,Creativa; Cocina de temporada,Cocina local,1
Raro im Mühlenhof,Talstraße 188; Schriesheim; 69198; Alemania,Schriesheim,Alemania,3,Regional; Cocina de temporada,Productos locales,1
"Gourmetrestaurant ""fine dining RS""",Burg Staufeneck 1; Salach; 73084; Alemania,Salach,Alemania,3,Francesa contemporánea; Moderna,Romántico,1
Relais Blu,Via Roncato 60; Massa Lubrense; 80061; Italia,Massa Lubrense,Italia,2,Cocina mediterránea; Fusión,Terraza agradable;Romántico,1
La Stüa de Michil - Simone Cantafio,Strada Col Alt 105; Corvara in Badia; 39033; Italia,Corvara in Badia,Italia,3,Creativa; Internacional,Un clásico;Romántico,1
Seestern,Friedrichsau 50; Ulm; 89073; Alemania,Ulm,Alemania,3,Francesa moderna; Cocina de temporada,Romántico,1
Andreina,Via Zona Industriale Brodolini; 2; Loreto; 60025; Italia,Loreto,Italia,2,Moderna; Carnes a la parrilla,Un clásico;Grupos,1
Interalpen - Chef's Table,Dr.-Hans-Liebherr-Alpenstraße 1; Telfs; 6410; Austria,Telfs,Austria,3,Creativa; Cocina de temporada,Mesa del chef,1
Stephans Stuben by Marco Langer,Bahnhofstraße 65; Neu-Ulm; 89231; Alemania,Neu-Ulm,Alemania,3,Creativa; Cocina de mercado,,1
bi:braud,Büchsengasse 20; Ulm; 89073; Alemania,Ulm,Alemania,2,Actual; Cocina de mercado,,1
Oben,Am Kohlhof 5; Heidelberg; 69117; Alemania,Heidelberg,Alemania,3,Creativa; Cocina de temporada,Romántico,1
Veritas,Corso Vittorio Emanuele 141; Nápoles; 80121; Italia,Nápoles,Italia,2,Cocina de Campania; Actual,,1
Zunica 1880 a Villa Corallo,Via Metella Nuova 37; Sant'Omero; 64027; Italia,Sant'Omero,Italia,2,Moderna; Regional,Productos locales,1
Gourmetrestaurant Nico Burkhardt,Höllgasse 9; Schorndorf; 73614; Alemania,Schorndorf,Alemania,3,Francesa moderna; Cocina de mercado,,1
Hubertusstube,Scheibe 44; Neustift im Stubaital; 6167; Austria,Neustift im Stubaital,Austria,3,Clásica,,1
Alpenroyal Gourmet,Via Meisules 43; Selva di Val Gardena; 39048; Italia,Selva di Val Gardena,Italia,3,Creativa; Actual,Romántico,1
Restaurant auf Schloss Filseck,Filseck 1; Uhingen; 73066; Alemania,Uhingen,Alemania,3,Cocina mediterránea; Cocina de mercado,,1
Hostellerie Vivendum,Vissersstraat 2; Dilsen; 3650; Bélgica,Dilsen,Bélgica,2,Moderna; Francesa moderna,Romántico,1
Le Monzù,Via Tragara 57; Capri; 80073; Italia,Capri,Italia,3,Actual; Italiana,Romántico,1
Dobler's,Seckenheimer Straße 20; Mannheim; 68159; Alemania,Mannheim,Alemania,3,Clásica,,1
The Tourist Trap,Neckarvorlandstraße 2a; Mannheim; 68159; Alemania,Mannheim,Alemania,3,Moderna; Creativa,,1
D'Olier Street,D'Olier Chambers; D'Olier Street; Dublín; D02 H589; Irlanda,Dublín,Irlanda,3,Moderna,Mesa del chef;Romántico,1
Anna Stuben,Via Vidalong 3; Ortisei; 39046; Italia,Ortisei,Italia,3,Creativa; Moderna,Romántico,1
Bastible,111 South Circular Road; Dublín; D08 RW2K; Irlanda,Dublín,Irlanda,3,Moderna,,1
Glovers Alley,The Fitzwilliam Hotel; 127-128 St. Stephen’s Green; Dublín; D02 HE18; Irlanda,Dublín,Irlanda,3,Moderna,,1
Modest,Weg naar Opoeteren 117; Opglabbeek; 3660; Bélgica,Opglabbeek,Bélgica,2,Francesa creativa; Francesa moderna,,1
Hert,Turnovatoren 18 (GPS: P.J. Brepolsplein); Turnhout; 2300; Bélgica,Turnhout,Bélgica,3,Francesa moderna; Creativa,,1
Cédric,Marktstraße 39; Weinstadt; 71384; Alemania,Weinstadt,Alemania,2,Moderna; Francesa clásica,,1
Venissa,Fondamenta Santa Caterina 3; Mazzorbo; 30142; Italia,Mazzorbo,Italia,3,Regional; Actual,Productos locales;Cocina local,1
Malathounis,Gartenstraße 5; Kernen im Remstal; 71394; Alemania,Kernen im Remstal,Alemania,2,Cocina mediterránea; Griega,,1
Bachofer,Marktplatz 6; Waiblingen; 71332; Alemania,Waiblingen,Alemania,3,Creativa; Fusión,,1
Sankt Benedikt,Benediktusplatz 12; Aquisgrán; 52076; Alemania,Aquisgrán,Alemania,3,Creativa; Francesa moderna,Terraza agradable;Romántico,1
Maerz - Das Restaurant,Kronenbergstraße 14; Bietigheim-Bissingen; 74321; Alemania,Bietigheim-Bissingen,Alemania,3,Francesa creativa; Moderna,,1
La Bécasse,Hanbrucher Straße 1; Aquisgrán; 52064; Alemania,Aquisgrán,Alemania,3,Francesa clásica,,1
Oettinger's Restaurant,Fellbacher Straße 2; Fellbach; 70736; Alemania,Fellbach,Alemania,3,Francesa moderna; Regional,,1
Schwabenstube,Stuttgarter Straße 2; Asperg; 71679; Alemania,Asperg,Alemania,2,Clásica; Internacional,,1
De Kristalijn,Wiemesmeerstraat 105; Genk; 3600; Bélgica,Genk,Bélgica,3,Francesa moderna,,1
Schwarz Gourmet,Weinstraße Süd 1; Kirchheim an der Weinstraße; 67281; Alemania,Kirchheim an der Weinstraße,Alemania,3,Francesa; Internacional,,1
Esszimmer im Oberschwäbischen Hof,Hauptstrasse 9; Schwendi; 88477; Alemania,Schwendi,Alemania,2,Moderna; Francesa contemporánea,,1
Quadri,Piazza San Marco 121 (primo piano); Venecia; 30124; Italia,Venecia,Italia,3,Moderna,Un clásico;Romántico,1
Restaurant Atelier,Markt 9; Gulpen; 6271 BD; Holanda,Gulpen,Holanda,3,Francesa creativa; Cocinas del mundo,,1
Oro Restaurant,Isola della Giudecca 10; Venecia; 30133; Italia,Venecia,Italia,3,Italiana contemporánea; Creativa,Un clásico;Romántico,1
La Belle,Bel 162; Geel; 2440; Bélgica,Geel,Bélgica,2,Francesa creativa,,1
PAVO,Auf dem Falkenstein 1; Pfronten; 87459; Alemania,Pfronten,Alemania,3,Moderna; Clásica,,1
De Pastorie,Plaats 2; Lichtaart; 2460; Bélgica,Lichtaart,Bélgica,3,Moderna,Terraza agradable,1
Wistèria,Fondamenta del Forner; Sestiere San Polo 2908; Venecia; 30125; Italia,Venecia,Italia,3,Moderna; Actual,Terraza agradable,1
La Botte,Europalaan 99; Genk; 3600; Bélgica,Genk,Bélgica,3,Italiana,,1
Admiral,Leistadter Straße 6; Weisenheim am Berg; 67273; Alemania,Weisenheim am Berg,Alemania,3,Actual; Moderna,Terraza agradable,1
Der Zauberlehrling,Rosenstraße 38; Stuttgart; 70182; Alemania,Stuttgart,Alemania,2,Creativa; Cocina de temporada,,1
5,Bolzstraße 8; Stuttgart; 70173; Alemania,Stuttgart,Alemania,3,Moderna,,1
ZUR WEINSTEIGE,Hohenheimer Straße 30; Stuttgart; 70184; Alemania,Stuttgart,Alemania,3,Cocina de temporada; Japonesa contemporánea,Romántico,1
Innesto,Kapelhof 13; Zonhoven; 3520; Bélgica,Zonhoven,Bélgica,3,Creativa,,1
Wielandshöhe,Alte Weinsteige 71; Stuttgart; 70597; Alemania,Stuttgart,Alemania,2,Francesa clásica; Regional,,1
Délice,Hauptstätter Straße 61; Stuttgart; 70178; Alemania,Stuttgart,Alemania,3,Creativa; Cocina mediterránea,,1
Laesâ,Wilhelmsplatz 6; Stuttgart; 70182; Alemania,Stuttgart,Alemania,3,Moderna; Creativa,Grupos,1
Lamm Rosswag,Rathausstraße 4; Vaihingen an der Enz; 71665; Alemania,Vaihingen an der Enz,Alemania,3,Moderna; Creativa,,1
Au Coin des Bons Enfants,Ezelmarkt 4; Maastricht; 6211 LJ; Holanda,Maastricht,Holanda,3,Francesa moderna; Cocina de temporada,Un clásico,1
Hupperts,Gebelsbergstraße 97; Stuttgart; 70199; Alemania,Stuttgart,Alemania,3,Moderna; Cocina de temporada,Romántico,1
Hoeve De Bies,Bies 4; St-Martens-Voeren; 3790; Bélgica,St-Martens-Voeren,Bélgica,3,Francesa moderna,Terraza agradable,1
Kucher's Gourmet,Karl-Kaufmann-Straße 2; Darscheid; 54552; Alemania,Darscheid,Alemania,3,Clásica; Moderna,,1
Schwarzer Hahn,Am Marktplatz 1; Deidesheim; 67146; Alemania,Deidesheim,Alemania,3,Francesa moderna; Cocina de temporada,,1
Restaurant Château Neercanne,Von Dopfflaan 10; Maastricht; 6213 NG; Holanda,Maastricht,Holanda,3,Francesa contemporánea,Romántico,1
Ötztaler Stube,Auweg 3; Sölden; 6450; Austria,Sölden,Austria,3,Moderna; Regional,Romántico,1
JER,Persoonstraat 16; Hasselt; 3500; Bélgica,Hasselt,Bélgica,2,Moderna; Actual,Romántico,1
Ogst,Ridder Portmansstraat 4; Hasselt; 3500; Bélgica,Hasselt,Bélgica,2,Francesa moderna,,1
Meisenheimer Hof,Obergasse 33; Meisenheim; 55590; Alemania,Meisenheim,Alemania,2,Cocina de mercado; Francesa moderna,,1
Indaco,Piazza Santa Restituta 1; Lacco Ameno; 80076; Italia,Lacco Ameno,Italia,3,Creativa; Pescados y mariscos,,1
Das Philippin,Seestraße 7; Rutesheim; 71277; Alemania,Rutesheim,Alemania,3,Creativa; Clásica,Romántico,1
Hambleton Hall,Hambleton; LE15 8TH; Reino Unido,Hambleton,Reino Unido,3,Clásica,Un clásico,1
Umberto a Mare,Via del Soccorso 8; Forio; 80075; Italia,Forio,Italia,2,Pescados y mariscos,Terraza agradable;Romántico,1
Austria Stuben,Kressbrunnenweg 3; Obergurgl; 6456; Austria,Obergurgl,Austria,3,Actual; Creativa,Romántico,1
Gasthof Krone,Nürtinger Straße 14; Waldenbuch; 71111; Alemania,Waldenbuch,Alemania,2,Clásica,,1
Prezioso,Via Fragsburg 3; Merano; 39012; Italia,Merano,Italia,3,Alpina; Creativa,Comer solo;Productos locales,1
Alter,Bilzersteenweg 366; Tongeren; 3700; Bélgica,Tongeren,Bélgica,3,Creativa,,1
Il Tiglio,Via Isola San Biagio 34; Montemonaco; 63088; Italia,Montemonaco,Italia,2,Actual; Cocina de Marches,Romántico,1
Komaf,Schranshoevebaan 35; Wommelgem; 2160; Bélgica,Wommelgem,Bélgica,3,Francesa contemporánea,Romántico,1
De Mijlpaal,Sint-Truiderstraat 25; Tongeren; 3700; Bélgica,Tongeren,Bélgica,2,Creativa; Francesa contemporánea,Terraza agradable;Romántico,1
Nathan,Lange Koepoortstraat 13; Antwerpen; 2000; Bélgica,Antwerpen,Bélgica,3,Francesa moderna,,1
Bistrot du Nord,Lange Dijkstraat 36; Antwerpen; 2060; Bélgica,Antwerpen,Bélgica,2,Tradicional,Un clásico,1
Hof Ter Hulst,Kerkstraat 33; Hulshout; 2235; Bélgica,Hulshout,Bélgica,2,Francesa; Francesa clásica,,1
't Fornuis,Reyndersstraat 24; Antwerpen; 2000; Bélgica,Antwerpen,Bélgica,3,Clásica,Un clásico,1
Bloesem,De Leescorfstraat 8; Borgerhout; 2140; Bélgica,Borgerhout,Bélgica,3,Moderna,Mesa del chef,1
Pont-Neuf,Verbindingsdok Oostkaai 9; Antwerpen; 2000; Bélgica,Antwerpen,Bélgica,2,Pescados y mariscos,,1
Restaurant 1950,Aichelauer Straße 6; Hayingen; 72534; Alemania,Hayingen,Alemania,3,Regional; Moderna,Productos locales,1
Fine Fleur,Lange Gasthuisstraat 41b; Antwerpen; 2000; Bélgica,Antwerpen,Bélgica,3,Creativa; Francesa moderna,,1
Neon,Barbara-Vettersplein 4; Lier; 2500; Bélgica,Lier,Bélgica,2,Regional; Francesa creativa,Productos locales,1
Nebo,Panamarenkoplein 5; Antwerpen; 2000; Bélgica,Antwerpen,Bélgica,3,Actual; Francesa moderna,,1
The Butcher's son,Boomgaardstraat 1; Antwerpen; 2018; Bélgica,Antwerpen,Bélgica,2,Tradicional; Carnes a la parrilla,,1
Misera,Michel de Braeystraat 18; Antwerpen; 2000; Bélgica,Antwerpen,Bélgica,3,Francesa creativa; Francesa moderna,Mesa del chef,1
irori,Hauptstraße 15a; Knittelsheim; 76879; Alemania,Knittelsheim,Alemania,3,Creativa; Japonesa contemporánea,,1
Alte Baiz,Hauptstraße 2; Neuhausen; 75242; Alemania,Neuhausen,Alemania,3,Moderna; Creativa,,1
Landhaus Feckl,Keltenweg 1; Ehningen; 71139; Alemania,Ehningen,Alemania,2,Francesa clásica; Cocina de temporada,,1
Silberdistel,Sonnenalp 1; Ofterschwang; 87527; Alemania,Ofterschwang,Alemania,3,Clásica,,1
Das garbo zum Löwen,Hauptstraße 51; Eggenstein-Leopoldshafen; 76344; Alemania,Eggenstein-Leopoldshafen,Alemania,3,Cocina de mercado; Francesa clásica,,1
Vintage,Rijkerooistraat 14; Kontich; 2550; Bélgica,Kontich,Bélgica,2,Moderna,Romántico,1
Le Roannay,Rue de Spa 155; Francorchamps; 4970; Bélgica,Francorchamps,Bélgica,2,Francesa moderna,,1
¡Toma!,boulevard de la Sauvenière 70 bis; Liège; 4000; Bélgica,Liège,Bélgica,3,Creativa,,1
Bruderherz Fine Dine,Oberer Spelsweg 6; Fiss; 6533; Austria,Fiss,Austria,3,Creativa,Mesa del chef;Romántico,1
Beef Club,Laurschweg 28; Fiss; 6533; Austria,Fiss,Austria,2,Moderna; Internacional,,1
ESS ATELIER STRAUSS,Kirchstraße 1; Oberstdorf; 87561; Alemania,Oberstdorf,Alemania,3,Clásica; Moderna,,1
Schwitzer's Gourmet-Restaurant,Etzenroter Straße 4; Waldbronn; 76337; Alemania,Waldbronn,Alemania,3,Clásica; Actual,Comer solo,1
't Korennaer,Nieuwkerkenstraat 4; Nieuwkerken-Waas; 9100; Bélgica,Nieuwkerken-Waas,Bélgica,2,Francesa; Moderna,,1
Héliport Brasserie,allée de Érables; Liège; 4000; Bélgica,Liège,Bélgica,2,Francesa creativa,Romántico,1
Hirsch,Im Dorf 12; Sonnenbühl; 72820; Alemania,Sonnenbühl,Alemania,3,Clásica; Cocina de mercado,Cocina local,1
St. Laurentiushof - Schockes Küche,Hauptstraße 21; Birkweiler; 76831; Alemania,Birkweiler,Alemania,3,Moderna; Cocina de temporada,Romántico,1
Hofke van Bazel,Koningin Astridplein 11; Bazel; 9150; Bélgica,Bazel,Bélgica,3,Francesa contemporánea; Cocina de temporada,Romántico,1
Erbprinz,Rheinstraße 1; Ettlingen; 76275; Alemania,Ettlingen,Alemania,3,Clásica; Internacional,,1
Centpourcent,Antwerpsesteenweg 1; Sint-Katelijne-Waver; 2860; Bélgica,Sint-Katelijne-Waver,Bélgica,3,Moderna,,1
Guido,Lungomare Guido Spadazzi 12; Rímini; 47924; Italia,Rímini,Italia,2,Pescados y mariscos; Moderna,Terraza agradable,1
Tinèlle,Goswin de Stassartstraat 90; Malinas; 2800; Bélgica,Malinas,Bélgica,2,Francesa contemporánea,Familiar,1
Quadras,Malmedyer Straße 53; Sankt Vith; 4780; Bélgica,Sankt Vith,Bélgica,2,Creativa; Francesa contemporánea,,1
Gourmetrestaurant Berlins Krone,Marktplatz 2; Bad Teinach-Zavelstein; 75385; Alemania,Bad Teinach-Zavelstein,Alemania,3,Francesa moderna; Cocina de temporada,,1
Zur Post,Hauptstraße 39; Sankt Vith; 4780; Bélgica,Sankt Vith,Bélgica,3,Moderna,,1
Philippe Fauchet,rue de Warfée 62; Saint-Georges-sur-Meuse; 4470; Bélgica,Saint-Georges-sur-Meuse,Bélgica,3,Creativa; Cocina de temporada,Terraza agradable;Romántico,1
Melchior,Veemarkt 47; Tienen; 3300; Bélgica,Tienen,Bélgica,3,Francesa moderna; Fusión,,1
EssenCiel,Bondgenotenlaan 114; Leuven; 3000; Bélgica,Leuven,Bélgica,3,Actual; Francesa moderna,,1
Vespasia,Via Cesare Battisti 10; Norcia; 06046; Italia,Norcia,Italia,2,Cocina de Umbría; Creativa,Romántico,1
EED,Vaartstraat 14; Leuven; 3000; Bélgica,Leuven,Bélgica,3,Moderna; Francesa contemporánea,,1
Wein- und Tafelhaus,Moselpromenade 4; Trittenheim; 54349; Alemania,Trittenheim,Alemania,3,Cocina de mercado; Cocina mediterránea,,1
Sense,Fortenstraat 62; Waasmunster; 9250; Bélgica,Waasmunster,Bélgica,3,Francesa moderna,,1
Kilian Stuba,Oberseitestraße 6; Hirschegg; 6992; Austria,Hirschegg,Austria,3,Creativa; Cocina de temporada,Romántico,1
Un Max de Goût,quai de l'Ourthe 17; Comblain-au-Pont; 4170; Bélgica,Comblain-au-Pont,Bélgica,2,Moderna,,1
EST,Kapeldreef 46; Heverlee; 3001; Bélgica,Heverlee,Bélgica,3,Francesa,,1
Couvert Couvert,St-Jansbergsesteenweg 171; Heverlee; 3001; Bélgica,Heverlee,Bélgica,3,Creativa; Moderna,,1
Rüssel's Landhaus,Büdlicherbrück 1; Naurath/Wald; 54426; Alemania,Naurath/Wald,Alemania,3,Creativa; Cocina de mercado,,1
Alpin Gourmet Stube,Sankt Jakober Dorfstraße 35; Sankt Anton am Arlberg; 6580; Austria,Sankt Anton am Arlberg,Austria,3,Moderna,Romántico,1
Atelier Noun,Dorpstraat 252; Leefdaal; 3061; Bélgica,Leefdaal,Bélgica,2,Francesa moderna; Fusión,,1
Aux petits oignons,chaussée de Tirlemont 260; Jodoigne; 1370; Bélgica,Jodoigne,Bélgica,2,Francesa moderna; Francesa,,1
Kaisersaal,Mauerstraße 17; Ravensburg; 88212; Alemania,Ravensburg,Alemania,3,Francesa contemporánea; Cocina mediterránea,,1
Ancòra,Viale Trento 31; Cesenatico; 47042; Italia,Cesenatico,Italia,2,Moderna; Italiana contemporánea,,1
s'kammerli,Nauders 196; Nauders; 6543; Austria,Nauders,Austria,3,Moderna; Regional,Merece la espera,1
Ullrs Gourmetstube,Alte Arlbergstraße 2; Sankt Anton am Arlberg; 6580; Austria,Sankt Anton am Arlberg,Austria,3,Creativa; Moderna,Romántico,1
Sel Gris,Zeedijk 314; Knokke; 8301; Bélgica,Knokke,Bélgica,3,Creativa; Actual,Grupos,1
Boo Raan,Edward Verheyestraat 17; Knokke; 8300; Bélgica,Knokke,Bélgica,1,Thai; Tradicional,Merece la espera,1
Fleur de Lin,Lokerenbaan 100; Zele; 9240; Bélgica,Zele,Bélgica,3,Moderna,,1
Le Coq aux Champs,rue du Montys 71; Soheit-Tinlot; 4557; Bélgica,Soheit-Tinlot,Bélgica,2,Francesa creativa,,1
Le temple,Saarstraße 2; Neuhütten; 54422; Alemania,Neuhütten,Alemania,3,Francesa clásica,,1
La Fenice,Tannberg 187; Lech am Arlberg; 6764; Austria,Lech am Arlberg,Austria,3,Cocina mediterránea; Actual,Romántico,1
Werners Restaurant,Schloss Eberstein 1; Gernsbach; 76593; Alemania,Gernsbach,Alemania,3,Francesa clásica; Internacional,,1
Līmū,Via Ciro Scianna 177; Bagheria; 90011; Italia,Bagheria,Italia,2,Creativa; Siciliana,Romántico,1
't Stoveke,Jetsestraat 52; Strombeek-Bever; 1853; Bélgica,Strombeek-Bever,Bélgica,2,Moderna,Comer solo,1
Mangold,Pfänderstraße 3; Lochau; 6911; Austria,Lochau,Austria,2,Clásica,Romántico,1
Die Brasserie,Landauer Straße 105; Pirmasens; 66953; Alemania,Pirmasens,Alemania,3,Clásica; Actual,Comer solo,1
Locanda Margon,Via Margone 15; Ravina; 38123; Italia,Ravina,Italia,3,Creativa; Actual,Romántico,1
Borst,Luitpoldstraße 4; Maßweiler; 66506; Alemania,Maßweiler,Alemania,2,Francesa clásica; Cocina de mercado,,1
Schlossherrnstube,Dorfstr. 85; Ischgl; 6561; Austria,Ischgl,Austria,3,Actual; Francesa,Romántico,1
Paznaunerstube,Dorfstr. 95; Ischgl; 6561; Austria,Ischgl,Austria,3,Actual; Innovadora,Familiar,1
La Roseraie Modave,route de Limet 80; Modave; 4577; Bélgica,Modave,Bélgica,2,Francesa moderna,Romántico,1
Menssa,Avenue de Tervueren 453; Woluwe-Saint-Pierre; 1150; Bélgica,Woluwe-Saint-Pierre,Bélgica,3,Creativa; Bio,Mesa del chef,1
Da Mimmo,avenue du Roi Chevalier 24; Woluwe-Saint-Lambert; 1200; Bélgica,Woluwe-Saint-Lambert,Bélgica,3,Italiana contemporánea,,1
De Zuidkant,Jacob van Maerlantstraat 6; Damme; 8340; Bélgica,Damme,Bélgica,2,Moderna,Romántico,1
Barge,boulevard d'Ypres 33; Bruselas; 1000; Bélgica,Bruselas,Bélgica,2,Bio; Cocina de mercado,,1
Eliane,Rue Saint-Laurent 36; Bruselas; 1000; Bélgica,Bruselas,Bélgica,3,Creativa,Mesa del chef,1
Le Jardin de France im Stahlbad,Augustaplatz 2; Baden-Baden; 76530; Alemania,Baden-Baden,Alemania,3,Francesa clásica; Cocina de temporada,,1
Bagatelle,Zurlaubener Ufer 78; Tréveris; 54292; Alemania,Tréveris,Alemania,2,Francesa contemporánea; Creativa,,1
Restaurant Kunz,Kirchstraße 22; Sankt Wendel; 66606; Alemania,Sankt Wendel,Alemania,2,Francesa clásica,Romántico,1
Arabelle Meirlaen,chemin de Bertrandfontaine 7; Marchin; 4570; Bélgica,Marchin,Bélgica,2,Bio; Creativa,Productos locales,1
Maltes hidden kitchen,Gernsbacher Straße 24; Baden-Baden; 76530; Alemania,Baden-Baden,Alemania,3,Moderna; Creativa,Romántico,1
Le Grand Verre,Place aux Foires 26; Durbuy; 6940; Bélgica,Durbuy,Bélgica,3,Francesa moderna; Internacional,,1
Comme chez Soi,place Rouppe 23; Bruselas; 1000; Bélgica,Bruselas,Bélgica,3,Clásica,Un clásico,1
humus x hortense,rue de Vergnies 2; Ixelles; 1050; Bélgica,Ixelles,Bélgica,3,Creativa; Bio,Merece la espera;Romántico,1
VILLINO,Mittenbuch 6; Lindau; 88131; Alemania,Lindau,Alemania,3,Moderna; Con influencias asiáticas,,1
Le Cor de Chasse,rue des Combattants 16; Wéris; 6940; Bélgica,Wéris,Bélgica,2,Creativa,Romántico,1
KARRisma,Alter Schulplatz 1; Lindau; 88131; Alemania,Lindau,Alemania,3,Creativa; Cocina de mercado,,1
Guth,Wälderstraße 10; Lauterach; 6923; Austria,Lauterach,Austria,2,Clásica; Tradicional,Romántico;Terraza agradable,1
Kamo,chaussée de Waterloo 550a; Ixelles; 1050; Bélgica,Ixelles,Bélgica,3,Japonesa; Sushi,Mesa del chef,1
La Villa in the Sky,Avenue Louise 480; Bruselas; 1050; Bélgica,Bruselas,Bélgica,3,Creativa; Bio,,1
Hakusi,2F; 8-4 Eonju-ro 157-gil; Gangnam-gu; Seoul; 06024; Corea del Sur,Seoul,Corea del Sur,3,Japonesa,Mesa del chef;Romántico,1
Muoki,2F; 12-12 Hakdong-ro 55-gil; Gangnam-gu; Seoul; 06065; Corea del Sur,Seoul,Corea del Sur,2,Actual,Comer solo,1
Onjium,4F; 49 Hyoja-ro; Jongno-gu; Seoul; 03043; Corea del Sur,Seoul,Corea del Sur,3,Coreana,Mesa del chef,1
JUEUN,8F Gyeonghuidang; 36 Gyeonghuigung-gil; Jongno-gu; Seoul; 03175; Corea del Sur,Seoul,Corea del Sur,3,Coreana; Clásica,Comer solo,1
Muni,16 Dosan-daero 72-gil; Gangnam-gu; Seoul; 06063; Corea del Sur,Seoul,Corea del Sur,3,Japonesa,Comer solo,1
Tutoiement,20 Gwangnaru-ro 11-gil; Seongdong-gu; Seoul; 04801; Corea del Sur,Seoul,Corea del Sur,3,Francesa,Mesa del chef,1
Soul,B1F; 35 Sinheung-ro 26-gil; Yongsan-gu; Seoul; 04337; Corea del Sur,Seoul,Corea del Sur,2,Actual,,1
Exquisine,6 Samseong-ro 140-gil; Gangnam-gu; Seoul; 06073; Corea del Sur,Seoul,Corea del Sur,2,Actual,Romántico,1
GiwaKang,4F; 9 Nonhyeon-ro 152-gil; Gangnam-gu; Seoul; 06025; Corea del Sur,Seoul,Corea del Sur,3,Coreana contemporánea,Comer solo,1
KANG MINCHUL Restaurant,5F; 18 Dosan-daero 63-gil; Gangnam-gu; Seoul; 06064; Corea del Sur,Seoul,Corea del Sur,3,Francesa contemporánea,Comer solo,1
GAGGEN by Choi Junho,2F; 19-1 Apgujeong-ro 80-gil; Gangnam-gu; Seoul; 06015; Corea del Sur,Seoul,Corea del Sur,3,Japonesa,Romántico,1
7th Door,4F; 41 Hakdong-ro 97-gil; Gangnam-gu; Seoul; 06072; Corea del Sur,Seoul,Corea del Sur,3,Coreana contemporánea,Mesa del chef,1
Eatanic Garden,36F; Josun Palace Hotel; 231 Teheran-ro; Gangnam-gu; Seoul; 06142; Corea del Sur,Seoul,Corea del Sur,3,Coreana contemporánea,Comer solo;Grupos,1
VINHO,#162 Wellstone Bldg; 38 Hakdong-ro 43-gil; Gangnam-gu; Seoul; 06059; Corea del Sur,Seoul,Corea del Sur,2,Actual,Romántico,1
Gigas,3F; 30 Toegye-ro 6ga-gil; Jung-gu; Seoul; 04635; Corea del Sur,Seoul,Corea del Sur,2,Cocina mediterránea,Productos locales,1
y'east,3F; 26-6 Eonju-ro 170-gil; Gangnam-gu; Seoul; 06017; Corea del Sur,Seoul,Corea del Sur,2,Actual,Comer solo,1
Zero Complex,11-8 Seobinggo-ro 59-gil; Yongsan-gu; Seoul; 04384; Corea del Sur,Seoul,Corea del Sur,3,Innovadora,Romántico,1
Légume,2F; Sinsa Square; 652 Gangnam-daero; Gangnam-gu; Seoul; 06027; Corea del Sur,Seoul,Corea del Sur,1,Vegana; Vegetariana,Comer solo,1
Solbam,2F; 231 Hakdong-ro; Gangnam-gu; Seoul; 06053; Corea del Sur,Seoul,Corea del Sur,3,Actual; Coreana contemporánea,Comer solo,1
Palate,3F; 154 Dalmaji-gil 65 beon-gil; Haeundae-gu; Busan; 48576; Corea del Sur,Busan,Corea del Sur,3,Actual,Romántico,1
Fiotto,2F; 219 Dalmaji-gil 117 beonga-gil; Haeundae-gu; Busan; 48105; Corea del Sur,Busan,Corea del Sur,2,Italiana contemporánea,Productos locales,1
SAN,B1; 6 Eonju-ro 168-gil; Gangnam-gu; Seoul; 06020; Corea del Sur,Seoul,Corea del Sur,3,Innovadora,,1
Escondido,B1F; 61-7 Hannam-daero 20-gil; Yongsan-gu; Seoul; 04419; Corea del Sur,Seoul,Corea del Sur,2,Mexicana,Comer solo,1
Sushi Matsumoto,24 Dosan-daero 75-gil; Gangnam-gu; Seoul; 06015; Corea del Sur,Seoul,Corea del Sur,3,Sushi,Comer solo,1
Soseoul Hannam,B1F; 21-18 Hannam-daero 20-gil; Yongsan-gu; Seoul; 04419; Corea del Sur,Seoul,Corea del Sur,3,Coreana,Romántico,1
YUN,805 Seolleung-ro; Gangnam-gu; Seoul; 06019; Corea del Sur,Seoul,Corea del Sur,2,Coreana,Cocina local,1
Goryori Ken,2F; 15-3 Eonju-ro 152-gil; Gangnam-gu; Seoul; 06021; Corea del Sur,Seoul,Corea del Sur,3,Actual; Japonesa contemporánea,Comer solo,1
Le DORER,2F; 37 Marine city 3-ro; Haeundae-gu; Busan; 48118; Corea del Sur,Busan,Corea del Sur,2,Coreana contemporánea,Romántico,1
Mori,#311; 3F; LEEIN: VIEW 2 Commercial Building; 21 Gunam-ro; Haeundae-gu; Busan; 48095; Corea del Sur,Busan,Corea del Sur,2,Japonesa,,1
Noni,211 Republic Street; La Valeta; VLT 1118; Malta,La Valeta,Malta,3,Moderna; Cocina mediterránea,Tendencia,1
OAK,Burgstraat 16; Gent; 9000; Bélgica,Gent,Bélgica,3,Moderna; Creativa,,1
Publiek,Ham 39; Gent; 9000; Bélgica,Gent,Bélgica,2,Moderna; Cocina de temporada,,1
Cheval Blanc,4 rue de Wissembourg; Lembach; 67510; Francia,Lembach,Francia,3,Moderna,Romántico,1
Schlossberg,Murgtalstraße 602; Baiersbronn; 72270; Alemania,Baiersbronn,Alemania,3,Creativa; Clásica,Romántico,1
Pentonbridge Inn,Penton; CA6 5QB; Reino Unido,Penton,Reino Unido,3,Inglesa moderna,Productos locales,1
Winteringham Fields,1 Silver Street; Winteringham; DN15 9ND; Reino Unido,Winteringham,Reino Unido,2,Moderna,Romántico,1
The Kitchin,78 Commercial Quay; Leith; EH6 6LX; Reino Unido,Leith,Reino Unido,3,Moderna,Un clásico,1
Pipe and Glass,West End; South Dalton; HU17 7PN; Reino Unido,South Dalton,Reino Unido,2,Inglesa tradicional,Terraza agradable;Romántico,1
Kelderman,Parklaan 4; Aalst; 9300; Bélgica,Aalst,Bélgica,3,Tradicional; Pescados y mariscos,Romántico,1
Allium at Askham Hall,Askham; CA10 2PF; Reino Unido,Askham,Reino Unido,3,Inglesa moderna,Mesa del chef;Romántico,1
The Boat,Walsall Road; Lichfield; WS14 0BU; Reino Unido,Lichfield,Reino Unido,3,Inglesa moderna,Productos locales,1
Sans Cravate,Langestraat 159; Brugge; 8000; Bélgica,Brugge,Bélgica,3,Francesa creativa; Creativa,Romántico,1
Zet'Joe by Geert Van Hecke,Langestraat 11; Brugge; 8000; Bélgica,Brugge,Bélgica,3,Francesa creativa,,1
Agnes,Processiestraat 3; Sint-Martens-Bodegem; 1700; Bélgica,Sint-Martens-Bodegem,Bélgica,2,Francesa moderna,,1
Goffin,Maalsesteenweg 2; Sint-Kruis; 8310; Bélgica,Sint-Kruis,Bélgica,3,Moderna,Romántico,1
Timberyard,10 Lady Lawson Street; Edinburgh; EH3 9DS; Reino Unido,Edinburgh,Reino Unido,3,Inglesa moderna; Actual,Romántico;Productos locales,1
La Table de Manon,rue de Givet 79; Grandhan; 6940; Bélgica,Grandhan,Bélgica,1,Francesa contemporánea,,1
Moscou By Danny Horseele,Oefenpleinstraat 3; Gentbrugge; 9050; Bélgica,Gentbrugge,Bélgica,3,Francesa moderna,,1
The Cross,16 New Street; Kenilworth; CV8 2EZ; Reino Unido,Kenilworth,Reino Unido,3,Británica comtemporánea,,1
Loch Bay,1-2 Macleods Terrace; Stein; Waternish; Isle of Skye; IV55 8GA; Reino Unido,Isle of Skye,Reino Unido,3,Pescados y mariscos; Escocesa,,1
Campagne,5 The Arches; Gashouse Lane; Kilkenny; R95 X092; Irlanda,Kilkenny,Irlanda,2,Moderna,,1
The Oak Room,Adare Manor; Adare; V94 W8WR; Irlanda,Adare,Irlanda,3,Moderna,,1
Stube Hermitage,Via Castelletto Inferiore 69; Madonna di Campiglio; 38086; Italia,Madonna di Campiglio,Italia,3,Creativa; Regional,Romántico,1
Dolomieu,via Castelletto Inferiore 10; Madonna di Campiglio; 38086; Italia,Madonna di Campiglio,Italia,3,Actual; Moderna,Romántico,1
Martin Wishart,54 The Shore; Leith; EH6 6RA; Reino Unido,Leith,Reino Unido,3,Moderna; Actual,Un clásico,1
Dog and Gun Inn,Skelton; CA11 9SE; Reino Unido,Skelton,Reino Unido,2,Británica comtemporánea,Cocina local,1
Mec Restaurant,Via Vittorio Emanuele 452; Palermo; 90134; Italia,Palermo,Italia,3,Siciliana; Actual,Romántico,1
alchemilla,192 Derby Road; Nottingham; NG7 1NF; Reino Unido,Nottingham,Reino Unido,3,Inglesa moderna,,1
Black Swan,Main Street; Oldstead; YO61 4BL; Reino Unido,Oldstead,Reino Unido,3,Inglesa creativa,Productos locales,1
John's House,Stonehurst Farm; 139-141 Loughborough Road; Mountsorrel; LE12 7AR; Reino Unido,Mountsorrel,Reino Unido,3,Moderna,Productos locales,1
House of Tides,28-30 The Close; Newcastle Upon Tyne; NE1 3RF; Reino Unido,Newcastle upon Tyne,Reino Unido,2,Moderna,,1
The White Swan,300 Wheatley Lane Road; Fence; BB12 9QA; Reino Unido,Fence,Reino Unido,2,Inglesa moderna,Romántico,1
La Trota,Via Santa Susanna 33; località Piedicolle; Rivodutri; 02010; Italia,Rivodutri,Italia,3,Regional; Creativa,Un clásico;Terraza agradable,1
Sensum Gent,Kortrijksesteenweg 1026; Sint-Denijs-Westrem; 9051; Bélgica,Sint-Denijs-Westrem,Bélgica,2,Moderna,,1
La Table-Lasne by Alain Bianchin,Rue du Try Bara 33; Ohain; 1380; Bélgica,Ohain,Bélgica,3,Francesa; Francesa creativa,Terraza agradable,1
Archibald De Prince,Maison 6; Lauterborn; 6562; Luxemburgo,Lauterborn,Luxemburgo,3,Bio; Creativa,,1
1789,Tonbachstraße 237; Baiersbronn; 72270; Alemania,Baiersbronn,Alemania,3,Moderna; Con influencias asiáticas,,1
The Pullman,Glenlo Abbey Hotel & Estate; Bushypark; Galway; H91 XD8K; Irlanda,Galway,Irlanda,3,Moderna,Un clásico;Romántico,1
Pré de chez vous,Chaussée de Louvain 380; Bouge; 5004; Bélgica,Bouge,Bélgica,2,Moderna,Productos locales,1
OX,1 Oxford Street; Belfast; BT1 3LA; Reino Unido,Belfast,Reino Unido,3,Inglesa moderna,Romántico,1
Les Pieds dans le Plat,rue du Centre 3; Marenne; 6990; Bélgica,Marenne,Bélgica,2,Clásica; Moderna,Romántico,1
Sosban & The Old Butchers,Trinity House; 1a High Street; Menai Bridge; LL59 5EE; Reino Unido,Menai Bridge,Reino Unido,3,Moderna,Romántico,1
The Angel,Back Lane; Hetton; BD23 6LT; Reino Unido,Hetton,Reino Unido,3,Moderna,,1
Le Julien,Prinsenstraat 9; Lotenhulle; 9880; Bélgica,Lotenhulle,Bélgica,3,Francesa; Francesa moderna,,1
Hämmerle's Restaurant,Bliestalstraße 110a; Blieskastel; 66440; Alemania,Blieskastel,Alemania,3,Francesa moderna; Creativa,Mesa del chef,1
The Muddlers Club,1 Warehouse Lane; Belfast; BT1 2DX; Reino Unido,Belfast,Reino Unido,3,Moderna,Romántico,1
Aniar,53 Lower Dominick Street; Galway; H91 V4DP; Irlanda,Galway,Irlanda,3,Moderna; Irlandesa,,1
De Bakermat,Leopoldlaan 95; Ninove; 9400; Bélgica,Ninove,Bélgica,3,Francesa moderna,,1
Il Piastrino,Via Parco Begni 7; Pennabilli; 47864; Italia,Pennabilli,Italia,2,Regional; Creativa,Romántico,1
The Cottage in the Wood,Magic Hill; Whinlatter Forest; Braithwaite; CA12 5TW; Reino Unido,Braithwaite,Reino Unido,3,Inglesa moderna,Romántico,1
The Neptune,85 Old Hunstanton Road; Old Hunstanton; Hunstanton; PE36 6HZ; Reino Unido,Hunstanton,Reino Unido,3,Moderna,,1
Star Inn at Harome,High Street; Harome; YO62 5JE; Reino Unido,Harome,Reino Unido,3,Inglesa moderna; Regional,Un clásico,1
Philippe Meyers,rue Doyen Van Belle 6; Braine-l'Alleud; 1420; Bélgica,Braine-l'Alleud,Bélgica,2,Francesa moderna,,1
Chai Gourmand,rue Chainisse 53; Beuzet; 5030; Bélgica,Beuzet,Bélgica,2,Moderna,Terraza agradable,1
Stark,East Road; East Mersea; CO5 8TQ; Reino Unido,East Mersea,Reino Unido,3,Inglesa moderna,Romántico,1
The Wilderness,Unit B; 27 Warstone Lane; Birmingham; B18 6JQ; Reino Unido,Birmingham,Reino Unido,3,Moderna,Favorito del inspector,1
HAUT,Leopold III-Laan 2 28.01; Oostende; 8400; Bélgica,Oostende,Bélgica,3,Francesa moderna; Con influencias asiáticas,,1
midi,Ernst-Heckel-Straße 4; Sankt Ingbert; 66386; Alemania,Sankt Ingbert,Alemania,2,Creativa; Cocina de temporada,Comer solo,1
Au Gourmet,4 route de Herrlisheim; Drusenheim; 67410; Francia,Drusenheim,Francia,2,Moderna,,1
Bistrot Blaise,Rue Porte Haute 5; Marche-en-Famenne; 6900; Bélgica,Marche-en-Famenne,Bélgica,2,Francesa contemporánea,,1
Restaurant Twenty-Two,22 Chesterton Road; Cambridge; CB4 3AX; Reino Unido,Cambridge,Reino Unido,3,Moderna,Romántico,1
Mark Poynton at Caistor Hall,Stoke Road; Caistor St Edmund; NR14 8QN; Reino Unido,Caistor St Edmund,Reino Unido,2,Moderna,,1
La Grange d'Hamois,Chaussée d'Andenne 10a; Emptinne; 5363; Bélgica,Emptinne,Bélgica,2,Francesa moderna; Francesa clásica,,1
mýse,Main Street; Hovingham; YO62 4LF; Reino Unido,Hovingham,Reino Unido,3,Moderna,,1
LYLA,3 Royal Terrace; Edinburgh; EH7 5AB; Reino Unido,Edinburgh,Reino Unido,3,Inglesa moderna; Creativa,Romántico,1
Willem Hiele,Kapittelstraat 71; Oudenburg; 8460; Bélgica,Oudenburg,Bélgica,3,Creativa; Cocina de temporada,Mesa del chef,1
Attablez-vous,Tienne Maquet 16; Namur; 5000; Bélgica,Namur,Bélgica,2,Francesa creativa; Francesa moderna,,1
Homestead Cottage,Luogh North; Doolin; V95 KH30; Irlanda,Doolin,Irlanda,3,Moderna,Romántico,1
The Bishop's Buttery,Cashel Palace Hotel; Main Street; Cashel; E25 EF61; Irlanda,Cashel,Irlanda,3,Moderna,Romántico,1
Pine,Vallum Farm; Military Road; East Wallhouses; NE18 0LL; Reino Unido,East Wallhouses,Reino Unido,3,Moderna,Productos locales,1
Maison Marit,chaussée de Nivelles 336; Braine-l'Alleud; 1420; Bélgica,Braine-l'Alleud,Bélgica,2,Francesa clásica,Familiar,1
Dopamin,Brückenstraße 1; Saarburg; 54439; Alemania,Saarburg,Alemania,3,Creativa; Moderna,Mesa del chef,1
Meadowsweet,37 Norwich Road; Holt; NR25 6SA; Reino Unido,Holt,Reino Unido,3,Inglesa moderna,Romántico,1
Lady Helen,The Manor House; Mount Juliet Estate; Thomastown; R95 E096; Irlanda,Thomastown,Irlanda,3,Moderna,Romántico,1
l'Essentiel,rue Roger Clément 32; Temploux; 5020; Bélgica,Temploux,Bélgica,2,Francesa creativa,Terraza agradable,1
Condita,15 Salisbury Place; Edinburgh; EH9 1SL; Reino Unido,Edinburgh,Reino Unido,3,Moderna,,1
Ballyfin,Ballyfin Demesne; Ballyfin; R32 X5X8; Irlanda,Ballyfin,Irlanda,3,Moderna,Romántico,1
Bistro Racine,place de la Station 3; Braine-le-Château; 1440; Bélgica,Braine-le-Château,Bélgica,2,Moderna,Comer solo,1
Le Beau Rivage by Curtis,Rue du Rivage 8; Dave; 5100; Bélgica,Dave,Bélgica,2,Francesa moderna,Romántico,1
The Barn,Prescot Road; Aughton; L39 6RT; Reino Unido,Aughton,Reino Unido,2,Inglesa moderna,Terraza agradable;Productos locales,1
Benoit en Bernard Dewitte,Beertegemstraat 52; Ouwegem; 9750; Bélgica,Ouwegem,Bélgica,3,Francesa moderna,,1
L'Arnsbourg,18 Untermuhlthal; Baerenthal; 57230; Francia,Baerenthal,Francia,3,Moderna,Romántico,1
ANIMA,In Wöhrden 5; Tuttlingen; 78532; Alemania,Tuttlingen,Alemania,3,Creativa; Moderna,,1
Elementi,via del Colle 38; località Brufa; Torgiano; 06089; Italia,Torgiano,Italia,3,Italiana contemporánea; Cocina de Umbría,Romántico,1
Skof,3 Federation Street; Mánchester; M4 4BF; Reino Unido,Mánchester,Reino Unido,3,Creativa; Moderna,Romántico,1
Al Madrigale | Nuova Cucina Rurale,Via Ponte Gregoriano 1; Tívoli; 00019; Italia,Tívoli,Italia,2,Regional; Moderna,,1
Rogan & Co,Devonshire Square; Cartmel; LA11 6QD; Reino Unido,Cartmel,Reino Unido,3,Inglesa moderna,Productos locales,1
Old Stamp House,Church Street; Ambleside; LA22 0BU; Reino Unido,Ambleside,Reino Unido,3,Moderna; Regional,Productos locales,1
AVERY,54 Saint Stephen Street; Edinburgh; EH3 5AL; Reino Unido,Edinburgh,Reino Unido,3,Creativa,Romántico,1
Corso,Brühlgasse 37; Sankt Gallen; 9000; Suiza,Sankt Gallen,Suiza,2,Actual; Clásica,,1
Le Relais de la Poste,21 rue du Général-de-Gaulle; La Wantzenau; 67610; Francia,La Wantzenau,Francia,3,Moderna,Terraza agradable;Romántico,1
Le Jardin Secret,32 rue de la Gare; La Wantzenau; 67610; Francia,La Wantzenau,Francia,3,Moderna,Terraza agradable;Romántico,1
Cedar Tree by Hrishikesh Desai,Farlam Hall Hotel; Hallbankgate; Brampton; CA8 2NG; Reino Unido,Brampton,Reino Unido,3,Moderna,Mesa del chef,1
Senso Lake Garda Alfio Ghezzi,Via IV Novembre 86; Limone sul Garda; 25010; Italia,Limone sul Garda,Italia,3,Creativa; Moderna,Romántico,1
FIFTY TWO,Rudding Park Hotel; Follifoot; Harrogate; HG3 1JH; Reino Unido,Harrogate,Reino Unido,3,Moderna; Creativa,,1
Fields by René Mathieu,6 Rue de Trèves; Findel; 2632; Luxemburgo,Findel,Luxemburgo,3,Cocina de temporada; Vegetariana,Productos locales,1
Forest Avenue,8 Sussex Terrace; Dublín; D04 C7F4; Irlanda,Dublín,Irlanda,2,Moderna,,1
Il Bavaglino,Via dei Mille 2/b; Terrasini; 90049; Italia,Terrasini,Italia,2,Creativa; Actual,Terraza agradable;Romántico,1
SOLSTICE BY KENNY ATKINSON,5-7 Side; Newcastle Upon Tyne; NE1 3JE; Reino Unido,Newcastle upon Tyne,Reino Unido,3,Inglesa moderna,Romántico,1
LIGИUM,Slatefort House; Bullaun; H62 H798; Irlanda,Bullaun,Irlanda,3,Creativa; Innovadora,Romántico,1
Grace & Savour,Hampton Manor; Shadowbrook Lane; Hampton in Arden; B92 0EN; Reino Unido,Hampton in Arden,Reino Unido,3,Moderna,Productos locales,1
Upstairs by Tom Shepherd,25 Bore Street; Lichfield; WS13 6NA; Reino Unido,Lichfield,Reino Unido,3,Moderna,Mesa del chef,1
Auberge Saint-Walfrid,58 rue de Grosbliederstroff; Sarreguemines; 57200; Francia,Sarreguemines,Francia,3,Clásica,Terraza agradable,1
The Royal Oak,The Orchard; Whatcote; CV36 5EF; Reino Unido,Whatcote,Reino Unido,2,Inglesa moderna,Productos locales,1
Grünewald Chef’s Table,2 Rue des Hauts-Fourneaux; 1719; Luxemburgo,Luxemburgo,Luxemburgo,3,Moderna,Mesa del chef,1
heft,Newton in Cartmel; LA11 6JH; Reino Unido,Newton in Cartmel,Reino Unido,3,Inglesa moderna; Regional,Productos locales,1
Le Vieux Château,rue du Docteur Degrave 23; Flobecq; 7880; Bélgica,Flobecq,Bélgica,2,Moderna,Romántico,1
Roots,68 Marygate; York; YO30 7BH; Reino Unido,York,Reino Unido,3,Moderna,Productos locales,1
Carcasse,Henri Christiaenlaan 5; Sint-Idesbald; 8670; Bélgica,Sint-Idesbald,Bélgica,3,Carnes a la parrilla,Familiar,1
Adam's,16 Waterloo Street; Birmingham; B2 5UG; Reino Unido,Birmingham,Reino Unido,3,Moderna,Mesa del chef,1
La Villa de Camille et Julien,5 rue de Pulvermühl; 2090; Luxemburgo,Luxemburgo,Luxemburgo,2,Francesa; Cocina de temporada,,1
Au Gré du Vent,rue de Soudromont 67; Seneffe; 7180; Bélgica,Seneffe,Bélgica,2,Cocina de mercado,Familiar,1
Arden,rue de Montainpré 27; Villers-sur-Lesse; 5580; Bélgica,Villers-sur-Lesse,Bélgica,3,Francesa contemporánea,,1
de:ja,1 rue Schimper; Estrasburgo; 67000; Francia,Estrasburgo,Francia,3,Creativa,Productos locales,1
Iris Ristorante,Via Leoni 10; Verona; 37121; Italia,Verona,Italia,3,Actual; Italiana contemporánea,Romántico,1
Pea Porridge,28-29 Cannon Street; Bury St Edmunds; IP33 1JR; Reino Unido,Bury St Edmunds,Reino Unido,2,Cocina mediterránea,,1
Lake Road Kitchen,Sussex House; Lake Road; Ambleside; LA22 0AD; Reino Unido,Ambleside,Reino Unido,3,Creativa,Romántico,1
Mosconi,13 rue Münster; 2160; Luxemburgo,Luxemburgo,Luxemburgo,3,Italiana,Un clásico,1
Les Funambules,17 rue Geiler; Estrasburgo; 67000; Francia,Estrasburgo,Francia,2,Moderna,,1
The Morrison Room,Carton House; Carton Demesne; Maynooth; W23 TD98; Irlanda,Maynooth,Irlanda,3,Moderna,Romántico,1
sō–lō,17 Town Green Lane; Aughton; L39 6SE; Reino Unido,Aughton,Reino Unido,3,Inglesa moderna,Mesa del chef,1
Ryôdô,27 rue Raymond Poincaré; 2342; Luxemburgo,Luxemburgo,Luxemburgo,3,Japonesa,,1
Le Lys,1; Avenue Marie-Thérèse; 2132; Luxemburgo,Luxemburgo,Luxemburgo,3,Moderna; Francesa,Romántico,1
1887,Torridon Hotel; Annat; By Achnasheen; Torridon; IV22 2EY; Reino Unido,Torridon,Reino Unido,3,Moderna,Productos locales,1
Killiecrankie House,Pitlochry; Killiecrankie; PH16 5LG; Reino Unido,Killiecrankie,Reino Unido,3,Moderna,Romántico,1
Nin,Via Zanardelli 5; Brenzone sul Garda; 37010; Italia,Brenzone sul Garda,Italia,3,Creativa; Cocina de temporada,Romántico;Tendencia,1
Heron,87-91a Henderson Street; Leith; EH6 6ED; Reino Unido,Leith,Reino Unido,3,Moderna,Romántico,1
Forge,Middleton Lodge Estate; Kneeton Lane; Middleton Tyas; DL10 6NJ; Reino Unido,Middleton Tyas,Reino Unido,3,Moderna,Productos locales,1
Guillaume Scheer - Les Plaisirs Gourmands,21 quai Mullenheim; Estrasburgo; 67000; Francia,Estrasburgo,Francia,3,Moderna; Creativa,Romántico,1
Subtiel,Westhoeklaan 31; De Panne; 8660; Bélgica,De Panne,Bélgica,3,Clásica; Pescados y mariscos,,1
Umami,8 rue des Dentelles; Estrasburgo; 67000; Francia,Estrasburgo,Francia,2,Moderna,,1
Variety Jones,79 Thomas Street; Dublín; D08 F2RN; Irlanda,Dublín,Irlanda,3,Moderna,,1
Entrée,Ostravská 1; Olomouc; 77900; Chequia,Olomouc,Chequia,2,Moderna; Internacional,Tendencia,1
LEVITATE,Vinohradská 1228/47; Praga; 12000; Chequia,Praga,Chequia,3,Con influencias asiáticas; Escandinava,Mesa del chef,1
La Villa,Stráže 3661; Zlín; 76001; Chequia,Zlín,Chequia,2,Clásica; Francesa,Romántico,1
Field,U Milosrdných 12; Praga; 110 00; Chequia,Praga,Chequia,3,Moderna,,1
Štangl,Pernerova 49; Praga; 18600; Chequia,Praga,Chequia,3,Cocina de temporada; Moderna,Merece la espera;Comer solo,1
ESSENS,K Zámečku 16; Hlohovec; 69143; Chequia,Hlohovec,Chequia,3,Moderna; Regional,Romántico,1
La Degustation Bohême Bourgeoise,Haštalská 18; Praga; 110 00; Chequia,Praga,Chequia,3,Moderna,,1
Casa De Carli,Vězeňská 5; Praga; 11 000; Chequia,Praga,Chequia,2,Italiana,Mesa del chef,1
Alba,1st Floor; Katara Towers; Raffles Doha; Marina District; Lusail; Doha; Catar,Doha,Catar,3,Italiana,Mesa del chef;Romántico,1
Jamavar,Al Corniche Street; West Bay; Doha; Catar,Doha,Catar,3,Hindú,Romántico,1
IDAM by Alain Ducasse,5th Floor; Museum of Islamic Art; Corniche Promenade; Doha; Catar,Doha,Catar,3,Francesa contemporánea,Romántico,1
Arkestra,Etiler; Dilhayat Sokak No:28; Beşiktaş; Istanbul; 34337; Turquía,Istanbul,Turquía,3,Fusión,Tendencia,1
Araka,Kapalı Bakkal Sokak No:8; Yeniköy/Sarıyer; Istanbul; 34464; Turquía,Istanbul,Turquía,2,Creativa; Moderna,,1
Araf İstanbul,AG/E İç Kapı; 19 Mayıs Mahallesi Sümer Sokak Sümko N Blok No:1; No:2; Kadıköy; Istanbul; 34742; Turquía,Istanbul,Turquía,1,Actual; Turca,,1
OD Urla,Rüstem Mahallesi; Süt Pınarı Mevkii; 2018/9 Sokak No:28; Urla; Izmir; 35430; Turquía,Izmir,Turquía,2,Moderna; Turca,Mesa del chef;Terraza agradable,1
Teruar Urla,Kusçular Mahallesi; 8028. Sokak No:16; Urla; Izmir; 35437; Turquía,Izmir,Turquía,3,Cocina mediterránea; Francesa contemporánea,Romántico,1
Nusara,336 Maha Rat Road; Phra Borom Maha Ratchawang; Phra Nakhon; Bangkok; 10200; Tailandia,Bangkok,Tailandia,3,Tailandesa contemporánea,Romántico;Tendencia,1
Mikla,Meşrutiyet Caddesi No:15; 18th floor (18. kat); Tepebaşı/Beyoğlu; Istanbul; 34430; Turquía,Istanbul,Turquía,3,Cocina mediterránea; Moderna,,1
GOAT,12 Soi Ekkamai 10 Lane 2; Khlong Tan Nuea; Vadhana; Bangkok; 10110; Tailandia,Bangkok,Tailandia,3,Tailandesa contemporánea,Productos locales,1
Gaggan,68 Soi Sukhumvit 31; Sukhumvit Road; Khlong Tan Nuea; Vadhana; Bangkok; 10110; Tailandia,Bangkok,Tailandia,3,Innovadora,Comer solo,1
Suan Thip,17/9 Mu 7; Sukhaprachasan 2 Road; Bang Phut; Pak Kret; Nonthaburi; 11120; Tailandia,Nonthaburi,Tailandia,1,Thai,Familiar,1
Sushi Saito,Four Seasons Private Residences Bangkok; 300 Charoen Krung Road; Yan Nawa; Sathon; Bangkok; 10120; Tailandia,Bangkok,Tailandia,3,Sushi,Comer solo,1
Wana Yook,5/15 Phaya Thai Road; Thanon Phaya Thai; Ratchathewi; Bangkok; 10400; Tailandia,Bangkok,Tailandia,3,Tailandesa contemporánea,Mesa del chef,1
Le Du,399/3 Soi Si Lom 7; Si Lom; Bang Rak; Bangkok; 10500; Tailandia,Bangkok,Tailandia,3,Tailandesa contemporánea,Mesa del chef;Romántico,1
etcha,7F; Chatrium Grand Bangkok; 728 Phetchaburi Road; Phetchaburi; Ratchathewi; Bangkok; 10400; Tailandia,Bangkok,Tailandia,2,Creativa; Europea contemporánea,Romántico,1
Bo.lan,24 Soi Sukhumvit 53; Khlong Tan Nuea; Vadhana; Bangkok; 10110; Tailandia,Bangkok,Tailandia,3,Thai,Productos locales,1
NAWA,1F; Parklane; 18 Soi Sukhumvit 61; Khlong Tan Nuea; Vadhana; Bangkok; 10110; Tailandia,Bangkok,Tailandia,3,Tailandesa contemporánea,Mesa del chef;Romántico,1
Aksorn,5F; Central: The Original Store; 1266 Charoenkrung Road; Bang Rak; Bangkok; 10500; Tailandia,Bangkok,Tailandia,2,Thai,Grupos,1
Falconera,Zum Mühlental 1; Öhningen; 78337; Alemania,Öhningen,Alemania,2,Francesa clásica; Cocina de mercado,,1
Samrub Samrub Thai,39/11 Soi Yommarat; Si Lom; Bang Rak; Bangkok; 10500; Tailandia,Bangkok,Tailandia,3,Thai,Comer solo,1
Sintesi,Viale dei Castani 17; Ariccia; 00072; Italia,Ariccia,Italia,2,Actual; Cocina de temporada,Romántico,1
die burg - fine dining,Burgring 6; Donaueschingen; 78166; Alemania,Donaueschingen,Alemania,2,Cocina de mercado; Regional,,1
1741,22 quai des Bateliers; Estrasburgo; 67000; Francia,Estrasburgo,Francia,3,Moderna,Mesa del chef;Romántico,1
Au Crocodile,10 rue de l'Outre; Estrasburgo; 67000; Francia,Estrasburgo,Francia,3,Moderna,Mesa del chef;Un clásico,1
Le K,Domaine de la Klauss; 2 impasse du Klaussberg; Montenach; 57480; Francia,Montenach,Francia,3,Moderna,Romántico,1
Fani,51 Grand Rue; Roeser; 3394; Luxemburgo,Roeser,Luxemburgo,3,Italiana,,1
Apdikt,1 rue des Martyrs; Steinfort; 8442; Luxemburgo,Steinfort,Luxemburgo,2,Creativa,,1
Amistà,Via Cedrare 78; Corrubbio; 37029; Italia,Corrubbio,Italia,3,Creativa; Actual,Comer solo;Tendencia,1
Kasbür,8 route de Dettwiller; Monswiller; 67700; Francia,Monswiller,Francia,3,Moderna,Terraza agradable,1
L'Envie,Helkijnstraat 38; Sint-Denijs; 8554; Bélgica,Sint-Denijs,Bélgica,3,Francesa moderna,,1
Alexis Baudin,11 route Nationale; Petite-Hettange; Malling; 57480; Francia,Malling,Francia,2,Moderna,,1
Rebelle,Rekkemsestraat 226; Marke; 8510; Bélgica,Marke,Bélgica,2,Moderna; Francesa creativa,,1
Vol-Ver,Watervalstraat 23; Marke; 8510; Bélgica,Marke,Bélgica,2,Moderna; Francesa contemporánea,,1
Guillou Campagne,17 rue de la Résistance; Schouweiler; 4996; Luxemburgo,Schouweiler,Luxemburgo,3,Francesa clásica,Terraza agradable,1
La Grappe d'Or,Route de Luxembourg 317; Arlon; 6700; Bélgica,Arlon,Bélgica,2,Francesa contemporánea; Francesa creativa,Romántico,1
Verve by Sven,Bernhard-Simon-Strasse 2; Bad Ragaz; 7310; Suiza,Bad Ragaz,Suiza,2,Moderna; Cocina de mercado,,1
Adler,Reichenbacher Hauptstraße 18; Lahr; 77933; Alemania,Lahr,Alemania,2,Francesa moderna,,1
Le Cerf,30 rue du Général-de-Gaulle; Marlenheim; 67520; Francia,Marlenheim,Francia,2,Moderna,Romántico,1
Oseleta,Località Cordevigo; Cavaion Veronese; 37010; Italia,Cavaion Veronese,Italia,3,Creativa; Actual,Romántico,1
Hostellerie St-Nicolas,Veurnseweg 532; Elverdinge; 8906; Bélgica,Elverdinge,Bélgica,3,Creativa,,1
Imàgo,Piazza Trinità dei Monti 6; Roma; 00187; Italia,Roma,Italia,3,Italiana contemporánea; Creativa,Un clásico,1
Iacobucci,Via Ronco 1; Villa Zarri; Castel Maggiore; 40013; Italia,Castel Maggiore,Italia,3,Italiana contemporánea,Romántico;Comer solo,1
Orma Roma,Via Boncompagni 31; Roma; 00187; Italia,Roma,Italia,3,Fusión; Creativa,Romántico,1
Moma,Via di San Basilio 42; Roma; 00187; Italia,Roma,Italia,2,Creativa; Moderna,Comer solo,1
INEO,Piazza della Repubblica 46; Roma; 00184; Italia,Roma,Italia,3,Internacional; Creativa,Romántico,1
Achilli al Parlamento,Via dei Prefetti 15; Roma; 00186; Italia,Roma,Italia,2,Creativa; Actual,Comer solo,1
Aroma,Via Labicana 125; Roma; 00184; Italia,Roma,Italia,3,Moderna; Creativa,Terraza agradable;Romántico,1
La Terrazza,Via Ludovisi 49; Roma; 00187; Italia,Roma,Italia,3,Moderna; Innovadora,Un clásico;Merece la espera,1
Idylio by Apreda,Piazza dei Caprettari; 56/60; Roma; 00186; Italia,Roma,Italia,3,Italiana contemporánea; Moderna,Romántico,1
33 The Homend,33 The Homend; Ledbury; HR8 1BP; Reino Unido,Ledbury,Reino Unido,2,Inglesa moderna,Romántico,1
Pulejo,Via dei Gracchi 31; Roma; 00192; Italia,Roma,Italia,3,Italiana contemporánea; Creativa,Romántico,1
Il Convivio Troiani,Vicolo dei Soldati 31; Roma; 00186; Italia,Roma,Italia,3,Actual; Clásica,Un clásico;Romántico,1
Glass Hostaria,Vicolo del Cinque 58; Roma; 00153; Italia,Roma,Italia,3,Creativa; Internacional,Romántico,1
Pipero Roma,Corso Vittorio Emanuele II 250; Roma; 00186; Italia,Roma,Italia,3,Creativa; Actual,Comer solo,1
Il Falconiere,Località San Martino a Bocena 370; San Martino; 52044; Italia,San Martino,Italia,3,Toscana; Actual,Terraza agradable;Romántico,1
Nut Tree Inn,Main Street; Murcott; OX5 2RE; Reino Unido,Murcott,Reino Unido,3,Inglesa moderna,Terraza agradable,1
I Portici,Via dell'Indipendenza 69; Bolonia; 40121; Italia,Bolonia,Italia,3,Creativa; Actual,Romántico,1
Le Gastronome,rue de Bouillon 2; Paliseul; 6850; Bélgica,Paliseul,Bélgica,2,Actual; Cocina de mercado,,1
Toya,Avenue Jean-Monnet; Faulquemont; 57380; Francia,Faulquemont,Francia,3,Creativa,Terraza agradable;Productos locales,1
Il Fagiano,Corso Zanardelli 190; Fasano del Garda; 25083; Italia,Fasano del Garda,Italia,2,Italiana contemporánea; Creativa,Romántico,1
Vicomté,Rue d'Arondeau 29; Roucourt; 7601; Bélgica,Roucourt,Bélgica,2,Francesa moderna,,1
l'Impératif d'Éole,Grand'Route 58; Quévy-le-Grand; 7040; Bélgica,Quévy-le-Grand,Bélgica,2,Francesa contemporánea,,1
Fordwich Arms,King Street; Fordwich; CT2 0DB; Reino Unido,Fordwich,Reino Unido,2,Moderna,Terraza agradable,1
The Sportsman,Faversham Road; Seasalter; CT5 4BP; Reino Unido,Seasalter,Reino Unido,2,Inglesa moderna,Un clásico,1
Arborescence,76 rue de la Gare; Croix; 59170; Francia,Croix,Francia,3,Creativa; Moderna,,1
Au Vieux Couvent,6 rue des Chanoines; Rhinau; 67860; Francia,Rhinau,Francia,3,Moderna,Productos locales,1
Harmonie,98 avenue de Flandre; Villeneuve-d'Ascq; 59491; Francia,Villeneuve-d'Ascq,Francia,2,Creativa; Moderna,Mesa del chef,1
La Speranzina Restaurant & Relais,Via Dante 16; Sirmione; 25019; Italia,Sirmione,Italia,3,Creativa; Actual,Terraza agradable;Romántico,1
Tancredi,Via XXV Aprile 75; Sirmione; 25019; Italia,Sirmione,Italia,3,Creativa; Italiana contemporánea,Terraza agradable;Romántico,1
Casa Fofō,158 Sandringham Road; Dalston; Londres; E8 2HS; Reino Unido,Londres,Reino Unido,2,Moderna,,1
Thierry Schwartz - Table Naturelle,35 rue de Sélestat; Obernai; 67210; Francia,Obernai,Francia,3,Creativa,Productos locales,1
Lumière,Clarence Parade; Cheltenham; GL50 3PA; Reino Unido,Cheltenham,Reino Unido,3,Moderna,Romántico,1
Le Champignon Sauvage,24-28 Suffolk Road; Cheltenham; GL50 2AQ; Reino Unido,Cheltenham,Reino Unido,3,Moderna,Un clásico,1
Eatrenalin,Roland-Mack-Ring 5; Rust; 77977; Alemania,Rust,Alemania,3,Moderna; Creativa,Un clásico;Tendencia,1
Artichoke,9 Market Square; Amersham; HP7 0DF; Reino Unido,Amersham,Reino Unido,3,Inglesa moderna,,1
Les Gourmands,rue de Sars 15; Blaregnies; 7040; Bélgica,Blaregnies,Bélgica,2,Clásica,Familiar,1
Behind,20 Sidworth Street; London Fields; Londres; E8 3SD; Reino Unido,Londres,Reino Unido,3,Pescados y mariscos,Mesa del chef,1
Auberge du Vert Mont,1318 rue du Mont-Noir; Boeschepe; 59299; Francia,Boeschepe,Francia,1,Creativa; Moderna,Productos locales,1
Quai des Saveurs,69 rue de la Gare; Hagondange; 57300; Francia,Hagondange,Francia,3,Moderna,,1
Restaurant Gordon Ramsay High,60th Floor; 22 Bishopsgate; City of London; Londres; EC2N 4BQ; Reino Unido,Londres,Reino Unido,3,Moderna,Mesa del chef;Tendencia,1
Brat,4 Redchurch Street; Shoreditch; Londres; E1 6JL; Reino Unido,Londres,Reino Unido,2,Inglesa tradicional,Un clásico,1
Luca,88 St John Street; Clerkenwell; Londres; EC1M 4EH; Reino Unido,Londres,Reino Unido,3,Italiana,Romántico,1
Restaurant St. Barts,63 Bartholomew Close; City of London; Londres; EC1A 7BF; Reino Unido,Londres,Reino Unido,3,Inglesa moderna,Productos locales,1
St. JOHN,26 St. John Street; Smithfield; Londres; EC1M 4AY; Reino Unido,Londres,Reino Unido,2,Inglesa tradicional,Un clásico;Cocina local,1
Legado,1C Montacute Yards; 185-186 Shoreditch High Street; Londres; E1 6HU; Reino Unido,Londres,Reino Unido,2,Española,,1
Ginko,70 rue de l'Hôpital-Militaire; Lille; 59000; Francia,Lille,Francia,2,Moderna,,1
Pureté,79 rue de la Monnaie; Lille; 59000; Francia,Lille,Francia,2,Moderna; Creativa,,1
Plates London,320 Old Street; Shoreditch; Londres; EC1V 9DR; Reino Unido,Londres,Reino Unido,3,Vegana; Vegetariana,,1
Angler,3 South Place; Finsbury; Londres; EC2M 2AF; Reino Unido,Londres,Reino Unido,3,Pescados y mariscos,,1
Cycene,Blue Mountain School; 9 Chance Street; Shoreditch; Londres; E2 7JB; Reino Unido,Londres,Reino Unido,3,Moderna,Mesa del chef,1
Galvin La Chapelle,35 Spital Square; Shoreditch; Londres; E1 6DY; Reino Unido,Londres,Reino Unido,2,Francesa,Romántico,1
Caractère,209 Westbourne Park Road; Notting Hill; Londres; W11 1EA; Reino Unido,Londres,Reino Unido,3,Europea contemporánea; Europea,,1
Le Restaurant du Cerisier,14 avenue du Peuple-Belge; Lille; 59000; Francia,Lille,Francia,3,Creativa,Mesa del chef,1
Hatter,433-435 Guxi Road; Gulou; Fuzhou; China Continental,Fuzhou,China Continental,3,Europea contemporánea,Romántico,1
Qing You Yu,2F; 535 Huaifu Road; Fengze; Quanzhou; China Continental,Quanzhou,China Continental,2,Pescados y mariscos,Familiar;Grupos,1
Jiangnan Wok ‧ Rong,2F; Shangri-La Hotel; 9 Xinquan South Road; Gulou; Fuzhou; China Continental,Fuzhou,China Continental,2,Huaiyanesa,Familiar;Grupos,1
Fleurs Et Festin,16 Liaohua Road; Siming; Xiamen; China Continental,Xiamen,China Continental,1,Chao Zhou,Familiar,1
Wenru No.9,56 Wenru Lane; Tonghu Road; Gulou; Fuzhou; China Continental,Fuzhou,China Continental,1,Cocina de Fujian,Grupos,1
Hokklo,6F; Waldorf Astoria Hotel; 1 Lianhua North Road; Siming; Xiamen; China Continental,Xiamen,China Continental,2,Cocina de Fujian,Familiar,1
Yanyu (Jiahe Road),2F; Building A; Xinjing Center; 21 Jiahe Road; Siming; Xiamen; China Continental,Xiamen,China Continental,2,Cocina de Fujian,Familiar;Cocina local,1
Akoko,21 Berners Street; Fitzrovia; Londres; W1T3LP; Reino Unido,Londres,Reino Unido,3,Africana; Creativa,,1
Sollip,Unit 1; 8 Melior Street; Southwark; Londres; SE1 3QP; Reino Unido,Londres,Reino Unido,3,Creativa,,1
AngloThai,22 Seymour Place; Marylebone; Londres; W1H 7NL; Reino Unido,Londres,Reino Unido,3,Thai,,1
Mountain,16-18 Beak Street; Soho; Londres; W1F 9RD; Reino Unido,Londres,Reino Unido,2,Española,Grupos,1
Luisl Stube,Via Venosta 4; Lagundo; 39022; Italia,Lagundo,Italia,3,Creativa; Actual,Romántico,1
Dalla Gioconda,via dell'Orizzonte 2; Gabicce Monte; 61011; Italia,Gabicce Monte,Italia,2,Regional; Creativa,Comer solo;Productos locales,1
Il Desco,Via Dietro San Sebastiano 7; Verona; 37121; Italia,Verona,Italia,3,Italiana contemporánea; Moderna,Un clásico;Romántico,1
Maeba Restaurant,Contrada Serra 29; Ariano Irpino; 83031; Italia,Ariano Irpino,Italia,2,Italiana contemporánea,Terraza agradable;Grupos,1
Casa Mazzucchelli,via Porrettana 291; Sasso Marconi; 40037; Italia,Sasso Marconi,Italia,2,Creativa; Moderna,Familiar,1
The Ninth,22 Charlotte Street; Fitzrovia; Londres; W1T 2NB; Reino Unido,Londres,Reino Unido,2,Cocina mediterránea,Romántico,1
Jamavar,8 Mount Street; Mayfair; Londres; W1K 3NF; Reino Unido,Londres,Reino Unido,3,Hindú,,1
KOL,9 Seymour Street; Marylebone; Londres; W1H 7BA; Reino Unido,Londres,Reino Unido,3,Mexicana; Moderna,Mesa del chef,1
Spinechile,Contra' Pacche 2; località Tretto; Schio; 36015; Italia,Schio,Italia,3,Creativa; Moderna,Romántico,1
Sushi Kanesaka,45 Park Lane; Mayfair; Londres; W1K 1PN; Reino Unido,Londres,Reino Unido,3,Japonesa; Sushi,Mesa del chef,1
OMA,3 Bedale Street; Borough Market; Londres; SE1 9AL; Reino Unido,Londres,Reino Unido,2,Griega,Comer solo,1
64 Goodge Street,64 Goodge Street; Fitzrovia; Londres; W1T 4NF; Reino Unido,Londres,Reino Unido,2,Francesa,Romántico,1
Chishuru,3 Great Titchfield Street; Fitzrovia; Londres; W1W 8AX; Reino Unido,Londres,Reino Unido,3,Africana,Un clásico,1
Evelyn's Table,The Blue Posts; 28 Rupert Street; Soho; Londres; W1D 6DJ; Reino Unido,Londres,Reino Unido,3,Moderna; Fusión,Mesa del chef,1
Frog by Adam Handling,34-35 Southampton Street; Covent Garden; Londres; WC2E 7HG; Reino Unido,Londres,Reino Unido,3,Moderna; Creativa,Productos locales,1
Osteria Altran,Località Cortona 19; Ruda; 33050; Italia,Ruda,Italia,2,Italiana contemporánea; Moderna,,1
Lazzaro 1915,Via Roma 351; Pontelongo; 35029; Italia,Pontelongo,Italia,2,Italiana contemporánea; Creativa,Romántico,1
Crocifisso,via Principe Umberto 46; Noto; 96017; Italia,Noto,Italia,2,Actual,Romántico,1
1890 by Gordon Ramsay,Strand; Londres; WC2R 0EU; Reino Unido,Londres,Reino Unido,3,Francesa contemporánea,Romántico,1
Sissi,Via Galilei 44; Merano; 39012; Italia,Merano,Italia,2,Moderna; Clásica,Comer solo,1
Capriccio,piazza San Bernardo 6; località Montinelle; Manerba del Garda; 25080; Italia,Manerba del Garda,Italia,2,Moderna; Pescados y mariscos,Romántico,1
Dorian,105 Talbot Road; Notting Hill; Londres; W11 2AT; Reino Unido,Londres,Reino Unido,3,Inglesa moderna,Cocina local,1
Marco Bottega Ristorante,Via Valmontone 25; Genazzano; 00030; Italia,Genazzano,Italia,2,Creativa; Actual,Productos locales,1
Aulis,16 St Anne's Court; Soho; Londres; W1F 0BF; Reino Unido,Londres,Reino Unido,3,Inglesa creativa,Mesa del chef,1
Portland,113 Great Portland Street; Fitzrovia; Londres; W1W 6QQ; Reino Unido,Londres,Reino Unido,2,Moderna,Grupos,1
Oasis - Sapori Antichi,Via Provinciale 8/10; Vallesaccarda; 83050; Italia,Vallesaccarda,Italia,2,Cocina de Campania; Actual,Un clásico;Cocina local,1
Local,Salizzada dei Greci; sestiere Castello 3303; Venecia; 30122; Italia,Venecia,Italia,3,Actual; Creativa,Romántico;Tendencia,1
Michael Caines at The Stafford,16-18 St James's Place; St James's; Londres; SW1A 1NJ; Reino Unido,Londres,Reino Unido,3,Moderna,Romántico,1
San Martino,Piazza Cappelletto 1; Località Rio San Martino; Scorzè; 30037; Italia,Scorzè,Italia,2,Moderna,Romántico;Familiar,1
Per Me Giulio Terrinoni,Vicolo del Malpasso 9; Roma; 00186; Italia,Roma,Italia,3,Pescados y mariscos; Clásica,Mesa del chef,1
Angelo Sabatelli,Via Santa Chiara 1; Putignano; 70017; Italia,Putignano,Italia,2,Moderna; Creativa,Romántico,1
Johannesstube,Via San Valentino 3; Nova Levante; 39056; Italia,Nova Levante,Italia,3,Alpina; Moderna,Un clásico;Romántico,1
Malga Panna,Strada de Sort 64; località Sorte; Moena; 38035; Italia,Moena,Italia,2,Cocina de temporada; Creativa,Romántico,1
Veeraswamy,Victory House; 99 Regent Street; Mayfair; Londres; W1B 4RS; Reino Unido,Londres,Reino Unido,2,Hindú,Un clásico,1
Labombe by Trivet,COMO Metropolitan London; 19 Old Park Lane; Mayfair; Londres; W1K 1LB; Reino Unido,Londres,Reino Unido,2,Moderna,Comer solo,1
Enfin,2 chemin du Château-d'Andlau; Barr; 67140; Francia,Barr,Francia,3,Moderna,Productos locales,1
Locanda San Lorenzo,Via IV Novembre 79; Puos d'Alpago; 32016; Italia,Puos d'Alpago,Italia,2,Moderna; Cocina de temporada,,1
Osmosi,Via Umbria 65; Montepulciano; 53045; Italia,Montepulciano,Italia,2,Actual; Creativa,Terraza agradable;Romántico,1
Ambassadors Clubhouse,25 Heddon Street; Mayfair; Londres; W1B 4BH; Reino Unido,Londres,Reino Unido,3,Hindú,Terraza agradable,1
Umu,14-16 Bruton Place; Mayfair; Londres; W1J 6LX; Reino Unido,Londres,Reino Unido,3,Japonesa,Comer solo,1
Laite,Borgata Hoffe 10; Sappada; 33012; Italia,Sappada,Italia,3,Regional; Tradicional,Un clásico;Romántico,1
Suinsom,Strada Puez 12; Selva di Val Gardena; 39048; Italia,Selva di Val Gardena,Italia,3,Italiana contemporánea; Moderna,Romántico,1
Marco Martini Restaurant,Viale Aventino 121; Roma; 00153; Italia,Roma,Italia,3,Creativa; Actual,Terraza agradable,1
HIDE,85 Piccadilly; Mayfair; Londres; W1J 7NB; Reino Unido,Londres,Reino Unido,3,Inglesa moderna,,1
Dolada,via Dolada 21; Plois; 32016; Italia,Plois,Italia,2,Regional; Moderna,Un clásico,1
Lita,7-9 Paddington Street; Marylebone; Londres; W1U 5QH; Reino Unido,Londres,Reino Unido,3,Cocina mediterránea,Mesa del chef,1
Pied à Terre,34 Charlotte Street; Fitzrovia; Londres; W1T 2NH; Reino Unido,Londres,Reino Unido,3,Creativa,Un clásico,1
Trishna,15-17 Blandford Street; Marylebone; Londres; W1U 3DG; Reino Unido,Londres,Reino Unido,2,Hindú,,1
Mauro Colagreco at Raffles London at The OWO,Whitehall; Londres; SW1A 2BX; Reino Unido,Londres,Reino Unido,3,Moderna,Mesa del chef,1
Benares,12a Berkeley Square; Mayfair; Londres; W1J 6BS; Reino Unido,Londres,Reino Unido,3,Hindú,Mesa del chef;Grupos,1
Murano,20 Queen Street; Mayfair; Londres; W1J 5PP; Reino Unido,Londres,Reino Unido,3,Italiana,Romántico,1
Quellenhof Gourmetstube 1897,Via Passiria 47; San Martino in Passiria; 39010; Italia,San Martino in Passiria,Italia,3,Creativa; Moderna,Romántico,1
Abocar Due Cucine,Via Carlo Farini 13; Rímini; 47921; Italia,Rímini,Italia,2,Creativa; Internacional,Romántico,1
Nostrano,Piazzale della Libertà 7; Pésaro; 61121; Italia,Pésaro,Italia,2,Creativa; Moderna,Terraza agradable;Tendencia,1
Gellivs,Calle Pretoria 6; Oderzo; 31046; Italia,Oderzo,Italia,3,Moderna; Creativa,Grupos,1
Sabor,35-37 Heddon Street; Mayfair; Londres; W1B 4BR; Reino Unido,Londres,Reino Unido,2,Española,Comer solo,1
Wild Honey St James,8 Pall Mall; St James’s; Londres; SW1Y 5NG; Reino Unido,Londres,Reino Unido,3,Inglesa moderna,,1
La Rucola 2.0,Vicolo Strentelle 3; Sirmione; 25019; Italia,Sirmione,Italia,3,Creativa; Actual,Romántico,1
Ormer Mayfair,Flemings Hotel; 7-12 Half Moon Street; Mayfair; Londres; W1J 7BH; Reino Unido,Londres,Reino Unido,3,Inglesa moderna,,1
La Primula,Via San Rocco 47; San Quirino; 33080; Italia,San Quirino,Italia,2,Italiana contemporánea; Moderna,,1
All'Oro,Via Giuseppe Pisanelli 25; Roma; 00196; Italia,Roma,Italia,3,Creativa; Italiana contemporánea,Romántico,1
Gourmetstube Einhorn,Campo di Trens; Mules; 39040; Italia,Mules,Italia,3,Creativa; Internacional,Romántico,1
Pétrus by Gordon Ramsay,1 Kinnerton Street; Belgravia; Londres; SW1X 8EA; Reino Unido,Londres,Reino Unido,3,Francesa; Francesa contemporánea,Mesa del chef,1
Amaya,Halkin Arcade; 19 Motcomb Street; Belgravia; Londres; SW1X 8JT; Reino Unido,Londres,Reino Unido,3,Hindú,Grupos,1
Cornus,27c Eccleston Place; Belgravia; Londres; SW1W 9NF; Reino Unido,Londres,Reino Unido,3,Inglesa moderna; Pescados y mariscos,Grupos,1
Gambero Rosso,Via Montezemolo 65; Marina di Gioiosa Ionica; 89046; Italia,Marina di Gioiosa Ionica,Italia,2,Pescados y mariscos; Cocina mediterránea,Un clásico,1
Shalai,Via Guglielmo Marconi 25; Linguaglossa; 95015; Italia,Linguaglossa,Italia,2,Siciliana; Moderna,Terraza agradable;Romántico,1
Elystan Street,43 Elystan Street; Chelsea; Londres; SW3 3NT; Reino Unido,Londres,Reino Unido,2,Inglesa moderna; Cocina mediterránea,,1
Corenucopia by Clare Smyth,18-22 Holbein Place; Belgravia; Londres; SW1W 8NL; Reino Unido,Londres,Reino Unido,3,Inglesa tradicional,Romántico,1
Kitchen W8,11-13 Abingdon Road; Kensington; Londres; W8 6AH; Reino Unido,Londres,Reino Unido,2,Moderna,,1
L'Argine a Vencò,Località Vencò 15; Dolegna del Collio; 34070; Italia,Dolegna del Collio,Italia,3,Regional; Creativa,Terraza agradable;Familiar,1
Il Cappero,Via Vulcanello; Isola Vulcano; 98055; Italia,Isola Vulcano,Italia,3,Cocina mediterránea; Moderna,Romántico,1
Trattoria al Cacciatore - La Subida,Via Subida 52; Cormons; 34071; Italia,Cormons,Italia,2,Regional; Tradicional,Grupos;Cocina local,1
Haut Bonheur de la Table,18 Grand'Place; Cassel; 59670; Francia,Cassel,Francia,1,Moderna,,1
Ristorante del Lago,Via Acquapartita 147; Bagno di Romagna; 47021; Italia,Bagno di Romagna,Italia,2,Cocina de Romaña; Moderna,Comer solo,1
Damini Macelleria & Affini,via Cadorna 31; Arzignano; 36071; Italia,Arzignano,Italia,2,Carnes a la parrilla; Moderna,Un clásico,1
La Tana Gourmet,Via Kaberlaba 19; Asiago; 36012; Italia,Asiago,Italia,3,Creativa; Actual,Merece la espera,1
Aqua Crua,Piazza Calcalusso 11/a; Barbarano Vicentino; 36048; Italia,Barbarano Vicentino,Italia,3,Creativa; Actual,Romántico;Productos locales,1
Muse by Tom Aikens,38 Groom Place; Belgravia; Londres; SW1X 7BA; Reino Unido,Londres,Reino Unido,3,Creativa; Actual,Mesa del chef,1
Casin del Gamba,via Roccolo Pizzati 1; Altissimo; 36070; Italia,Altissimo,Italia,3,Regional; Moderna,Un clásico,1
Tom Brown at The Capital,22-24 Basil Street; Knightsbridge; Londres; SW3 1AT; Reino Unido,Londres,Reino Unido,2,Pescados y mariscos; Inglesa moderna,,1
Colline Ciociare,Via Prenestina 27; Acuto; 03010; Italia,Acuto,Italia,2,Creativa; Actual,Merece la espera,1
El Molin,via Muratori 2; Cavalese; 38033; Italia,Cavalese,Italia,3,Alpina; Creativa,Productos locales;Romántico,1
Pavyllon London,Four Seasons Hotel; Hamilton Place; Mayfair; Londres; W1J 7DR; Reino Unido,Londres,Reino Unido,3,Francesa contemporánea,Comer solo,1
Dining Room at The Goring,15 Beeston Place; Belgravia; Londres; SW1W 0JW; Reino Unido,Londres,Reino Unido,3,Inglesa tradicional,,1
La Caravella dal 1959,Via Matteo Camera 12; Amalfi; 84011; Italia,Amalfi,Italia,3,Cocina de Campania; Cocina mediterránea,Un clásico;Favorito del inspector,1
Quilon,Taj 51 Hotel; 41 Buckingham Gate; Westminster; Londres; SW1E 6AF; Reino Unido,Londres,Reino Unido,3,Hindú,,1
The Harwood Arms,Walham Grove; Fulham; Londres; SW6 1QP; Reino Unido,Londres,Reino Unido,2,Inglesa moderna,Un clásico,1
Kerfield Arms,16 Grove Lane; Camberwell; Southwark; Londres; SE5 8SY; Reino Unido,Londres,Reino Unido,1,Inglesa moderna,,1
Merkles Restaurant,Hauptstraße 2; Endingen am Kaiserstuhl; 79346; Alemania,Endingen am Kaiserstuhl,Alemania,3,Moderna; Internacional,,1
Il Gallo Cedrone,Via Cima Tosa 80; Madonna di Campiglio; 38086; Italia,Madonna di Campiglio,Italia,3,Creativa; Actual,,1
Il Tino,Via Monte Cadria 127; Fiumicino; 00054; Italia,Fiumicino,Italia,2,Creativa; Cocina mediterránea,,1
Antonello Colonna Labico,Via di Valle Fredda 52; Labico; 00030; Italia,Labico,Italia,3,Italiana contemporánea,Romántico,1
Primo Restaurant,Via 47° Reggimento Fanteria 7; Lecce; 73100; Italia,Lecce,Italia,3,Cocina mediterránea; Actual,Merece la espera,1
La Tortuga,Via XXIV Maggio 5; Gargnano; 25084; Italia,Gargnano,Italia,3,Italiana contemporánea; Clásica,Romántico,1
River Café,Thames Wharf; Rainville Road; Hammersmith; Londres; W6 9HA; Reino Unido,Londres,Reino Unido,2,Italiana,Un clásico;Terraza agradable,1
La Trompette,3-7 Devonshire Road; Chiswick; Londres; W4 2EU; Reino Unido,Londres,Reino Unido,3,Inglesa moderna,Romántico,1
Il Papavero,Corso Garibaldi 112/113; Éboli; 84025; Italia,Éboli,Italia,1,Moderna; Cocina de Campania,Un clásico;Favorito del inspector,1
Storie d'Amore,Via Desman 418; Borgoricco; 35010; Italia,Borgoricco,Italia,3,Moderna,Romántico,1
Tivoli,Località Lacedel 34; Cortina d'Ampezzo; 32043; Italia,Cortina d'Ampezzo,Italia,3,Moderna; Italiana,,1
Zur Rose,Via Josef Innerhofer 2; San Michele; 39057; Italia,San Michele,Italia,2,Regional; Clásica,Comer solo,1
Chez Michèle,57 rue Principale; Languimberg; 57810; Francia,Languimberg,Francia,3,Moderna,Terraza agradable,1
Trinity,4 The Polygon; Clapham; Londres; SW4 0JG; Reino Unido,Londres,Reino Unido,3,Moderna,Un clásico,1
La Bandiera,Contrada Pastini 4; Civitella Casanova; 65010; Italia,Civitella Casanova,Italia,2,Cocina de los Abruzos; Actual,Terraza agradable;Romántico,1
La Buca,Corso Garibaldi 45; Cesenatico; 47042; Italia,Cesenatico,Italia,2,Pescados y mariscos; Actual,Terraza agradable,1
The Coach,3 West Street; Marlow; SL7 2LS; Reino Unido,Marlow,Reino Unido,2,Inglesa moderna,Comer solo,1
Da Gorini,via Verdi 5; San Piero in Bagno; 47021; Italia,San Piero in Bagno,Italia,2,Moderna; Cocina de Romaña,Favorito del inspector,1
La Zanzara,Via per Volano 52; località Porticino; Codigoro; 44021; Italia,Codigoro,Italia,2,Pescados y mariscos; Clásica,Romántico;Cocina local,1
Il Refettorio,Via Roma 2; Conca dei Marini; 84010; Italia,Conca dei Marini,Italia,3,Cocina mediterránea,Romántico,1
Timilìa,20 rue Vigne-Saint-Avold; Metz; 57000; Francia,Metz,Francia,2,Italiana; Creativa,Romántico,1
Caracol,via Faro 44; località Capo Miseno; Bacoli; 80070; Italia,Bacoli,Italia,3,Cocina mediterránea; Creativa,Terraza agradable;Romántico,1
Le Camélia,17 rue de l'Église; Bry; 59144; Francia,Bry,Francia,1,Moderna,,1
Ada,Via del Bovaro 2; Perusa; 06121; Italia,Perusa,Italia,2,Creativa; Moderna,Romántico,1
Eichhalde,Stadtstraße 91; Friburgo de Brisgovia; 79104; Alemania,Friburgo de Brisgovia,Alemania,3,Italiana; Moderna,,1
Vecchia Malcesine,Via Pisort 6; Malcesine; 37018; Italia,Malcesine,Italia,3,Regional; Creativa,,1
La Favellina,Via Cosari 4/6; località San Tomio; Malo; 36034; Italia,Malo,Italia,3,Italiana contemporánea; Creativa,Romántico,1
Pascucci al Porticciolo,Viale Traiano 85; angolo via Fiumara 2; Fiumicino; 00054; Italia,Fiumicino,Italia,2,Pescados y mariscos; Cocina mediterránea,Un clásico;Romántico,1
Esplanade,via Lario 3; Desenzano del Garda; 25015; Italia,Desenzano del Garda,Italia,3,Italiana; Pescados y mariscos,Terraza agradable,1
Schöneck,Via Schloss Schöneck 11; Molini; 39030; Italia,Molini,Italia,2,Regional; Clásica,Un clásico;Terraza agradable,1
Jacobi,Herrenstraße 43; Friburgo de Brisgovia; 79098; Alemania,Friburgo de Brisgovia,Alemania,3,Innovadora,,1
Yozora,Centre Pompidou-Metz; 1 parvis des Droits-de-l'Homme; Metz; 57000; Francia,Metz,Francia,3,Creativa,Romántico;Productos locales,1
Zur Wolfshöhle,Konviktstraße 8; Friburgo de Brisgovia; 79098; Alemania,Friburgo de Brisgovia,Alemania,3,Clásica,,1
Kuppelrain,Via Stazione 16; località Maragno; Castelbello; 39020; Italia,Castelbello,Italia,2,Cocina de mercado; Moderna,Romántico,1
I Pupi,Vicolo Cavallotti 11; Bagheria; 90011; Italia,Bagheria,Italia,3,Siciliana; Actual,,1
Hawara,Dreikönigstraße 8; Friburgo de Brisgovia; 79102; Alemania,Friburgo de Brisgovia,Alemania,3,Moderna; Regional,,1
Colombi Restaurant Zirbelstube,Rotteckring 16; Friburgo de Brisgovia; 79098; Alemania,Friburgo de Brisgovia,Alemania,3,Francesa clásica; Cocina mediterránea,,1
Sensi,Via Pietro Comite 4; Amalfi; 84011; Italia,Amalfi,Italia,3,Cocina mediterránea; Creativa,,1
Al Gatto Verde,Stradello Bonaghino 56; Módena; 41126; Italia,Módena,Italia,3,Actual; Creativa,Un clásico;Romántico,1
Marotta,Via Marrochelle 52; Squille; 81010; Italia,Squille,Italia,2,Moderna; Cocina de temporada,Romántico;Productos locales,1
La Parolina,Via Giacomo Leopardi 1; Trevinano; 01021; Italia,Trevinano,Italia,3,Regional; Moderna,Comer solo;Familiar,1
Une,Via Fiorenzuola 37; Capodacqua; 06034; Italia,Capodacqua,Italia,3,Creativa; Cocina de Umbría,Productos locales;Cocina local,1
Chez Bruce,2 Bellevue Road; Wandsworth; Londres; SW17 7EG; Reino Unido,Londres,Reino Unido,3,Francesa,Un clásico,1
Il Ristorante Alain Ducasse Napoli,Via Cristoforo Colombo 45; Nápoles; 80133; Italia,Nápoles,Italia,3,Creativa; Cocina mediterránea,,1
Trattoria da Amerigo,Via Marconi 16; Savigno; 40060; Italia,Savigno,Italia,1,Cocina de Emilia; Regional,Un clásico;Cocina local,1
Acqua Pazza,Via Dietro la Chiesa 3/4; Ponza; 04027; Italia,Ponza,Italia,2,Pescados y mariscos; Clásica,,1
Dysart Petersham,135 Petersham Road; Richmond; Londres; TW10 7AA; Reino Unido,Londres,Reino Unido,2,Moderna,Romántico,1
Osteria Acquarol,Via Johann Georg Plazer 10; San Michele; 39057; Italia,San Michele,Italia,2,Moderna; Alpina,Romántico,1
Peter Brunel Ristorante Gourmet,Via Linfano 47; Arco; 38062; Italia,Arco,Italia,3,Moderna; Creativa,Mesa del chef,1
L'Erba del Re,Via Castelmaraldo 45; Módena; 41121; Italia,Módena,Italia,3,Creativa; Moderna,,1
Miramonti l'Altro,Via Crosette 34; località Costorio; Concesio; 25062; Italia,Concesio,Italia,3,Italiana contemporánea; Francesa,Un clásico,1
SanBrite,Località Alverà 200/E; Cortina d'Ampezzo; 32043; Italia,Cortina d'Ampezzo,Italia,3,Alpina; Moderna,Romántico;Productos locales,1
Casa Bertini,via le Grazie 7b; Recanati; 62019; Italia,Recanati,Italia,2,Moderna; Regional,Romántico,1
Walnut Tree,Llanddewi Skirrid; NP7 8AW; Reino Unido,Llanddewi Skirrid,Reino Unido,2,Inglesa moderna,Un clásico,1
Grual,Via Alpe di Grual 16; Pinzolo; 38086; Italia,Pinzolo,Italia,3,Actual; Italiana contemporánea,Romántico,1
ARIA,Via Loggia dei Pisani 2; Nápoles; 80133; Italia,Nápoles,Italia,3,Actual; Moderna,,1
Vineria Modì,Via Calapitrulli 13; Taormina; 98039; Italia,Taormina,Italia,2,Italiana contemporánea; Siciliana,,1
Schwarzer Adler,Badbergstraße 23; Vogtsburg im Kaiserstuhl; 79235; Alemania,Vogtsburg im Kaiserstuhl,Alemania,3,Francesa clásica,,1
Eden Kitchen & Bar,Utoquai 45; Zúrich; 8008; Suiza,Zúrich,Suiza,3,Italiana; Internacional,Comer solo,1
Apostelstube,Via Rio Bianco 4; Bresanona; 39042; Italia,Bresanona,Italia,3,Creativa; Internacional,Un clásico;Romántico,1
In Viaggio - Claudio Melis,Via Belvedere 17; Merano; 39012; Italia,Merano,Italia,3,Creativa; Actual,Romántico,1
Dissapore di Andrea Catalano,via Pietro Micca 15; Carovigno; 72012; Italia,Carovigno,Italia,2,Moderna; Cocina de Apulia,Romántico;Cocina local,1
House,Cliff House Hotel; Middle Road; Ardmore; P36 AD89; Irlanda,Ardmore,Irlanda,3,Moderna,,1
Mater1apr1ma,Via Sardegna 8; Pontinia; 04014; Italia,Pontinia,Italia,2,Italiana contemporánea; Creativa,,1
Quintessenza,Via Lionelli 62; Trani; 76125; Italia,Trani,Italia,2,Moderna; Actual,,1
Da Lucio,viale Ortigara 80; Rímini; 47921; Italia,Rímini,Italia,2,Pescados y mariscos; Actual,Terraza agradable;Tendencia,1
Abbruzzino Oltre,Piazza Salvo d'Acquisto 16; Lamezia Terme; 88046; Italia,Lamezia Terme,Italia,3,Actual; Cocina mediterránea,Comer solo;Romántico,1
Hinds Head,High Street; Bray; SL6 2AB; Reino Unido,Bray,Reino Unido,2,Inglesa tradicional,Grupos,1
Retroscena,Largo del Teatro 3; Porto San Giorgio; 63822; Italia,Porto San Giorgio,Italia,3,Creativa; Actual,Romántico,1
Casa Sgarra,lungomare C. Colombo 114; Trani; 76125; Italia,Trani,Italia,2,Moderna; Creativa,Romántico,1
Casa Leali,via Valle 1; Puegnago sul Garda; 25080; Italia,Puegnago sul Garda,Italia,2,Italiana contemporánea; Moderna,Terraza agradable;Romántico,1
Contrada Bricconi,via Bricconi 3; Oltressenda Alta; 24020; Italia,Oltressenda Alta,Italia,3,Regional; Moderna,Merece la espera;Productos locales,1
Auberge Chez Guth,5A rue du Bas-des-Monts; Steige; 67220; Francia,Steige,Francia,2,Creativa,Romántico;Productos locales,1
Cetaria,piazza della Repubblica 9; Baronissi; 84081; Italia,Baronissi,Italia,2,Actual; Cocina de Campania,Comer solo,1
Zia,Via Goffredo Mameli 45; Roma; 00153; Italia,Roma,Italia,2,Innovadora; Italiana contemporánea,Comer solo,1
Gravitas,1401 Okie St. NE; Washington; DC; 20002; Estados Unidos,Washington,Estados Unidos,3,Actual; Americana,Mesa del chef;Romántico,1
311 Omakase,605 Tremont St.; Boston; MA; 02118; Estados Unidos,Boston,Estados Unidos,3,Japonesa; Sushi,,1
Tsukimi,288 E. 10th St.; Nueva York; NY; 10003; Estados Unidos,Nueva York,Estados Unidos,3,Japonesa; Cocina de temporada,,1
Yoshino,342 Bowery; Nueva York; NY; 10012; Estados Unidos,Nueva York,Estados Unidos,3,Japonesa; Sushi,,1
Rezdôra,27 E. 20th St.; Nueva York; NY; 10003; Estados Unidos,Nueva York,Estados Unidos,3,Italiana; Regional,,1
Molina,51F; THE FACE Style; 1020 Jalan Sultan Ismail; Kampung Baru; Kuala Lumpur; 50250; Malasia,Kuala Lumpur,Malasia,3,Innovadora,Romántico,1
DC. by Darren Chin,44 Persiaran Zaaba; Taman Tun Dr Ismail; Kuala Lumpur; 60000; Malasia,Kuala Lumpur,Malasia,3,Francesa contemporánea,,1
Auntie Gaik Lean's Old School Eatery,1 Lebuh Bishop; George Town; 10200; Malasia,George Town,Malasia,1,Peranakan,Familiar;Cocina local,1
Chim by Chef Noom,L2-03; TSLAW Tower; 39 Jalan Kamuning; Imbi; Kuala Lumpur; 55100; Malasia,Kuala Lumpur,Malasia,3,Tailandesa contemporánea,Romántico,1
Malagón Mercado y Taperia,33 Spring St.; Charleston; SC; 29403; Estados Unidos,Charleston,Estados Unidos,1,Española,Grupos;Cocina local,1
Terra Dining,91 Jalan Aminuddin Baki; Taman Tun Dr Ismail; Kuala Lumpur; 60000; Malasia,Kuala Lumpur,Malasia,2,Malaya; Actual,Romántico;Comer solo,1
Celera,3F; Comuna; 238 Pablo Ocampo Senior Extension; Makati - Metro Manila; 1203; Filipinas,Makati - Metro Manila,Filipinas,3,Asiática contemporánea,Romántico;Tendencia,1
Locust,2305 12th Ave. S.; Nashville; TN; 37204; Estados Unidos,Nashville,Estados Unidos,3,Actual,,1
Hapag,7F; The Balmori Suites; Hidalgo Drive; Rockwell Centre; Makati - Metro Manila; Filipinas,Makati - Metro Manila,Filipinas,3,Filipina,Un clásico,1
Linamnam,31 Greenvale 2; Marcelo Green Village; Parañaque - Metro Manila; Filipinas,Parañaque - Metro Manila,Filipinas,3,Filipina; Actual,Romántico;Comer solo,1
Asador Alfonso,Lot-3308; Barangay Road; Alfonso; Cavite; Filipinas,Cavite,Filipinas,3,Española contemporánea,Grupos,1
Kása Palma,6042 R. Palma; Poblacion; Makati - Metro Manila; Filipinas,Makati - Metro Manila,Filipinas,3,Filipina; Actual,Comer solo,1
Gallery by Chele,5F; Clipp Center; 11th Avenue corner 39th Street; Bonifacio Global City; Taguig - Metro Manila; Filipinas,Taguig - Metro Manila,Filipinas,3,Creativa,Mesa del chef;Romántico,1
Toyo Eatery,The Alley at Karrivin; Karrivin Plaza; 2316 Chino Roces Avenue Extension; Makati - Metro Manila; Filipinas,Makati - Metro Manila,Filipinas,3,Filipina; Actual,Productos locales;Tendencia,1
CorkScrew BBQ,26608 Keith St.; Spring; TX; 77373; Estados Unidos,Spring,Estados Unidos,1,Barbacoa,Merece la espera,1
Inatô,The Alley at Karrivin; Karrivin Plaza; 2316 Chino Roces Avenue Extension; Makati - Metro Manila; 1231; Filipinas,Makati - Metro Manila,Filipinas,2,Filipina; Actual,Mesa del chef,1
InterStellar BBQ,12233 Ranch Rd. 620 N.; Ste. 105; Austin; TX; 78750; Estados Unidos,Austin,Estados Unidos,1,Barbacoa,Merece la espera,1
Chao Shang Chao (Xicheng),Basement Level; Winland IFC; 7 Jinrong Street; Xicheng; Beijing; China Continental,Beijing,China Continental,2,Chao Zhou,Familiar;Grupos,1
Zijin Mansion,3F; Waldorf Astoria Hotel; 5-15 Jinyu Hutong; Dongcheng; Beijing; China Continental,Beijing,China Continental,2,Cantonesa,Grupos,1
Seventh Son,B1 Level; Jiaming Center; 27 Dongsanhuan North Road; Chaoyang; Beijing; China Continental,Beijing,China Continental,2,Cantonesa,Familiar,1
Xin Rong Ji (Jinrong Street),B1 Level; International Finance Centre; 11 Jinrong Street; Xicheng; Beijing; China Continental,Beijing,China Continental,2,Taizhóu,Un clásico,1
The Georg,95 Donghuamen Street; Dongcheng; Beijing; 100006; China Continental,Beijing,China Continental,3,Europea contemporánea,Comer solo,1
The House of Dynasties,4F; Rosewood Hotel; Jing Guang Centre; Hujialou; 1 Chaoyangmenwai Street; Chaoyang; Beijing; China Continental,Beijing,China Continental,2,Cantonesa,Familiar;Grupos,1
Rong Pao,2F; The Ritz-Carlton Hotel; 83A Jianguo Road; Chaoyang; Beijing; China Continental,Beijing,China Continental,2,Cocina de Sichuan,Familiar,1
Zhiguan Courtyard,12 Jinyu Hutong; Dongcheng; Beijing; China Continental,Beijing,China Continental,2,Dongbei,,1
Xin Rong Ji (Jianguomenwai Street),5F; Tower A; Yintai Centre; 2 Jianguomenwai Street; Chaoyang; Beijing; China Continental,Beijing,China Continental,2,Taizhóu,Grupos,1
Poetry‧Wine (Dongsanhuan Middle Road),61 Dongsanhuan Middle Road; Chaoyang; Beijing; 10020; China Continental,Beijing,China Continental,1,Pekinesa,Familiar,1
The Beijing Kitchen (Jianguo Road),D6007; 6F; SKP Beijing; 87 Jianguo Road; Chaoyang; Beijing; China Continental,Beijing,China Continental,1,Cantonesa,Familiar;Grupos,1
Sheng Yong Xing (Chaoyang),5 Xindong Road; Chaoyang; Beijing; China Continental,Beijing,China Continental,2,Pekinesa,Familiar,1
Lei Garden (Jinbao Tower),3F; Jinbao Tower; 89 Jinbao Street; Dongcheng; Beijing; China Continental,Beijing,China Continental,2,Cantonesa,Familiar,1
Furong,1F; The Westin; 9C Jinrong Street; Xicheng; Beijing; China Continental,Beijing,China Continental,2,Cocina de Hunan,Familiar,1
MO Jasmine,L307; 3F; CP Center; 20 Jinhe East Road; Chaoyang; Beijing; 100020; China Continental,Beijing,China Continental,2,Pekinesa,Romántico,1
Giada Garden,3F; China World Hotel; 1 Jianguomenwai Street; Chaoyang; Beijing; China Continental,Beijing,China Continental,3,Italiana,Romántico,1
Erth,North Parking; Al Hosn; Abu Dhabi,Abu Dhabi,Abu Dhabi,1,Moderna; Emirati,Cocina local,1
Gastro Esthetics DaDong,1-2F; Nanxincang Business Tower; 22A Dongsi 10th Alley; Dongcheng; Beijing; China Continental,Beijing,China Continental,2,China contemporánea,Familiar;Cocina local,1
Apollo,Talstrasse 3; Davos Platz; 7270; Suiza,Davos Platz,Suiza,3,Moderna; Cocina mediterránea,,1
Max Cekot Kitchen,Jelgavas iela 42; Riga; 1004; Letonia,Riga,Letonia,3,Creativa,Mesa del chef;Romántico,1
Bacôve,8 rue Caventou; Saint-Omer; 62500; Francia,Saint-Omer,Francia,2,Moderna,,1
La Cheneaudière - Le Feuillage,3 rue du Vieux-Moulin; Colroy-la-Roche; 67420; Francia,Colroy-la-Roche,Francia,3,Creativa,Romántico,1
Talvo,Via Gunels 15; Sankt Moritz; 7512; Suiza,Sankt Moritz,Suiza,3,Cocina mediterránea,,1
Auberge Frankenbourg,13 rue du Général-de-Gaulle; La Vancelle; 67730; Francia,La Vancelle,Francia,3,Moderna,,1
Contrada,località Monastero d'Ombrone 19; Castelnuovo Berardenga; 53019; Italia,Castelnuovo Berardenga,Italia,2,Moderna; Toscana,Terraza agradable;Romántico,1
Al Gambero,Via Roma 11; Calvisano; 25012; Italia,Calvisano,Italia,2,Cocina de Lombardía; Clásica,Un clásico,1
Sternen - Badstube,Sennhüttestrasse 1; Wangen bei Dübendorf; 8602; Suiza,Wangen bei Dübendorf,Suiza,2,Clásica; Fusión,,1
L'Asinello,Via Nuova 6; Località Villa a Sesta; Castelnuovo Berardenga; 53019; Italia,Castelnuovo Berardenga,Italia,2,Toscana; Creativa,Terraza agradable;Romántico,1
The Tudor Pass,Great Fosters; Stroude Road; Egham; TW20 9UR; Reino Unido,Egham,Reino Unido,3,Moderna,Romántico,1
Serrae Villa Fiesole,Via Fra' Giovanni da Fiesole detto l'Angelico 35; Fiesole; 50014; Italia,Fiesole,Italia,3,Italiana contemporánea; Moderna,Romántico,1
The Whitebrook,Whitebrook; NP25 4TX; Reino Unido,Whitebrook,Reino Unido,3,Inglesa creativa,Productos locales,1
Segreto,Abacus Platz 1; Wittenbach; 9301; Suiza,Wittenbach,Suiza,3,Actual; Cocina mediterránea,,1
Cavallino,via Abetone Inferiore 1; Maranello; 41053; Italia,Maranello,Italia,2,Cocina de Emilia; Actual,Un clásico;Favorito del inspector,1
Lanterna Verde,Frazione San Barnaba 7; Villa di Chiavenna; 23029; Italia,Villa di Chiavenna,Italia,2,Regional; Moderna,Familiar,1
Osteria del Viandante,Piazza XXIV Maggio 15; Rubiera; 42048; Italia,Rubiera,Italia,2,Cocina de Emilia; Moderna,Terraza agradable;Romántico,1
Starling,3 High Street; Esher; KT10 9RL; Reino Unido,Esher,Reino Unido,2,Inglesa moderna,,1
Villa Sommerlust,Rheinhaldenstrasse 8; Schaffhausen; 8200; Suiza,Schaffhausen,Suiza,2,Innovadora; Creativa,Terraza agradable,1
Schlüssel - Nidbergstube,Oberdorfstrasse 5; Mels; 8887; Suiza,Mels,Suiza,3,Clásica; Moderna,,1
Gasthaus Zum Gupf,Gupf 21; Rehetobel; 9038; Suiza,Rehetobel,Suiza,2,Tradicional; Clásica,Cocina local,1
Il Palagio,Borgo Pinti 99; Florencia; 50121; Italia,Florencia,Italia,3,Italiana contemporánea; Moderna,,1
Sihlhalde,Sihlhaldenstrasse 70; Gattikon; 8136; Suiza,Gattikon,Suiza,2,Clásica; Cocina de temporada,,1
Poggio Rosso,Località San Felice; Castelnuovo Berardenga; 53019; Italia,Castelnuovo Berardenga,Italia,3,Creativa; Moderna,Romántico,1
Il Pievano,Località Spaltenna 13; Gaiole in Chianti; 53013; Italia,Gaiole in Chianti,Italia,3,Regional; Moderna,,1
Gucci Osteria da Massimo Bottura,Piazza della Signoria 10; Florencia; 50122; Italia,Florencia,Italia,3,Italiana contemporánea; Internacional,,1
Il Cantinone e Sport Hotel Alpina,Via A. De Giacomi 39; Madesimo; 23024; Italia,Madesimo,Italia,2,Actual; Alpina,Comer solo;Productos locales,1
Alto,Via Circondariale San Francesco 2; Fiorano Modenese; 41042; Italia,Fiorano Modenese,Italia,2,Creativa; Italiana contemporánea,Romántico;Productos locales,1
KLE,Zweierstrasse 114; Zúrich; 8003; Suiza,Zúrich,Suiza,2,Vegana; Moderna,Comer solo,1
Saporium Firenze,Lungarno Benvenuto Cellini 63r; Florencia; 50125; Italia,Florencia,Italia,3,Creativa; Actual,,1
Soleil d’Or by Benjamin Geisser,Haldenstrasse 1; Sankt Gallen; 9000; Suiza,Sankt Gallen,Suiza,3,Creativa,Romántico,1
Woven by Adam Smith,Coworth Park; Blacknest Road; Ascot; SL5 7SE; Reino Unido,Ascot,Reino Unido,3,Moderna,Romántico,1
Shin,Zinnengasse 7; Zúrich; 8001; Suiza,Zúrich,Suiza,3,Asiática contemporánea,Mesa del chef,1
Atto di Vito Mollica,Via del Corso 6; Florencia; 50122; Italia,Florencia,Italia,3,Italiana contemporánea; Moderna,Romántico,1
Torkel,Hintergass 9; Vaduz; 9490; Liechtenstein,Vaduz,Liechtenstein,2,Moderna; Cocina de mercado,Terraza agradable,1
Luca's by Paulo Airaudo,Via dei Cavalieri 2/c; Florencia; 50123; Italia,Florencia,Italia,3,Actual; Creativa,Romántico,1
Borgo San Jacopo,Borgo San Jacopo 62 r; Florencia; 50125; Italia,Florencia,Italia,3,Moderna; Clásica,,1
OZ,Obergass 2; Fürstenau; 7414; Suiza,Fürstenau,Suiza,3,Vegetariana; Creativa,Mesa del chef;Productos locales,1
Bad Balgach by Schützelhofer,Hauptstrasse 73; Balgach; 9435; Suiza,Balgach,Suiza,2,Clásica,Romántico,1
Neue Taverne,Glockengasse 8; Zúrich; 8001; Suiza,Zúrich,Suiza,2,Vegetariana; A compartir,Comer solo,1
Chesa Stüva Colani,Via Principela 20 A; Madulain; 7523; Suiza,Madulain,Suiza,3,Innovadora; Italiana,,1
Fahr,Grossacherweg 1; Künten-Sulz; 5444; Suiza,Künten-Sulz,Suiza,3,Regional; Actual,Romántico,1
La Rôtisserie,Weinplatz 2; Zúrich; 8001; Suiza,Zúrich,Suiza,3,Actual; Internacional,Terraza agradable,1
Gasthaus Löwen,Holzhäusernstrasse 2; Menzingen; 6313; Suiza,Menzingen,Suiza,2,Clásica; Moderna,,1
Truube,Rotenwies 9; Gais; 9056; Suiza,Gais,Suiza,2,Cocina mediterránea; Clásica,,1
Storchen,Felix und Nabor Straße 2; Bad Krozingen; 79189; Alemania,Bad Krozingen,Alemania,2,Clásica; Cocina de mercado,,1
Due Colombe,via Foresti 13; Borgonato; 25040; Italia,Borgonato,Italia,2,Regional; Creativa,Cocina local,1
Il Visibilio,SP 9 di Pievasciata 32; Castelnuovo Berardenga; 53019; Italia,Castelnuovo Berardenga,Italia,3,Creativa; Actual,Romántico,1
Silene,Località Pescina 9; Seggiano; 58038; Italia,Seggiano,Italia,2,Toscana; Moderna,Romántico;Productos locales,1
La Table du Gourmet,5 rue de la 1ère-Armée; Riquewihr; 68340; Francia,Riquewihr,Francia,3,Creativa; Moderna,Romántico;Productos locales,1
Restaurant Girardin,19 rue des Têtes; Colmar; 68000; Francia,Colmar,Francia,3,Creativa,Romántico,1
Latymer,London Road; Bagshot; GU19 5EU; Reino Unido,Bagshot,Reino Unido,3,Moderna,,1
Neue Blumenau,Romanshornerstrasse 2; Lömmenschwil; 9308; Suiza,Lömmenschwil,Suiza,2,Actual; Clásica,Cocina local,1
L'Atelier du Peintre,1 rue Schongauer; Colmar; 68000; Francia,Colmar,Francia,2,Moderna,,1
Paca,Via Fra' Bartolomeo 13; Prato; 59100; Italia,Prato,Italia,2,Italiana contemporánea,Romántico,1
Leon d'Oro,Via Veronica Gambara 6; Pralboino; 25020; Italia,Pralboino,Italia,3,Regional; Creativa,Romántico,1
Alchémille,53 route de Lapoutroie; Kaysersberg; 68240; Francia,Kaysersberg,Francia,3,Creativa,,1
Wirtschaft im FRANZ,Bremgartnerstrasse 18; Zúrich; 8003; Suiza,Zúrich,Suiza,2,Moderna; Cocina de temporada,Romántico,1
EquiTable,Stauffacherstrasse 163; Zúrich; 8004; Suiza,Zúrich,Suiza,3,Moderna,,1
The Dining Room,Whatley Manor Hotel and Spa; Easton Grey; Malmesbury; SN16 0RB; Reino Unido,Malmesbury,Reino Unido,3,Creativa,Productos locales,1
La Preséf,Via Lungo Adda 12; Mantello; 23016; Italia,Mantello,Italia,3,Creativa; Alpina,Romántico;Productos locales,1
Osteria di Passignano,Via Passignano 33; Passignano; 50028; Italia,Passignano,Italia,3,Moderna; Toscana,Terraza agradable;Productos locales,1
Jägerhof,Brühlbleichestrasse 11; Sankt Gallen; 9000; Suiza,Sankt Gallen,Suiza,2,Moderna; Internacional,,1
Restaurant Julien Binz,7 rue des Cigognes; Ammerschwihr; 68770; Francia,Ammerschwihr,Francia,3,Moderna,,1
Bastion,Main Street; Kinsale; P17 NX44; Irlanda,Kinsale,Irlanda,3,Moderna,,1
Birdy's by Achtien - The Nest,Axenstrasse 9; Brunnen; 6440; Suiza,Brunnen,Suiza,3,Creativa; Cocina de temporada,Romántico;Productos locales,1
LA CHAVALLERA in der Krone Säumerei am Inn,Via Cumünela 2; La Punt-Chamues-ch; 7522; Suiza,La Punt-Chamues-ch,Suiza,3,Moderna; Alpina,Romántico,1
ORSINI,Waaggasse 7; Zúrich; 8001; Suiza,Zúrich,Suiza,3,Italiana contemporánea; Moderna,Romántico,1
Löwen - Apriori,Wolfhauserstrasse 2; Bubikon; 8608; Suiza,Bubikon,Suiza,3,Cocina mediterránea; Cocina de temporada,,1
LoRo,Via Bruse 2; Trescore Balneario; 24069; Italia,Trescore Balneario,Italia,2,Creativa,Familiar,1
Wöschi,Seestrasse 457; Zúrich; 8038; Suiza,Zúrich,Suiza,3,Moderna,Romántico,1
Vivanda,Crusch Plantaun 217; Brail; 7527; Suiza,Brail,Suiza,3,Creativa; Alpina,Mesa del chef;Romántico,1
Rosmarin,Eisengasse 32; Lenzburg; 5600; Suiza,Lenzburg,Suiza,3,Moderna,,1
Genuss-Apotheke,Schönaugasse 11; Bad Säckingen; 79713; Alemania,Bad Säckingen,Alemania,3,Creativa; Moderna,Romántico,1
Pajta,Templomszer 7; Őriszentpéter; 9941; Hungría,Őriszentpéter,Hungría,3,Moderna,Terraza agradable,1
Borkonyha Winekitchen,Sas utca 3; Budapest; 1051; Hungría,Budapest,Hungría,2,Moderna,,1
essência,Sas utca 17; Budapest; 1051; Hungría,Budapest,Hungría,3,Moderna; Portuguesa,,1
42,Széchenyi tér 23; Esztergom; 2500; Hungría,Esztergom,Hungría,3,Moderna,Romántico,1
Zenith,Koninginnelaan 37; Apeldoorn; 7315 BL; Holanda,Apeldoorn,Holanda,2,Moderna,,1
Joann,Nijverheidstraat 2; Enschede; 7511 JM; Holanda,Enschede,Holanda,3,Creativa; Moderna,Romántico,1
Vista,Havenhoofd 2; Willemstad; 4797 SR; Holanda,Willemstad,Holanda,2,Francesa moderna,Terraza agradable,1
ONE,ECI 17; Roermond; 6041 MA; Holanda,Roermond,Holanda,3,Creativa,Mesa del chef;Productos locales,1
Da Vinci,Havenstraat 27; Maasbracht; 6051 CS; Holanda,Maasbracht,Holanda,3,Francesa clásica,Tendencia,1
Rijnzicht,Sterreschans 15; Doornenburg; 6686 MS; Holanda,Doornenburg,Holanda,3,Moderna,,1
De Kas,Kamerlingh Onneslaan 3; Amsterdam; 1097 DE; Holanda,Amsterdam,Holanda,2,Bio,Productos locales,1
Pieters Restaurant,Hoofdstraat 75; Bergambacht; 2861 AL; Holanda,Bergambacht,Holanda,3,Francesa moderna; Cocina de temporada,,1
Tante Koosje,Kerkstraat 1; Loenen aan de Vecht; 3632 EL; Holanda,Loenen aan de Vecht,Holanda,2,Francesa moderna,Romántico,1
Herberg Onder de Linden,Burg. van Barneveldweg 3; Aduard; 9831 RD; Holanda,Aduard,Holanda,2,Con influencias asiáticas,Terraza agradable,1
Zout & Citroen,Ridderstraat 86; Oosterhout; 4902 AC; Holanda,Oosterhout,Holanda,2,Creativa; Cocinas del mundo,,1
Nami,Deutersestraat 39B; Cromvoirt; 5266 AW; Holanda,Cromvoirt,Holanda,2,Moderna; Sushi,,1
De Gieser Wildeman,Botersloot 1; Noordeloos; 4225 PR; Holanda,Noordeloos,Holanda,2,Francesa clásica; Francesa creativa,,1
Basiliek,Vischmarkt 57 L; Harderwijk; 3841 BE; Holanda,Harderwijk,Holanda,3,Moderna; Creativa,,1
Restaurant Affect,Thorbeckegracht 41; Zwolle; 8011 VN; Holanda,Zwolle,Holanda,2,Moderna,,1
Sabero,Zevenhuizen 6; Leende; 5595 XE; Holanda,Leende,Holanda,3,Asiática y occidental; Moderna,Un clásico;Merece la espera,1
Triptyque,Plein 13G; Wateringen; 2291 CA; Holanda,Wateringen,Holanda,3,Creativa; Regional,Productos locales,1
Alma,De Lind 45a; Oisterwijk; 5061 HT; Holanda,Oisterwijk,Holanda,3,Francesa moderna,Romántico,1
Zoldering,Utrechtsestraat 141h; Amsterdam; 1017 VM; Holanda,Amsterdam,Holanda,2,Francesa moderna,Comer solo;Tendencia,1
Brass Boer Thuis,Nieuwe Markt 21; Zwolle; 8011 PG; Holanda,Zwolle,Holanda,2,Regional; Moderna,,1
De Moerbei,Dorpsstraat 5a; Warmond; 2361 AK; Holanda,Warmond,Holanda,2,Francesa moderna,Terraza agradable;Romántico,1
Bij Jef,Herenstraat 34; Den Hoorn; 1797 AJ; Holanda,Den Hoorn,Holanda,3,Regional; Moderna,Productos locales,1
O&O,Dorpsstraat 138; Sint Willebrord; 4711 EL; Holanda,Sint Willebrord,Holanda,3,Asiática; Con influencias asiáticas,Romántico,1
De Leuf,Dalstraat 2; Ubachsberg; 6367 JS; Holanda,Ubachsberg,Holanda,3,Creativa; Con influencias asiáticas,Tendencia,1
't Lansink,C.T. Storkstraat 18; Hengelo; 7553 AR; Holanda,Hengelo,Holanda,3,Moderna; Francesa moderna,Mesa del chef,1
Karel 5,Geertebolwerk 1; Utrecht; 3511 XA; Holanda,Utrecht,Holanda,3,Creativa,,1
Calla's,Laan van Roos en Doorn 51a; La Haya; 2514 BC; Holanda,La Haya,Holanda,3,Francesa creativa,Un clásico,1
Zarzo,Bleekweg 7; Eindhoven; 5611 EZ; Holanda,Eindhoven,Holanda,3,Creativa,Tendencia,1
Wils,Stadionplein 26; Amsterdam; 1076 CM; Holanda,Amsterdam,Holanda,2,Cocinas del mundo; Cocina de mercado,,1
De Vlindertuin,Stationsweg 41; Zuidlaren; 9471 GK; Holanda,Zuidlaren,Holanda,2,Francesa moderna,,1
Amarone,Meent 72a; Róterdam; 3011 JN; Holanda,Róterdam,Holanda,2,Francesa moderna,,1
Restaurant Kasteel Heemstede,Heemsteedseweg 20; Houten; 3992 LS; Holanda,Houten,Holanda,3,Moderna,Romántico,1
Apicius,Van der Mijleweg 16; Castricum; 1901 KD; Holanda,Castricum,Holanda,2,Moderna; Clásica,Romántico,1
De Heeren van Harinxma,Van Harinxmaweg 10; Beetsterzwaag; 9244 CJ; Holanda,Beetsterzwaag,Holanda,2,Francesa moderna; Moderna,,1
De Kromme Watergang,Slijkplaat 6; Hoofdplaat; 4513 KK; Holanda,Hoofdplaat,Holanda,3,Regional; Moderna,Tendencia,1
Spetters,Kaai 5; Breskens; 4511 RC; Holanda,Breskens,Holanda,3,Cocina de mercado; Moderna,Tendencia,1
Kaatje bij de Sluis,Brouwerstraat 20; Blokzijl; 8356 DV; Holanda,Blokzijl,Holanda,3,Bio; Francesa creativa,Un clásico,1
RIJKS®,Museumstraat 2; Amsterdam; 1071 XX; Holanda,Amsterdam,Holanda,3,Creativa; Francesa moderna,,1
Tout à Fait,St-Bernardusstraat 16; Maastricht; 6211 HL; Holanda,Maastricht,Holanda,3,Francesa moderna,Un clásico,1
Voltaire,Broekhuizerlaan 2; Leersum; 3956 NS; Holanda,Leersum,Holanda,3,Creativa; Actual,Terraza agradable,1
Beluga Loves You,Plein 1992 nr 12; Maastricht; 6221 JP; Holanda,Maastricht,Holanda,3,Creativa,,1
The White Room by Jacob Jan Boerma,Dam 9; Amsterdam; 1012 JS; Holanda,Amsterdam,Holanda,3,Moderna,Romántico,1
Choux,De Ruyterkade 128; Amsterdam; 1011 AC; Holanda,Amsterdam,Holanda,2,Francesa moderna; Vegetariana,Productos locales;Cocina local,1
Olde Marckt,Markt 10; Aalten; 7121 CS; Holanda,Aalten,Holanda,2,Francesa moderna,,1
Odille,Markt 14; Sint-Oedenrode; 5492 AB; Holanda,Sint-Oedenrode,Holanda,3,Moderna,,1
De Juwelier,Utrechtsestraat 51; Amsterdam; 1017 VJ; Holanda,Amsterdam,Holanda,2,Francesa moderna; Francesa contemporánea,,1
Studio,Wycker Grachtstraat 24; Maastricht; 6221 CX; Holanda,Maastricht,Holanda,3,Con influencias asiáticas; Moderna,,1
Monarh,Bredaseweg 204-08; Tilburg; 5038 NK; Holanda,Tilburg,Holanda,3,Creativa,,1
Codium,Vlasmarkt 6; Goes; 4461 CW; Holanda,Goes,Holanda,2,Creativa; Cocina de temporada,Productos locales,1
De Swarte Ruijter,Holterbergweg 7; Holten; 7451 JL; Holanda,Holten,Holanda,2,Moderna; Francesa moderna,Productos locales;Terraza agradable,1
Versaen,Marktstraat 19; Ravenstein; 5371 AC; Holanda,Ravenstein,Holanda,2,Creativa; Francesa contemporánea,Romántico,1
Ron Gastrobar,Sophialaan 55; Amsterdam; 1075 BP; Holanda,Amsterdam,Holanda,2,Francesa creativa,Grupos;Cocina local,1
't Ganzenest,Delftweg 58a; Rijswijk; 2289 AL; Holanda,Rijswijk,Holanda,3,Francesa moderna,,1
ML,Klokhuisplein 5; Haarlem; 2011 HK; Holanda,Haarlem,Holanda,2,Creativa,,1
Perceel,Dorpsstraat 3; Capelle aan den IJssel; 2902 BC; Holanda,Capelle aan den IJssel,Holanda,3,Creativa,,1
La Provence,Hoofdstraat 109; Driebergen-Rijsenburg; 3971 KG; Holanda,Driebergen-Rijsenburg,Holanda,3,Francesa creativa,,1
Restaurant Wolfslaar,Wolfslaardreef 100; Breda; 4834 SP; Holanda,Breda,Holanda,3,Francesa moderna,,1
Noor,Zuiderweg 38; Groninga; 9745 AD; Holanda,Groninga,Holanda,3,Creativa,,1
Bistro de la Mer,Utrechtsestraat 57; Amsterdam; 1017 VJ; Holanda,Amsterdam,Holanda,2,Clásica,,1
Restaurant 1857,Molenstraat 18; Roosendaal; 4701 JS; Holanda,Roosendaal,Holanda,2,Francesa creativa,Mesa del chef,1
Maeve,Kromme Nieuwegracht 18; Utrecht; 3512 HH; Holanda,Utrecht,Holanda,3,Francesa creativa; Francesa contemporánea,Romántico,1
St. Lawrence,269 Powell St.; Vancouver; V6A 1G3; Canadá,Vancouver,Canadá,3,Francesa,Un clásico,1
Sumibiyaki Arashi,363 E. Broadway; Vancouver; V5T 1W5; Canadá,Vancouver,Canadá,3,Japonesa; Yakitori,Tendencia,1
Nabeno-Ism,2-1-17 Komagata; Taito-ku; Tokyo; 111-0043; Japón,Tokyo,Japón,3,Francesa,,1
Tempura Maehira,4F; 2-8-16 Azabujuban; Minato-ku; Tokyo; 106-0045; Japón,Tokyo,Japón,2,Tempura,Comer solo;Cocina local,1
Tempura Yaguchi,2-9-7 Nihombashiningyocho; Chuo-ku; Tokyo; 103-0013; Japón,Tokyo,Japón,3,Tempura,Comer solo;Cocina local,1
Nihombashi Sonoji,2-22-11 Nihombashiningyocho; Chuo-ku; Tokyo; 103-0013; Japón,Tokyo,Japón,3,Tempura,Comer solo;Cocina local,1
Hiroo Ishizaka,2F; 5-19-1 Hiro; Shibuya-ku; Tokyo; 150-0012; Japón,Tokyo,Japón,2,Sushi,Comer solo;Cocina local,1
Seisoka,4-2-34 Minamiazabu; Minato-ku; Tokyo; 106-0047; Japón,Tokyo,Japón,3,Japonesa,,1
Shimbashi Sasada,1-23-7 Nishishimbashi; Minato-ku; Tokyo; 105-0003; Japón,Tokyo,Japón,2,Japonesa,Grupos,1
CRAFTALE,2F; 1-16-11 Aobadai; Meguro-ku; Tokyo; 153-0042; Japón,Tokyo,Japón,2,Francesa,Grupos,1
TOKi,2F; 1-8-4 Shimbashi; Minato-ku; Tokyo; 105-0004; Japón,Tokyo,Japón,2,Actual; Española contemporánea,,1
Sanosushi,2-18-9 Shiba; Minato-ku; Tokyo; 105-0014; Japón,Tokyo,Japón,2,Sushi,Comer solo;Cocina local,1
BOTTEGA,B1F; 5-17-8 Hiro; Shibuya-ku; Tokyo; 150-0012; Japón,Tokyo,Japón,2,Italiana,Comer solo,1
Nodaiwa Azabu Iikura Honten,1-5-4 Higashiazabu; Minato-ku; Tokyo; 106-0044; Japón,Tokyo,Japón,1,Unagi / Anguila,Un clásico;Cocina local,1
DaNico,440 College St.; Toronto; M5T 1T3; Canadá,Toronto,Canadá,3,Italiana; Actual,Romántico,1
aKin,51 Colborne St.; Toronto; M5E 1E3; Canadá,Toronto,Canadá,3,Asiática; Actual,Tendencia,1
Don Alfonso 1890,The Westin Harbour Castle; 1 Harbour Sq.; Toronto; M5J 1A6; Canadá,Toronto,Canadá,3,Italiana; Actual,Romántico,1
Frasca Food and Wine,1738 Pearl St.; Boulder; CO; 80302; Estados Unidos,Boulder,Estados Unidos,3,Italiana; Regional,,1
Fu Rong Huang,3F; 66-16 Guanghuacun Street; Qingyang; Chengdu; China Continental,Chengdu,China Continental,1,Cocina de Sichuan,Familiar;Cocina local,1
Ma's Kitchen (Jinjiang),1 East Kangshi Street; Jinjiang; Chengdu; China Continental,Chengdu,China Continental,1,Cocina de Sichuan,Familiar;Cocina local,1
The Hall,Canton Hall; Taikoo Li; 8 Zhongshamao Street; Jinjiang; Chengdu; China Continental,Chengdu,China Continental,3,Europea contemporánea,Un clásico;Romántico,1
Co-,No. 318; 3F; Chinese Financial Center; 33 Jiaozi Avenue; Wuhou; Chengdu; China Continental,Chengdu,China Continental,3,Innovadora,Romántico,1
Mi Xun Teahouse,Upper House; 81 Bitieshi Street; Jinjiang; Chengdu; 610021; China Continental,Chengdu,China Continental,1,Vegetariana,Terraza agradable;Comer solo,1
Fang Xiang Jing,No. 1; Courtyard 5; China Railway Ludao Art City; 16 Majia Garden Road; Jinniu; Chengdu; China Continental,Chengdu,China Continental,2,Cocina de Sichuan,Familiar;Grupos,1
Chaimen Hui,2F; China Overseas Uni Elite; 289 Jiaozi Avenue; Wuhou; Chengdu; China Continental,Chengdu,China Continental,3,Cocina de Sichuan,Grupos,1
Young Art · Yong Ya He Xian (Tongzilin East Road),No. 1; 1 Tongzilin East Road; Wuhou; Chengdu; China Continental,Chengdu,China Continental,2,Cocina de Sichuan,Grupos,1
Xu's Cuisine,No. 1; Block 8; Building & Greenwich Plaza; 1 Wangjiang Road; Wuhou; Chengdu; China Continental,Chengdu,China Continental,2,Cocina de Sichuan,Familiar;Grupos,1
Hokkien Cuisine,No. 326; 3F; North Tower; Chinese Financial Center; 33 Jiaozi Avenue; Wuhou; Chengdu; China Continental,Chengdu,China Continental,2,Cocina de Fujian,Familiar;Grupos,1
Song,Shop 417; 4F; G.T. Land Plaza Winter; 16 Zhujiang East Road; Zhujiang New Town; Tianhe; Guangzhou; China Continental,Guangzhou,China Continental,1,Cocina de Sichuan,Familiar,1
Yu Garden,6 Tianshun Road; Huangpu; Guangzhou; China Continental,Guangzhou,China Continental,1,Cocina de Fujian,Familiar,1
Wisca (Haizhu),172 Binjiang West Road; Haizhu; Guangzhou; China Continental,Guangzhou,China Continental,1,Cantonesa,Merece la espera;Familiar,1
Chōwa,Shop C04-1; South Gate; The Canton Place; 46 Haifeng Road; Zhujiang New Town; Tianhe; Guangzhou; China Continental,Guangzhou,China Continental,3,Innovadora,Comer solo,1
Yong,Xi'an Garden; 18 Xuguyuan Road; Yuexiu; Guangzhou; 510000; China Continental,Guangzhou,China Continental,3,Cocina de Sichuan,Comer solo,1
Stiller,2F; LN Garden Hotel; 368 Huanshi East Road; Yuexiu; Guangzhou; China Continental,Guangzhou,China Continental,2,Europea,,1
Lingnan House,5F; Rosewood Hotel; 6 Zhujiang East Road; Tianhe; Guangzhou; China Continental,Guangzhou,China Continental,2,Cantonesa,Romántico,1
Hongtu Hall,2F; White Swan Hotel; 1 Shamian South Street; Liwan; Guangzhou; China Continental,Guangzhou,China Continental,1,Dim Sum,Merece la espera,1
Imperial Treasure Fine Teochew Cuisine,L307; 3F; Taikoo Hui; 383 Tianhe Road; Tianhe; Guangzhou; China Continental,Guangzhou,China Continental,2,Chao Zhou,Familiar;Grupos,1
Suyab Courtyard・Pickmoon Gourmet,348 Yingbin Road; Panyu; Guangzhou; China Continental,Guangzhou,China Continental,3,Chao Zhou,Grupos,1
BingSheng Mansion (Xiancun Road),5F; Shoufu Mansion; 2 Xiancun Road; Zhujiang New Town; Tianhe; Guangzhou; China Continental,Guangzhou,China Continental,2,Cantonesa,Grupos,1
Lei Garden (Yuexiu),4F; Yi An Plaza; 33 Jianshe Sixth Road; Yuexiu; Guangzhou; China Continental,Guangzhou,China Continental,1,Cantonesa,Familiar,1
Yu Yue Heen,2F; Four Seasons Hotel; 5 Zhujiang West Road; Zhujiang New Town; Tianhe; Guangzhou; China Continental,Guangzhou,China Continental,3,Cantonesa,,1
Jade River,3F; White Swan Hotel; 1 Shamian South Street; Liwan; Guangzhou; China Continental,Guangzhou,China Continental,2,Cantonesa,Familiar,1
Lai Heen,3F; The Ritz-Carlton Hotel; 3 Xing An Road; Zhujiang New Town; Tianhe; Guangzhou; China Continental,Guangzhou,China Continental,2,Cantonesa,,1
Xin Ji,270 Changdi Damalu; Yuexiu; Guangzhou; China Continental,Guangzhou,China Continental,1,Cantonesa,Familiar;Cocina local,1
BingSheng Private Kitchen (Tianhe East Road),178 Tianhe East Road; Tianhe; Guangzhou; China Continental,Guangzhou,China Continental,2,Cantonesa,Grupos,1
Jamavar,Address Residences; Opera District; Downtown Dubai; Dubái; Dubai,Dubái,Dubai,2,Hindú,,1
CTC Urban Gastronomy,15 Plateon Street; Atenas; 10435; Grecia,Atenas,Grecia,2,Moderna,Terraza agradable;Romántico,1
Lutum,Markt 15; Wijk bij Duurstede; 3961 BC; Holanda,Wijk bij Duurstede,Holanda,2,Creativa; Bio,Productos locales,1
LÚ Cocina y Alma,Zaragoza 2; Jerez de la Frontera; 11402; España,Jerez de la Frontera,España,3,Moderna,Un clásico,2
Bardal,José Aparicio 1; Ronda; 29400; España,Ronda,España,3,Creativa,,2
Alevante by Ángel León,Amílcar Barca; Chiclana de la Frontera; 11130; España,Chiclana de la Frontera,España,3,Creativa,Romántico,2
Skina,Cánovas del Castillo 9; Marbella; 29601; España,Marbella,España,3,Moderna,,2
Vila Joya,Estrada da Galé; Albufeira; 8200-416; Portugal,Albufeira,Portugal,3,Moderna,Terraza agradable;Romántico,2
Ocean,Rua Anneliese Pohl - Alporchinhos; Porches; 8400-450; Portugal,Porches,Portugal,3,Creativa,Mesa del chef;Romántico,2
Fifty Seconds,Cais das Naus; Lisboa; 1990-173; Portugal,Lisboa,Portugal,3,Creativa,Un clásico;Romántico,2
Belcanto,Rua Serpa Pinto 10A; Lisboa; 1200-026; Portugal,Lisboa,Portugal,3,Creativa; Portuguesa,Un clásico,2
Iván Cerdeño,Cigarral del Ángel; Toledo; 45004; España,Toledo,España,3,Moderna,Un clásico;Romántico,2
Henrique Sá Pessoa,Travessa da Légua De Póvoa 11; Corpo 3; Bloco B; Loja L - Páteo Bagatela; Lisboa; 1250-138; Portugal,Lisboa,Portugal,3,Creativa,Mesa del chef;Romántico,2
Deessa,Plaza de la Lealtad 5; Madrid; 28014; España,Madrid,España,3,Creativa,Un clásico,2
Ramón Freixa Atelier,Velázquez 24; Madrid; 28001; España,Madrid,España,3,Creativa,Romántico;Comer solo,2
DSTAgE,Regueros 8; Madrid; 28004; España,Madrid,España,3,Creativa,Romántico;Familiar,2
Paco Roncero,Alcalá 15; Madrid; 28014; España,Madrid,España,3,Creativa,Terraza agradable,2
Coque,Marqués de Riscal 11; Madrid; 28010; España,Madrid,España,3,Creativa,Romántico,2
Smoked Room,Paseo de la Castellana 57; Madrid; 28046; España,Madrid,España,3,Actual,Mesa del chef,2
Cabaña Buenavista,Calle Buenavista s/n - Urbanización Buenavista; El Palmar; 30120; España,El Palmar,España,3,Creativa,,2
Maralba,Violeta Parra 5; Almansa; 02640; España,Almansa,España,3,Actual; Europea tradicional,Un clásico,2
The Yeatman Gastronomic R.,Rua do Choupelo (Santa Marinha); Vila Nova de Gaia; 4400-088; Portugal,Vila Nova de Gaia,Portugal,3,Creativa,Romántico,2
Antiqvvm,Rua de Entre Quintas 220; Oporto; 4050-240; Portugal,Oporto,Portugal,3,Creativa,Terraza agradable,2
Casa de Chá da Boa Nova,Avenida da Liberdade; 1681; Leça da Palmeira; 4450-718; Portugal,Leça da Palmeira,Portugal,3,Moderna,Un clásico;Terraza agradable,2
L'Escaleta,Pujada Estació del Nord 205; Cocentaina; 03824; España,Cocentaina,España,3,Cocina mediterránea; Actual,Mesa del chef,2
Ricard Camarena,Avenida Burjassot 54; València; 46009; España,València,España,3,Creativa,Un clásico;Productos locales,2
Flores Raras,Correos 8-1º; València; 46002; España,València,España,3,Creativa,Romántico,2
BonAmb,Carretera de Benitachell 100; Xàbia; 03730; España,Xàbia,España,3,Creativa,,2
El Portal de Echaurren,Padre José García 19; Ezcaray; 26280; España,Ezcaray,España,3,Creativa; Moderna,Romántico,2
Pepe Vieira,Camiño da Serpe; Raxó; 36992; España,Raxó,España,3,Creativa,Productos locales,2
Culler de Pau,Reboredo 73; O Grove; 36980; España,O Grove,España,3,Creativa,Productos locales,2
Venta Moncalvillo,Carretera Medrano 6; Daroca de Rioja; 26373; España,Daroca de Rioja,España,3,Moderna,Productos locales,2
Retiro da Costiña,Avenida de Santiago 12; Santa Comba; 15840; España,Santa Comba,España,3,Moderna,,2
Molino de Urdániz,Carretera N 135; Urdaitz; 31698; España,Urdaitz,España,3,Creativa,,2
Mugaritz,Aldura Aldea 20 - Otzazulueta Baserria; Errenteria; 20100; España,Errenteria,España,3,Innovadora,Un clásico,2
Amelia by Paulo Airaudo,República Argentina 4; Donostia / San Sebastián; 20004; España,Donostia / San Sebastián,España,3,Creativa; Italo-Japonesa,Mesa del chef;Comer solo,2
La Boscana,Carretera Bell-lloc d'Urgell; Bellvís; 25142; España,Bellvís,España,3,Creativa,Terraza agradable,2
Ekaitza,15 quai Maurice-Ravel; Ciboure; 64500; Francia,Ciboure,Francia,3,Creativa; Moderna,Productos locales,2
Cinc Sentits,Entença 60; Barcelona; 08015; España,Barcelona,España,3,Actual,Mesa del chef,2
Enigma,Sepúlveda 38; Barcelona; 08015; España,Barcelona,España,3,Creativa,Tendencia,2
Mont Bar,Diputació 220; Barcelona; 08001; España,Barcelona,España,2,Creativa,,2
Aleia,Paseo de Gràcia 132; Barcelona; 08008; España,Barcelona,España,3,Creativa,,2
Voro,Urbanización Atalaya de Canyamel; Canyamel; 07589; España,Canyamel,España,3,Moderna,Romántico,2
Enoteca Paco Pérez,Marina 19; Barcelona; 08005; España,Barcelona,España,3,Moderna,Romántico,2
Le Skiff Club,Hôtel Ha(a)ïtza; 1 avenue Louis-Gaume; Pyla-sur-Mer; 33115; Francia,Pyla-sur-Mer,Francia,3,Moderna,,2
Les Cols,Carretera de la Canya; Olot; 17800; España,Olot,España,3,Creativa,,2
Bo.TiC,Avenida Costa brava 6; Corçà; 17121; España,Corçà,España,3,Creativa; Cocina mediterránea,Mesa del chef,2
Lalique,1707 route des Gourgues; Bommes; 33210; Francia,Bommes,Francia,3,Moderna,Grupos;Productos locales,2
Py-r,19 descente de la Halle-aux-Poissons; Toulouse; 31000; Francia,Toulouse,Francia,3,Creativa,,2
La Grand'Vigne - Les Sources de Caudalie,Chemin de Smith-Haut-Lafitte; Martillac; 33650; Francia,Martillac,Francia,3,Moderna,Romántico;Productos locales,2
Le Pressoir d'Argent - Gordon Ramsay,InterContinental Bordeaux - Le Grand Hôtel; 2-5 place de la Comédie; Burdeos; 33000; Francia,Burdeos,Francia,3,Moderna,,2
Maison Nouvelle,11 rue Rode; Burdeos; 33000; Francia,Burdeos,Francia,3,Moderna,Romántico,2
Miramar,Passeig Marítim 7; Llançà; 17490; España,Llançà,España,3,Creativa; Pescados y mariscos,Un clásico;Terraza agradable,2
La Table de Franck Putelat,80 chemin des Anglais; au Sud de la Cité; Carcassonne; 11000; Francia,Carcassonne,Francia,3,Creativa,,2
La Table Lionel Giraud,Rond-point de la Liberté; 68 avenue du Général-Leclerc; Narbonne; 11100; Francia,Narbonne,Francia,3,Creativa; Moderna,Mesa del chef;Productos locales,2
La Table de Pavie,Hôtel de Pavie; 5 place du Clocher; Saint-Emilion; 33330; Francia,Saint-Émilion,Francia,3,Creativa,Productos locales,2
Serge Vieira,Le Couffour; Chaudes-Aigues; 15110; Francia,Chaudes-Aigues,Francia,3,Creativa,Productos locales,2
Cyril Attrazic,319 route du Languedoc; Aumont-Aubrac; 48130; Francia,Aumont-Aubrac,Francia,3,Creativa; Moderna,Productos locales,2
Duende,Quai de la Fontaine; Nimes; 30900; Francia,Nimes,Francia,3,Moderna,,2
Il Gallo d'Oro,Estrada Monumental 147; Funchal; 9004-532; Portugal,Funchal,Portugal,3,Moderna,Mesa del chef,2
Michel Kayser - Restaurant Alexandre,2 rue Xavier-Tronc; Garons; 30128; Francia,Garons,Francia,3,Moderna,,2
Anne de Bretagne,Port de Gravette; 163 boulevard de la Tara; La Plaine-sur-Mer; 44770; Francia,La Plaine-sur-Mer,Francia,3,Moderna,Romántico;Productos locales,2
La Table des Amis,Le Mas Les Eydins; 2420 chemin du Four; Bonnieux; 84480; Francia,Bonnieux,Francia,3,Cocina mediterránea,Terraza agradable;Romántico,2
L'Auberge de Saint-Rémy - Fanny Rey & Jonathan Wahid,12 boulevard Mirabeau; Saint-Rémy-de-Provence; 13210; Francia,Saint-Rémy-de-Provence,Francia,3,Moderna,Productos locales,2
Le Pré - Xavier Beaudiment,3 route de la Baraque; Clermont-Ferrand; 63000; Francia,Clermont-Ferrand,Francia,3,Creativa,Grupos;Productos locales,2
L'Auberge des Glazicks,7 rue de la Plage; Plomodiern; 29550; Francia,Plomodiern,Francia,3,Creativa,Productos locales,2
Maison Ronan Kervarrec,1 impasse du Vieux-Bourg; Saint-Grégoire; 35760; Francia,Saint-Grégoire,Francia,3,Moderna,Terraza agradable;Romántico,2
La Voile - La Réserve Ramatuelle,Chemin de la Quessine; Ramatuelle; 83350; Francia,Ramatuelle,Francia,3,Moderna,Productos locales,2
La Pyramide - Maison Henriroux,14 boulevard Fernand-Point; Vienne; 38200; Francia,Vienne,Francia,3,Moderna,Un clásico;Terraza agradable,2
Christophe Hay - Fleur de Loire,26 quai Villebois-Mareuil; Blois; 41000; Francia,Blois,Francia,3,Moderna; Creativa,Productos locales,2
Mère Brazier,12 rue Royale; Lyon; 69001; Francia,Lyon,Francia,3,Clásica,Un clásico,2
Takao Takano,33 rue Malesherbes; Lyon; 69006; Francia,Lyon,Francia,3,Creativa,,2
Le Neuvième Art,173 rue Cuvier; Lyon; 69006; Francia,Lyon,Francia,3,Creativa; Moderna,,2
La Villa Archange,Rue de l'Ouest; Le Cannet; 06110; Francia,Le Cannet,Francia,3,Moderna,Romántico;Productos locales,2
Paul Bocuse,40 rue de la Plage; Collonges-au-Mont-d'Or; 69660; Francia,Collonges-au-Mont-d'Or,Francia,3,Clásica,Un clásico,2
Maison Aribert,280 allée du Jeune-Bayard; Uriage-les-Bains; 38410; Francia,Uriage-les-Bains,Francia,3,Creativa; Moderna,Productos locales,2
Frédéric Doucet,2 avenue de la Libération; Charolles; 71120; Francia,Charolles,Francia,3,Moderna,Productos locales,2
Flaveur,25 rue Gubernatis; Niza; 06000; Francia,Niza,Francia,3,Creativa,Productos locales,2
La Chèvre d'Or,Rue du Barri; Èze; 06360; Francia,Èze,Francia,3,Creativa,Romántico,2
Les Ambassadeurs by Christophe Cussac,Hôtel Métropole Monte-Carlo; 4 avenue de la Madone; Monaco; 98000; Principado de Mónaco,Monaco,Principado de Mónaco,3,Cocina mediterránea,Mesa del chef,2
L'Abysse Monte-Carlo,1 square Beaumarchais; Monaco; 98000; Principado de Mónaco,Monaco,Principado de Mónaco,3,Japonesa; Creativa,Mesa del chef,2
Blue Bay Marcel Ravin,40 avenue Princesse-Grace; Monaco; 98000; Principado de Mónaco,Monaco,Principado de Mónaco,3,Creativa,Terraza agradable;Mesa del chef,2
Georges Blanc,Place du Marché; Vonnas; 01540; Francia,Vonnas,Francia,3,Clásica,Un clásico,2
René et Maxime Meilleur,Hameau de Saint-Marcel; Saint-Martin-de-Belleville; 73440; Francia,Saint-Martin-de-Belleville,Francia,3,Creativa; Regional,Productos locales,2
Cédric Burtin,Chemin de Martorez; Saint-Rémy; 71100; Francia,Saint-Rémy,Francia,3,Creativa; Moderna,Mesa del chef;Terraza agradable,2
Le Sarkara,Le K2 Palace; 238 rue des Clarines; Courchevel 1850; Courchevel; 73120; Francia,Courchevel,Francia,3,Creativa,,2
Slalom 1850,Le Strato; Route de Bellecôte; Courchevel 1850; Courchevel; 73120; Francia,Courchevel,Francia,3,Creativa,,2
Jean Sulpice,303 route du Port; Talloires-Montmin; 74290; Francia,Talloires-Montmin,Francia,3,Creativa,Productos locales;Terraza agradable,2
Sylvestre Wahid - Les Grandes Alpes,28 rue de l'Église; Courchevel 1850; Courchevel; 73120; Francia,Courchevel,Francia,3,Creativa,,2
L'Auberge de Montmin,1983 route de Talloires; Col de la Forclaz; Talloires-Montmin; 74210; Francia,Talloires-Montmin,Francia,3,Creativa,Productos locales,2
La Côte d'Or,Le Relais Bernard Loiseau; 2 avenue Bernard-Loiseau; Saulieu; 21210; Francia,Saulieu,Francia,3,Moderna,Mesa del chef;Un clásico,2
La Table de Yoann Conte,13 vieille route des Pensières; Veyrier-du-Lac; 74290; Francia,Veyrier-du-Lac,Francia,3,Creativa,Productos locales,2
Maison Benoît Vidal,Sur-les-Bois; 79 route de Thônes; Annecy; 74940; Francia,Annecy,Francia,3,Creativa,Terraza agradable,2
Casadelmar,Route de Palombaggia; Porto-Vecchio; 20137; Francia,Porto-Vecchio,Francia,3,Moderna,Terraza agradable,2
La Côte Saint-Jacques,14 faubourg de Paris; Joigny; 89300; Francia,Joigny,Francia,3,Moderna,Mesa del chef;Un clásico,2
Antica Corona Reale,Via Fossano 13; Cervere; 12040; Italia,Cervere,Italia,3,Piamontesa; Moderna,Romántico;Grupos,2
L'Atelier Robuchon,Quai Wilson 37; Ginebra; 1201; Suiza,Ginebra,Suiza,3,Francesa contemporánea,Mesa del chef;Un clásico,2
Le Corot,Les Étangs de Corot; 55 rue de Versailles; Ville-d'Avray; 92410; Francia,Ville-d'Avray,Francia,3,Creativa,Productos locales,2
William Frachot,Hostellerie du Chapeau Rouge; 5 rue Michelet; Dijon; 21000; Francia,Dijon,Francia,3,Moderna; Creativa,Productos locales,2
Le Jules Verne,Tour Eiffel - 6 avenue Gustave-Eiffel; París; 75007; Francia,París,Francia,3,Moderna,Un clásico;Romántico,2
M.B,Maria Zambrano 2; Carretera TF 47; Guía de Isora; 38687; España,Guía de Isora,España,3,Actual,Un clásico,2
El Rincón de Juan Carlos,Avenida Virgen de Guadalupe 21; La Caleta; Adeje; 38679; España,Adeje,España,3,Creativa,Un clásico;Romántico,2
L'Oiseau Blanc,The Peninsula Paris; 19 avenue Kléber; París; 75116; Francia,París,Francia,3,Creativa,,2
Le Taillevent,15 rue Lamennais; París; 75008; Francia,París,Francia,3,Clásica,Un clásico,2
Restaurant Le Meurice Alain Ducasse,Le Meurice; 228 rue de Rivoli; París; 75001; Francia,París,Francia,3,Creativa,Romántico,2
Alliance,5 rue de Poissy; París; 75005; Francia,París,Francia,3,Moderna; Creativa,,2
Marsan par Hélène Darroze,4 rue d'Assas; París; 75006; Francia,París,Francia,3,Moderna,Mesa del chef,2
Le Clarence,31 avenue Franklin-D.-Roosevelt; París; 75008; Francia,París,Francia,3,Creativa,Romántico,2
Blanc,52 rue de Longchamp; París; 75116; Francia,París,Francia,3,Creativa,Mesa del chef,2
David Toutain,29 rue Surcouf; París; 75007; Francia,París,Francia,3,Creativa,Grupos,2
Hakuba,Cheval Blanc Paris; 8 quai du Louvre; París; 75001; Francia,París,Francia,3,Japonesa; Creativa,,2
L'Abysse Paris,8 avenue Dutuit; París; 75008; Francia,París,Francia,3,Japonesa; Creativa,Comer solo,2
L'Orangerie,Four Seasons George V; 31 avenue George-V; París; 75008; Francia,París,Francia,3,Moderna,,2
Guy Savoy,11 quai de Conti; París; 75006; Francia,París,Francia,3,Moderna,Un clásico,2
La Scène,32 avenue Matignon; París; 75008; Francia,París,Francia,3,Moderna,,2
Le Grand Restaurant - Jean-François Piège,7 rue d'Aguesseau; París; 75008; Francia,París,Francia,3,Creativa,,2
Maison Rostang,20 rue Rennequin; París; 75017; Francia,París,Francia,3,Clásica,,2
Table - Bruno Verjus,3 rue de Prague; París; 75012; Francia,París,Francia,3,Creativa,Comer solo;Mesa del chef,2
L'Ambroisie,9 place des Vosges; París; 75004; Francia,París,Francia,3,Clásica,Un clásico,2
Sushi Yoshinaga,27 rue du 4-Septembre; París; 75002; Francia,París,Francia,3,Japonesa,Mesa del chef;Comer solo,2
Virtus,29 rue de Cotte; París; 75012; Francia,París,Francia,3,Moderna; Creativa,,2
Pic Beau-Rivage Palace,Place du Port 17; Lausana; 1006; Suiza,Lausana,Suiza,3,Creativa,Terraza agradable,2
La Table du Lausanne Palace,Rue du Grand Chêne 7; Lausana; 1002; Suiza,Lausana,Suiza,3,Francesa moderna,Romántico,2
Gilles Varone,Rue du Stade 5b; Savièse; 1965; Suiza,Savièse,Suiza,3,Moderna; Cocina de temporada,,2
Locanda Sant'Uffizio Enrico Bartolini,Strada Sant'Uffizio 1; Cioccaro; 14030; Italia,Cioccaro,Italia,3,Piamontesa; Moderna,Un clásico;Romántico,2
Bulle d'Osier,Clos Vauban; 1 place du Colonel-de-Grouchy; Langres; 52200; Francia,Langres,Francia,3,Creativa,Mesa del chef;Productos locales,2
Maison Wenger,Rue de la Gare 2; Le Noirmont; 2340; Suiza,Le Noirmont,Suiza,3,Francesa moderna; Cocina de temporada,Mesa del chef;Romántico,2
D'O,piazza della Chiesa 14; loc. San Pietro all'Olmo; Cornaredo; 20007; Italia,Cornaredo,Italia,3,Creativa; Italiana contemporánea,Romántico;Favorito del inspector,2
Il Piccolo Principe,Piazza Giacomo Puccini 1; Viareggio; 55049; Italia,Viareggio,Italia,3,Creativa; Actual,Romántico,2
Le Parc Les Crayères,64 boulevard Henry-Vasnier; Reims; 51100; Francia,Reims,Francia,3,Moderna,Un clásico,2
Arbane,7 rue Noël; Reims; 51100; Francia,Reims,Francia,3,Creativa,Romántico;Grupos,2
Racine,6 place Godinot; Reims; 51100; Francia,Reims,Francia,3,Creativa,Romántico,2
Verso Capitaneo,Piazza del Duomo 21; Milán; 20121; Italia,Milán,Italia,3,Creativa; Cocina mediterránea,Mesa del chef,2
Seta by Antonio Guida,Via Monte di Pietà 18; Milán; 20121; Italia,Milán,Italia,3,Internacional; Actual,Terraza agradable;Merece la espera,2
La Brezza,via Albarelle 16; Ascona; 6612; Suiza,Ascona,Suiza,3,Cocina mediterránea; Moderna,Terraza agradable,2
Andrea Aprea,Corso Venezia 52; Milán; 20122; Italia,Milán,Italia,3,Italiana contemporánea; Creativa,,2
The Japanese Restaurant,Gotthardstrasse 4; Andermatt; 6490; Suiza,Andermatt,Suiza,3,Japonesa contemporánea; Fusión,Romántico,2
Ecco,via del Segnale 10; Ascona; 6612; Suiza,Ascona,Suiza,3,Creativa; Cocina de temporada,Terraza agradable,2
IGNIV by Andreas Caminada,Furkagasse 9; Andermatt; 6490; Suiza,Andermatt,Suiza,3,A compartir; Moderna,Romántico;Tendencia,2
La Grenouillère,19 rue de la Grenouillère; La Madelaine-sous-Montreuil; 62170; Francia,La Madelaine-sous-Montreuil,Francia,3,Creativa,Mesa del chef,2
roots,Bachlettenstrasse 1; Basilea; 4054; Suiza,Basilea,Suiza,3,Moderna; Cocina de temporada,Productos locales,2
Stucki - Tanja Grandits,Bruderholzallee 42; Basilea; 4059; Suiza,Basilea,Suiza,3,Creativa; Moderna,Un clásico;Terraza agradable,2
Villa Elena,Via San Vigilio 56; Bérgamo; 24129; Italia,Bérgamo,Italia,3,Creativa; Actual,Terraza agradable;Romántico,2
Arnolfo,Viale della Rimembranza 24; Colle di Val d'Elsa; 53034; Italia,Colle di Val d'Elsa,Italia,3,Creativa; Regional,Un clásico,2
Colonnade,Haldenstrasse 10; Lucerna; 6002; Suiza,Lucerna,Suiza,3,Francesa moderna; Cocina de temporada,Comer solo,2
dede,Customs House; Baltimore; P81 K291; Irlanda,Baltimore,Irlanda,3,Turca; Creativa,Terraza agradable,2
Caino,Via della Chiesa 4; Montemerano; 58014; Italia,Montemerano,Italia,3,Toscana; Actual,Un clásico;Romántico,2
focus ATELIER,Seestrasse 18; Vitznau; 6354; Suiza,Vitznau,Suiza,3,Francesa creativa; Cocina de temporada,Romántico,2
Campo del Drago,Località Castiglion del Bosco; Montalcino; 53024; Italia,Montalcino,Italia,3,Actual; Toscana,Terraza agradable,2
La Table d'Olivier Nasti,9-13 rue du Général-de-Gaulle; Kaysersberg; 68240; Francia,Kaysersberg,Francia,3,Creativa,Productos locales,2
Hirschen,Hauptstraße 69; Sulzburg; 79295; Alemania,Sulzburg,Alemania,3,Creativa; Cocina de temporada,,2
JY'S,3 allée du Champ-de-Mars; Colmar; 68000; Francia,Colmar,Francia,3,Creativa,,2
Magdalena,Rickenbachstrasse 127; Schwyz; 6432; Suiza,Schwyz,Suiza,3,Moderna; Cocina de temporada,Romántico,2
La Table de Christophe Dufossé,1098 rue de Lillers; Busnes; 62350; Francia,Busnes,Francia,3,Moderna,Productos locales,2
7132 Silver,Poststrasse 560; Vals; 7132; Suiza,Vals,Suiza,3,Creativa; Innovadora,Mesa del chef,2
Santa Elisabetta,Piazza Santa Elisabetta 3; Florencia; 50122; Italia,Florencia,Italia,3,Creativa; Cocina mediterránea,,2
Auberge de l'Ill,2 rue de Collonges-au-Mont-d'Or; Illhaeusern; 68970; Francia,Illhaeusern,Francia,3,Clásica,Un clásico,2
hide and fox,The Green; Saltwood; CT21 4PS; Reino Unido,Saltwood,Reino Unido,3,Inglesa moderna,Romántico,2
Widder Restaurant,Rennweg 7; Zúrich; 8001; Suiza,Zúrich,Suiza,3,Francesa moderna; Actual,Mesa del chef,2
Terre,Manor House; Castlemartyr Resort; Castlemartyr; P25 X300; Irlanda,Castlemartyr,Irlanda,3,Moderna,Romántico,2
The Counter,Bahnhofplatz 15; Zúrich; 8001; Suiza,Zúrich,Suiza,3,Creativa; Moderna,Mesa del chef,2
IGNIV Zürich by Andreas Caminada,Marktgasse 17; Zúrich; 8001; Suiza,Zúrich,Suiza,3,A compartir; Moderna,,2
The Restaurant,Kurhausstrasse 65; Zúrich; 8032; Suiza,Zúrich,Suiza,3,Creativa; Moderna,Romántico,2
Hand and Flowers,126 West Street; Marlow; SL7 2BP; Reino Unido,Marlow,Reino Unido,3,Inglesa moderna,Un clásico,2
Brooklands by Claude Bosi,The Peninsula Hotel; 1 Grosvenor Place; Belgravia; Londres; SW1X 7HJ; Reino Unido,Londres,Reino Unido,3,Moderna,Terraza agradable,2
A. Wong,70 Wilton Road; Victoria; Londres; SW1V 1DE; Reino Unido,Londres,Reino Unido,3,China,Un clásico,2
Mühle,Unterer Mühlenweg 13; Schluchsee; 79859; Alemania,Schluchsee,Alemania,3,Moderna; Internacional,Romántico,2
Dinner by Heston Blumenthal,Mandarin Oriental Hyde Park; 66 Knightsbridge; Knightsbridge; Londres; SW1X 7LA; Reino Unido,Londres,Reino Unido,3,Inglesa tradicional,Mesa del chef,2
Alex Dilling at Hotel Café Royal,68 Regent Street; Soho; Londres; W1B 4DY; Reino Unido,Londres,Reino Unido,3,Francesa moderna,Romántico,2
The Ritz Restaurant,150 Piccadilly; St James’s; Londres; W1J 9BR; Reino Unido,Londres,Reino Unido,3,Inglesa moderna,Un clásico,2
Bonheur by Matt Abé,43 Upper Brook Street; Mayfair; Londres; W1K 7QR; Reino Unido,Londres,Reino Unido,3,Moderna,,2
Restaurant Story,199 Tooley Street; Southwark; Londres; SE1 2JX; Reino Unido,Londres,Reino Unido,3,Moderna,Un clásico,2
Gymkhana,42 Albemarle Street; Mayfair; Londres; W1S 4JH; Reino Unido,Londres,Reino Unido,3,Hindú,Un clásico,2
Row on 5,5 Savile Row; Mayfair; Londres; W1S 3PB; Reino Unido,Londres,Reino Unido,3,Moderna; Creativa,Mesa del chef,2
Ikoyi,180 Strand; Strand; Londres; WC2R 1EA; Reino Unido,Londres,Reino Unido,3,Creativa,Un clásico,2
Humble Chicken,54 Frith Street; Soho; Londres; W1D 4SL; Reino Unido,Londres,Reino Unido,3,Japonesa,Mesa del chef,2
Kitchen Table,70 Charlotte Street; Fitzrovia; Londres; W1T 4QG; Reino Unido,Londres,Reino Unido,3,Moderna; Creativa,Mesa del chef,2
The Clove Club,Shoreditch Town Hall; 380 Old Street; Shoreditch; Londres; EC1V 9LT; Reino Unido,Londres,Reino Unido,3,Creativa,Un clásico,2
Trivet,36 Snowsfields; Southwark; Londres; SE1 3SU; Reino Unido,Londres,Reino Unido,3,Moderna,Grupos,2
Da Terra,Town Hall Hotel; 8 Patriot Square; Bethnal Green; Londres; E2 9NF; Reino Unido,Londres,Reino Unido,3,Creativa,Mesa del chef,2
Rozó,34 rue Raymond-Derain; Marcq-en-Barœul; 59700; Francia,Marcq-en-Barœul,Francia,3,Creativa; Moderna,,2
Ammolite - House of Light,Peter-Thumb-Straße 6; Rust; 77977; Alemania,Rust,Alemania,3,Moderna; Francesa clásica,,2
La Fourchette des Ducs,6 rue de la Gare; Obernai; 67210; Francia,Obernai,Francia,3,Moderna,Un clásico;Romántico,2
Da Vittorio - St. Moritz,Via Johannes Badrutt 11; Sankt Moritz; 7500; Suiza,Sankt Moritz,Suiza,3,Italiana,Un clásico,2
Il Pagliaccio,Via dei Banchi Vecchi 129/a; Roma; 00186; Italia,Roma,Italia,3,Creativa; Innovadora,Merece la espera;Romántico,2
Enoteca La Torre,Lungotevere delle Armi 22/23; Roma; 00195; Italia,Roma,Italia,3,Actual; Creativa,Merece la espera;Romántico,2
d'Eugénie à Emilie,place de la Résistance 1; Baudour; 7331; Bélgica,Baudour,Bélgica,3,Francesa clásica; Tradicional,Un clásico,2
Acquolina,Via del Vantaggio 14; Roma; 00186; Italia,Roma,Italia,3,Creativa; Cocina mediterránea,Romántico,2
La Table de Maxime,Our 23; Our; 6852; Bélgica,Our,Bélgica,3,Moderna; Francesa,Romántico,2
La Brezza,Tschuggentorweg 1; Arosa; 7050; Suiza,Arosa,Suiza,3,Moderna; Creativa,,2
IGNIV by Andreas Caminada,Bernhard-Simon-Strasse 2; Bad Ragaz; 7310; Suiza,Bad Ragaz,Suiza,3,Creativa,Tendencia,2
Villa Feltrinelli,Via Rimembranza 38/40; Gargnano; 25084; Italia,Gargnano,Italia,3,Creativa; Actual,Romántico;Un clásico,2
Louis Linster,17 route de Luxembourg; Frisange; 5752; Luxemburgo,Frisange,Luxemburgo,3,Francesa moderna,,2
Ösch Noir,Golfplatz 1; Donaueschingen; 78166; Alemania,Donaueschingen,Alemania,3,Moderna; Clásica,Romántico,2
Taverne zum Schäfli,Oberdorfstrasse 8; Wigoltingen; 8556; Suiza,Wigoltingen,Suiza,3,Creativa; Cocina de mercado,Un clásico,2
Castor,Kortrijkseweg 164; Beveren-Leie; 8791; Bélgica,Beveren-Leie,Bélgica,3,Francesa moderna,,2
Villa René Lalique,18 rue Bellevue; Wingen-sur-Moder; 67290; Francia,Wingen-sur-Moder,Francia,3,Creativa; Moderna,Romántico,2
San Domenico,Via Sacchi 1; Ímola; 40026; Italia,Ímola,Italia,3,Clásica; Moderna,Un clásico,2
Famiglia Rana,via Feniletto 2; località Vallese; Oppeano; 37050; Italia,Oppeano,Italia,3,Creativa; Actual,,2
LOUIS restaurant,Prälat-Subtil-Ring 22; Saarlouis; 66740; Alemania,Saarlouis,Alemania,3,Asiática; Francesa moderna,,2
Ma Langue Sourit,1 rue Remich; Oetrange; 5331; Luxemburgo,Oetrange,Luxemburgo,3,Moderna,,2
Einstein Gourmet,Berneggstrasse 2; Sankt Gallen; 9000; Suiza,Sankt Gallen,Suiza,3,Creativa; Moderna,,2
ESPLANADE,Nauwieserstraße 5; Sarrebruck; 66111; Alemania,Sarrebruck,Alemania,3,Clásica; Creativa,Familiar,2
GästeHaus Klaus Erfort,Mainzer Straße 95; Sarrebruck; 66121; Alemania,Sarrebruck,Alemania,3,Francesa clásica,,2
Hof van Cleve - Floris Van Der Veken,Riemegemstraat 1; Kruishoutem; 9770; Bélgica,Kruishoutem,Bélgica,3,Creativa,Terraza agradable,2
L'Eau Vive,route de Floreffe 37; Arbre; 5170; Bélgica,Arbre,Bélgica,3,Francesa moderna; Moderna,Terraza agradable;Romántico,2
Ophelia,Seestraße 25; Constanza; 78464; Alemania,Constanza,Alemania,3,Francesa creativa; Internacional,Mesa del chef,2
Mammertsberg,Bahnhofstrasse 28; Freidorf; 9306; Suiza,Freidorf,Suiza,3,Creativa; Moderna,Terraza agradable,2
Le Pavillon,Dollenberg 3; Bad Peterstal; 77740; Alemania,Bad Peterstal,Alemania,3,Francesa clásica; Cocina de temporada,,2
ATAMA by Martin Stopp,Ensheimer Straße 20; Sankt Ingbert; 66386; Alemania,Sankt Ingbert,Alemania,3,Creativa; Actual,,2
La Merise,7 rue d'Eschbach; Laubach; 67580; Francia,Laubach,Francia,3,Moderna,Romántico,2
Ynyshir,Eglwysfach; Machynlleth; SY20 8TA; Reino Unido,Machynlleth,Reino Unido,3,Creativa,Mesa del chef,2
Sir Kwinten,Markt 9; Sint-Kwintens-Lennik; 1750; Bélgica,Sint-Kwintens-Lennik,Bélgica,3,Moderna; Francesa,,2
La Peca,Via Alberto Giovanelli 2; Lonigo; 36045; Italia,Lonigo,Italia,3,Moderna; Actual,Un clásico,2
De Jonkman,Maalsesteenweg 438; Sint-Kruis; 8310; Bélgica,Sint-Kruis,Bélgica,3,Creativa,Productos locales,2
L'air du temps,rue de la Croix Monet 2; Liernu; 5310; Bélgica,Liernu,Bélgica,3,Creativa; Moderna,Un clásico;Productos locales,2
Le Chalet de la Forêt,drêve de Lorraine 43; Uccle; 1180; Bélgica,Uccle,Bélgica,3,Creativa; Francesa moderna,Terraza agradable;Romántico,2
Vrijmoed,Vlaanderenstraat 22; Gent; 9000; Bélgica,Gent,Bélgica,3,Creativa; Moderna,,2
La Paix,rue Ropsy-Chaudron 49; Anderlecht; 1070; Bélgica,Anderlecht,Bélgica,3,Con influencias asiáticas; Creativa,Un clásico,2
Bozar Restaurant,rue Baron Horta 3; Bruselas; 1000; Bélgica,Bruselas,Bélgica,3,Francesa moderna; Creativa,Merece la espera,2
Stüva,Dorfstraße 73; Ischgl; 6561; Austria,Ischgl,Austria,3,Francesa creativa; Moderna,Romántico,2
Rote Wand Chef's Table,Zug 5; Lech am Arlberg; 6764; Austria,Lech am Arlberg,Austria,3,Moderna; Creativa,Mesa del chef;Comer solo,2
Opheem,48 Summer Row; Birmingham; B3 1JJ; Reino Unido,Birmingham,Reino Unido,3,Hindú; Actual,Un clásico,2
Magnolia,Via Pelliciano 35; loc. Montilgallo; Longiano; 47020; Italia,Longiano,Italia,3,Creativa; Moderna,Un clásico,2
Griggeler Stuba,Oberlech 568; Lech am Arlberg; 6764; Austria,Lech am Arlberg,Austria,3,Moderna; Internacional,Romántico,2
Bartholomeus,Zeedijk 267; Heist; 8301; Bélgica,Heist,Bélgica,3,Moderna,Mesa del chef;Merece la espera,2
Cuines 33,Smedenstraat 33; Knokke; 8300; Bélgica,Knokke,Bélgica,3,Creativa,Mesa del chef,2
Gourmetrestaurant Tannenhof,Nassereinerstraße 98; Sankt Anton am Arlberg; 6580; Austria,Sankt Anton am Arlberg,Austria,3,Alpina; Moderna,Terraza agradable;Romántico,2
Midsummer House,Midsummer Common; Cambridge; CB4 1HA; Reino Unido,Cambridge,Reino Unido,3,Creativa,Romántico,2
sein,Scheffelstraße 57; Karlsruhe; 76135; Alemania,Karlsruhe,Alemania,3,Moderna; Creativa,,2
Nuance,Kiliaanstraat 8; Duffel; 2570; Bélgica,Duffel,Bélgica,3,Creativa,,2
Hertog Jan at Botanic,Leopoldstraat 26; Antwerpen; 2000; Bélgica,Antwerpen,Bélgica,3,Creativa; Con influencias asiáticas,Mesa del chef,2
The Jane,Limastraat 5; Antwerpen; 2000; Bélgica,Antwerpen,Bélgica,3,Creativa; Con influencias asiáticas,Mesa del chef,2
Castel fine dining,Vicolo dei Castagni 18; Tirolo; 39019; Italia,Tirolo,Italia,3,Creativa; Internacional,Un clásico;Romántico,2
Antica Osteria Cera,Via Marghera 24; Lughetto; 30010; Italia,Lughetto,Italia,3,Pescados y mariscos; Moderna,Romántico,2
Maison Colette,De Trannoyplein 17; Tongerlo; 2260; Bélgica,Tongerlo,Bélgica,3,Francesa; Moderna,,2
Inter Scaldes,Zandweg 2; Kruiningen; 4416 NA; Holanda,Kruiningen,Holanda,3,Moderna,Mesa del chef;Productos locales,2
Ecco St. Moritz,Via Maistra 3; Sankt Moritz; 7512; Suiza,Sankt Moritz,Suiza,3,Creativa; Francesa moderna,,2
Terra The Magic Place,Località Prati 21; Sarentino; 39058; Italia,Sarentino,Italia,3,Creativa; Regional,Romántico,2
Create by Guido Braeken,Kasteellaan 1; Eijsden; 6245 SB; Holanda,Eijsden,Holanda,3,Francesa moderna,Tendencia,2
daní maison,via Montetignuso 4; Isquia; 80077; Italia,Isquia,Italia,3,Actual; Creativa,Mesa del chef,2
Intense,Weinstraße 31; Wachenheim an der Weinstraße; 67157; Alemania,Wachenheim an der Weinstraße,Alemania,3,Fusión; Creativa,Comer solo,2
La Madia,Corso Filippo Re Capriata 22; Licata; 92027; Italia,Licata,Italia,3,Creativa; Siciliana,Un clásico;Romántico,2
Speisemeisterei,Schloss Hohenheim 1B; Stuttgart; 70599; Alemania,Stuttgart,Alemania,3,Creativa; Innovadora,Terraza agradable;Romántico,2
Brut172,Reijmerstokkerdorpsstraat 143; Reijmerstok; 6274 NK; Holanda,Reijmerstok,Holanda,3,Creativa; Cocina de temporada,Mesa del chef,2
Glam Enrico Bartolini,Calle Tron; sestiere Santa Croce 1961; Venecia; 30135; Italia,Venecia,Italia,3,Creativa; Actual,Un clásico;Tendencia,2
Madonnina del Pescatore,Via Lungomare Italia 11; Marzocca; 60019; Italia,Marzocca,Italia,3,Creativa; Innovadora,Romántico,2
Restaurant Sat Bains,Lenton Lane; Nottingham; NG7 2SA; Reino Unido,Nottingham,Reino Unido,3,Creativa,Productos locales,2
Restaurant 141 by Joachim Jaud,Obermieming 141; Mieming; 6414; Austria,Mieming,Austria,3,Creativa; Cocina de temporada,Romántico,2
Liath,Blackrock Market; 19a Main Street; Blackrock; A94 V0D8; Irlanda,Blackrock,Irlanda,3,Creativa,,2
Slagmolen,Molenweg 177; Opglabbeek; 3660; Bélgica,Opglabbeek,Bélgica,3,Francesa; Clásica,Terraza agradable,2
OPUS V,O5; 9-12; Mannheim; 68161; Alemania,Mannheim,Alemania,3,Moderna; Creativa,Mesa del chef;Romántico,2
Patrick Guilbaud,The Merrion Hotel; 21 Upper Merrion Street; Dublín; D02 KF79; Irlanda,Dublín,Irlanda,3,Francesa moderna,Un clásico,2
Chapter One by Mickael Viljanen,18-19 Parnell Square North; Rotunda; Dublín; D01 T3V8; Irlanda,Dublín,Irlanda,3,Moderna,Un clásico,2
L'Olivo,Via Capodimonte 14; Anacapri; 80071; Italia,Anacapri,Italia,3,Italiana contemporánea; Creativa,Romántico,2
Cuchara,Lepelstraat 3; Lommel; 3920; Bélgica,Lommel,Bélgica,3,Creativa; Moderna,Romántico,2
George Restaurant,corso Vittorio Emanuele 135; Nápoles; 80121; Italia,Nápoles,Italia,3,Actual; Cocina de Campania,Un clásico;Romántico,2
IKIGAI,Elmau 2; Krün; 82493; Alemania,Krün,Alemania,3,Moderna; Asiática contemporánea,Romántico,2
Torre del Saracino,Via Torretta 9; Vico Equense; 80069; Italia,Vico Equense,Italia,3,Actual,Un clásico;Romántico,2
Steinheuers Restaurant,Landskroner Straße 110; Bad Neuenahr-Ahrweiler; 53474; Alemania,Bad Neuenahr-Ahrweiler,Alemania,3,Francesa clásica; Clásica,Romántico,2
De Treeswijkhoeve,Valkenswaardseweg 14; Waalre; 5582 VB; Holanda,Waalre,Holanda,3,Creativa,Terraza agradable,2
Taverna Estia,Via Guido De Ruggiero 108; Brusciano; 80031; Italia,Brusciano,Italia,3,Actual; Creativa,Terraza agradable,2
Gotthardt's by Yannick Noack,An der Fähre 3; Coblenza; 56068; Alemania,Coblenza,Alemania,3,Moderna; Creativa,,2
Piazzetta Milù,Corso Alcide De Gasperi 23; Castellammare di Stabia; 80053; Italia,Castellammare di Stabia,Italia,3,Creativa; Actual,Cocina local,2
Schwarzer Adler,Eugenstrasse 3; Hall in Tirol; 6060; Austria,Hall in Tirol,Austria,3,Europea contemporánea; Cocina de temporada,Romántico,2
Restaurant Parkheuvel,Heuvellaan 21; Róterdam; 3016 GL; Holanda,Róterdam,Holanda,3,Moderna,Un clásico,2
Tribeca,Jan Deckersstraat 7; Heeze; 5591 HN; Holanda,Heeze,Holanda,3,Creativa,Mesa del chef,2
Krèsios,Via San Giovanni 59; Telese; 82037; Italia,Telese,Italia,3,Creativa; Actual,Merece la espera,2
Fred,Boompjes 41; Róterdam; 3011 XB; Holanda,Róterdam,Holanda,3,Francesa creativa,Un clásico;Tendencia,2
FG - François Geurds,Katshoek 37B; Róterdam; 3032 AE; Holanda,Róterdam,Holanda,3,Creativa,Tendencia,2
Le Cerf,Kärcherstr. 11; Zweiflingen; 74639; Alemania,Zweiflingen,Alemania,3,Francesa clásica,Un clásico,2
Ox & Klee,Im Zollhafen 18; Colonia; 50678; Alemania,Colonia,Alemania,3,Moderna; Creativa,Romántico,2
GEM. by Soenil Bahadoer,Kasteellaan 1; Gemert; 5421 CB; Holanda,Gemert,Holanda,3,Creativa,Mesa del chef,2
Vendôme,Kadettenstraße; Bergisch Gladbach; 51429; Alemania,Bergisch Gladbach,Alemania,3,Creativa; Francesa clásica,Romántico,2
ION Harbour by Simon Rogan,11 St. Barbara Bastion; La Valeta; VLT 1961; Malta,La Valeta,Malta,3,Actual; Cocina mediterránea,Un clásico;Productos locales,2
the dune,Paul-Ehrlich-Straße 9; Fráncfort del Meno; 60596; Alemania,Fráncfort del Meno,Alemania,3,Internacional; Moderna,Romántico,2
Lafleur,Palmengartenstraße 11; Fráncfort del Meno; 60325; Alemania,Fráncfort del Meno,Alemania,3,Francesa moderna; Creativa,,2
AUGUST,Johannes-Haag-Straße 14; Augsburgo; 86153; Alemania,Augsburgo,Alemania,3,Creativa,,2
RAUSCH,Reuterweg 57; Fráncfort del Meno; 60323; Alemania,Fráncfort del Meno,Alemania,3,Moderna; Creativa,,2
Duomo,Via Capitano Bocchieri; 31; Ragusa; 97100; Italia,Ragusa,Italia,3,Actual; Creativa,,2
I Tenerumi,Via Vulcanello; Isola Vulcano; 98055; Italia,Isola Vulcano,Italia,3,Vegetariana; Creativa,Terraza agradable;Romántico,2
Gourmetrestaurant Dichter,Aribostraße 19; Rottach-Egern; 83700; Alemania,Rottach-Egern,Alemania,3,Moderna; Francesa creativa,Mesa del chef,2
Agli Amici Rovinj,Šetalište Vijeća Europe 1-2; Rovinj; 52210; Croacia,Rovinj,Croacia,3,Italiana contemporánea; Moderna,Terraza agradable;Romántico,2
Atelier,Promenadeplatz 2; Múnich; 80331; Alemania,Múnich,Alemania,3,Moderna; Creativa,Romántico,2
De Nieuwe Winkel,Gebroeders Van Limburgplein 7; Nimega; 6511 BW; Holanda,Nimega,Holanda,3,Bio; Vegana,Merece la espera;Productos locales,2
Alois - Dallmayr Fine Dining,Dienerstraße 14; Múnich; 80331; Alemania,Múnich,Alemania,3,Creativa; Moderna,,2
KOMU,Hackenstraße 4; Múnich; 80331; Alemania,Múnich,Alemania,3,Clásica; Moderna,Mesa del chef,2
Agli Amici,Via Liguria 250; Godia; 33100; Italia,Godia,Italia,3,Creativa; Moderna,,2
THE CLOUD by Käfer,Am Olympiapark 1; Múnich; 80809; Alemania,Múnich,Alemania,3,Actual; Internacional,Tendencia,2
Tantris,Johann-Fichte-Straße 7; Múnich; 80805; Alemania,Múnich,Alemania,3,Francesa contemporánea; Clásica,Un clásico,2
Aan de Poel,Handweg 1; Amstelveen; 1185 TS; Holanda,Amstelveen,Holanda,3,Creativa; Francesa moderna,Romántico,2
Ciel Bleu,Ferdinand Bolstraat 333; Amsterdam; 1072 LH; Holanda,Amsterdam,Holanda,3,Creativa,Romántico,2
De Bokkedoorns,Zeeweg 53; Overveen; 2051 EB; Holanda,Overveen,Holanda,3,Moderna; Cocina de temporada,Un clásico;Comer solo,2
St. George by Heinz Beck,Viale San Pancrazio 46; Taormina; 98039; Italia,Taormina,Italia,3,Creativa; Actual,Terraza agradable;Romántico,2
Flore,Nieuwe Doelenstraat 2; Amsterdam; 1012 CP; Holanda,Amsterdam,Holanda,3,Actual; Francesa creativa,Mesa del chef;Productos locales,2
Restaurant 212,Amstel 212; Amsterdam; 1017 AH; Holanda,Amsterdam,Holanda,3,Creativa,Romántico,2
Vinkeles,Keizersgracht 384; Amsterdam; 1016 GB; Holanda,Amsterdam,Holanda,3,Creativa; Clásica,,2
Harry's Piccolo,Via San Nicolò 5A; Trieste; 34121; Italia,Trieste,Italia,3,Italiana contemporánea; Cocina mediterránea,Tendencia,2
etz,Wiesentalstraße 40; Núremberg; 90419; Alemania,Núremberg,Alemania,3,Cocina de temporada; Regional,Productos locales,2
't Nonnetje,Vischmarkt 38; Harderwijk; 3841 BG; Holanda,Harderwijk,Holanda,3,Creativa; Francesa moderna,Un clásico;Merece la espera,2
Kräuterreich by Vitus Winkler,Kirchweg 2; Sankt Veit im Pongau; 5621; Austria,Sankt Veit im Pongau,Austria,3,Creativa; Cocina de temporada,Cocina local,2
Essigbrätlein,Weinmarkt 3; Núremberg; 90403; Alemania,Núremberg,Alemania,3,Innovadora; Cocina de mercado,Productos locales,2
Milka,Vršiška cesta 45; Kranjska Gora; 4280; Eslovenia,Kranjska Gora,Eslovenia,3,Creativa; Regional,Tendencia,2
PUR,Hintereck 1; Berchtesgaden; 83471; Alemania,Berchtesgaden,Alemania,3,Moderna; Actual,,2
Obauer,Markt 46; Werfen; 5450; Austria,Werfen,Austria,3,Clásica; Cocina de temporada,Romántico,2
Döllerer,Markt 56; Golling an der Salzach; 5440; Austria,Golling an der Salzach,Austria,3,Innovadora; Alpina,Romántico,2
Ikarus,Wilhelm-Spazier-Straße 7a; Salzburgo; 5020; Austria,Salzburgo,Austria,3,Creativa; Moderna,Mesa del chef;Un clásico,2
Coeur D'Artichaut,Alter Fischmarkt 11A; Münster; 48143; Alemania,Münster,Alemania,3,Francesa moderna; Creativa,Mesa del chef,2
SENNS.Restaurant,Söllheimerstrasse 16; Salzburgo; 5020; Austria,Salzburgo,Austria,3,Creativa; Internacional,Un clásico;Comer solo,2
Obendorfers Eisvogel,Hofenstetten 55; Neunburg vorm Wald; 92431; Alemania,Neunburg vorm Wald,Alemania,3,Creativa; Actual,Romántico,2
De Lindenhof,Beulakerweg 77; Giethoorn; 8355 AC; Holanda,Giethoorn,Holanda,3,Creativa; Francesa clásica,Terraza agradable;Romántico,2
AURA by Alexander Herrmann & Tobias Bätz,Marktplatz 11; Wirsberg; 95339; Alemania,Wirsberg,Alemania,3,Creativa; Moderna,,2
Oswald's Gourmetstube,Am Platzl 2; Teisnach; 94244; Alemania,Teisnach,Alemania,3,Francesa moderna; Actual,,2
Ois,Unternberg 6; Neufelden; 4120; Austria,Neufelden,Austria,3,Moderna; Austriaca,Romántico,2
Die Weinbank - Restaurant,Hauptstraße 44; Ehrenhausen; 8461; Austria,Ehrenhausen,Austria,3,Creativa; Cocina de temporada,Romántico,2
Jante,Marienstraße 116; Hannover; 30171; Alemania,Hannover,Alemania,3,Creativa; Moderna,Romántico,2
Votum,Hannah-Arendt-Platz 1; Hannover; 30159; Alemania,Hannover,Alemania,3,Creativa; Moderna,Romántico,2
Pietsch,Breite Straße 53a; Wernigerode; 38855; Alemania,Wernigerode,Alemania,3,Creativa; Asiática contemporánea,,2
Restaurant Andrew Fairlie,The Gleneagles Hotel; Auchterarder; PH3 1NF; Reino Unido,Auchterarder,Reino Unido,3,Francesa moderna,Un clásico,2
The Glenturret Lalique,The Glenturret Distillery; The Hosh; Torreglen; Crieff; PH7 4HA; Reino Unido,Crieff,Reino Unido,3,Moderna,,2
Landhaus Bacher,Südtiroler Platz 2; Mautern an der Donau; 3512; Austria,Mautern an der Donau,Austria,3,Clásica; Cocina de temporada,Romántico,2
Restaurant Papilio,Tyršova náves 1; Vysoký Újezd; 26716; Chequia,Vysoký Újezd,Chequia,3,Creativa; Moderna,Mesa del chef;Romántico,2
Doubek,Kochgasse 13; Viena; 1080; Austria,Viena,Austria,3,Creativa; Moderna,Merece la espera;Romántico,2
Mraz & Sohn,Wallensteinstraße 59; Viena; 1200; Austria,Viena,Austria,3,Creativa; Cocina de temporada,Mesa del chef;Romántico,2
Taubenkobel,Hauptstraße 31; Schützen am Gebirge; 7081; Austria,Schützen am Gebirge,Austria,3,Francesa contemporánea; Regional,Terraza agradable,2
Konstantin Filippou,Dominikanerbastei 17; Viena; 1010; Austria,Viena,Austria,3,Moderna; Creativa,Romántico,2
Silvio Nickol Gourmet Restaurant,Coburgbastei 4; Viena; 1010; Austria,Viena,Austria,3,Moderna,,2
Lakeside,Fontenay 10; Hamburgo; 20354; Alemania,Hamburgo,Alemania,3,Moderna; Creativa,Romántico,2
Söl'ring Hof,Am Sandwall 1; Rantum; 25980; Alemania,Rantum,Alemania,3,Moderna; Creativa,,2
100/200 Kitchen,Brandshofer Deich 68; Hamburgo; 20539; Alemania,Hamburgo,Alemania,3,Creativa; Moderna,,2
Tim Raue,Rudi-Dutschke-Straße 26; Berlín; 10969; Alemania,Berlín,Alemania,3,Con influencias asiáticas; Alemana,,2
FACIL,Potsdamer Straße 3; Berlín; 10785; Alemania,Berlín,Alemania,3,Creativa; Actual,,2
CODA,Friedelstraße 47; Berlín; 12047; Alemania,Berlín,Alemania,3,Creativa; Innovadora,Merece la espera,2
Horváth,Paul-Lincke-Ufer 44a; Berlín; 10999; Alemania,Berlín,Alemania,3,Creativa,Comer solo,2
Meierei Dirk Luther,Uferstraße 1; Glücksburg; 24960; Alemania,Glücksburg,Alemania,3,Clásica,Romántico,2
Henne Kirkeby Kro,Strandvejen 234; Henne; 6854; Dinamarca,Henne,Dinamarca,3,Clásica,Romántico,2
Stand,Székely Mihály utca 2; Budapest; 1061; Hungría,Budapest,Hungría,3,Moderna; Húngara,,2
Kong Hans Kælder,Vingaardsstraede 6; Copenhague; 1070; Dinamarca,Copenhague,Dinamarca,3,Francesa moderna,Un clásico;Romántico,2
Frederikshøj,Oddervej 19-21; Aarhus; 8000; Dinamarca,Aarhus,Dinamarca,3,Creativa,Romántico,2
Alchemist,Refshalevej 173C; Copenhague; 1432 K; Dinamarca,Copenhague,Dinamarca,3,Creativa,Tendencia,2
a|o|c,Dronningens Tværgade 2; Copenhague; 1302 K; Dinamarca,Copenhague,Dinamarca,3,Creativa,Romántico,2
Vollmers,Tegelgårdsgatan 5; Malmo; 211 33; Suecia,Malmö,Suecia,3,Actual,Romántico,2
Koan,Langeliniekaj 5; Copenhague; 2100; Dinamarca,Copenhague,Dinamarca,3,Creativa; Coreana contemporánea,Romántico,2
Bottiglieria 1881,ul. Bocheńska 5; Cracovia; 31-061; Polonia,Cracovia,Polonia,3,Creativa,Romántico,2
VYN,Höga vägen 72; Simrishamn; 272 92; Suecia,Simrishamn,Suecia,3,Creativa,Romántico;Productos locales,2
Delta,364 Syggrou Avenue; Atenas; 17674; Grecia,Atenas,Grecia,3,Creativa; Griega,Romántico,2
Signum,Hällsnäs Hotell; Långenäsvägen 150; Mölnlycke; 435 35; Suecia,Mölnlycke,Suecia,3,Creativa,Romántico;Productos locales,2
Gaptrast,Baneveien 16; Bergen; 5010; Noruega,Bergen,Noruega,3,Moderna,Romántico,2
Kontrast,Maridalsveien 15; Oslo; 0175; Noruega,Oslo,Noruega,3,Escandinava,Romántico;Productos locales,2
PAZ,Doktara Jakobsens gøta 14-16; Tórshavn; 100; Dinamarca,Tórshavn,Dinamarca,3,Creativa,Romántico;Cocina local,2
Vino Locale,Kuşçular Mahallesi; 8037. Sokak No:3; Urla; Izmir; 35430; Turquía,Izmir,Turquía,3,Turca; Con influencias asiáticas,Terraza agradable;Productos locales,2
AIRA,Biskopsvägen 9; Estocolmo; 115 21; Suecia,Estocolmo,Suecia,3,Moderna; Sueca,Mesa del chef,2
TURK FATİH TUTAK,Bomonti; Cumhuriyet Hacıahmet Silahşör Caddesi; Yeniyol Sokak No:2; Şişli; Istanbul; 34440; Turquía,Istanbul,Turquía,3,Moderna; Turca,Merece la espera,2
Palace,Eteläranta 10; Helsinki; 00130; Finlandia,Helsinki,Finlandia,3,Moderna,Mesa del chef;Romántico,2
180° by Matthias Diether,Staapli 4; Port Noblessner; Tallín; 10415; Estonia,Tallín,Estonia,3,Creativa; Actual,Romántico,2
Tanière³,7 rue du Don-de-Dieu; Québec; G1K 3Z6; Canadá,Québec,Canadá,3,Creativa,Mesa del chef;Productos locales,2
Grön,Albertinkatu 36; Helsinki; 00180; Finlandia,Helsinki,Finlandia,3,Creativa; Regional,Mesa del chef;Productos locales,2
Sushi Noz,181 E. 78th St.; Nueva York; NY; 10075; Estados Unidos,Nueva York,Estados Unidos,3,Japonesa; Sushi,,2
Blue Hill at Stone Barns,630 Bedford Rd.; Tarrytown; NY; 10591; Estados Unidos,Tarrytown,Estados Unidos,3,Americana; Actual,Un clásico;Productos locales,2
Aquavit,65 E. 55th St.; Nueva York; NY; 10022; Estados Unidos,Nueva York,Estados Unidos,3,Escandinava; Actual,,2
Jean-Georges,Trump International Hotel & Tower; 1 Central Park West; Nueva York; NY; 10023; Estados Unidos,Nueva York,Estados Unidos,3,Actual; Francesa contemporánea,Un clásico,2
The Modern,9 W. 53rd St.; Nueva York; NY; 10019; Estados Unidos,Nueva York,Estados Unidos,3,Actual,Romántico,2
Gabriel Kreuther,41 W. 42nd St.; Nueva York; NY; 10036; Estados Unidos,Nueva York,Estados Unidos,3,Francesa; Actual,Romántico,2
Masa,10 Columbus Circle; Ste. 401; Nueva York; NY; 10019; Estados Unidos,Nueva York,Estados Unidos,3,Japonesa; Sushi,Un clásico,2
Joo Ok,22 W. 32nd St.; 16th Fl.; Nueva York; NY; 10001; Estados Unidos,Nueva York,Estados Unidos,3,Coreana; Actual,Romántico,2
Chef's Table at Brooklyn Fare,431 W. 37th St.; Nueva York; NY; 10018; Estados Unidos,Nueva York,Estados Unidos,3,Actual,,2
Odo,17 W. 20th St.; Nueva York; NY; 10011; Estados Unidos,Nueva York,Estados Unidos,3,Japonesa; Actual,Romántico,2
Atomix,104 E. 30th St.; Nueva York; NY; 10016; Estados Unidos,Nueva York,Estados Unidos,3,Coreana; Actual,Comer solo,2
Aska,47 S. 5th St.; Brooklyn; NY; 11249; Estados Unidos,Brooklyn,Estados Unidos,3,Escandinava; Actual,,2
Atera,77 Worth St.; Nueva York; NY; 10013; Estados Unidos,Nueva York,Estados Unidos,3,Actual,Romántico,2
César,333 Hudson St.; Nueva York; NY; 10013; Estados Unidos,Nueva York,Estados Unidos,3,Actual; Pescados y mariscos,,2
Saga,70 Pine St.; Nueva York; NY; 10005; Estados Unidos,Nueva York,Estados Unidos,3,Actual,,2
STAY by Yannick Alléno,One&Only The Palm Hotel; West Crescent Road; The Palm Jumeirah; Dubái; Dubai,Dubái,Dubai,3,Francesa,Terraza agradable,2
Row on 45,45th Floor; Tower 2; Grosvenor House Hotel; Al Emreef Street; Dubai Marina; Dubái; Dubai,Dubái,Dubai,3,Creativa,Mesa del chef,2
Jônt,1904 14th St. NW; Washington; DC; 20009; Estados Unidos,Washington,Estados Unidos,3,Actual,Romántico;Tendencia,2
Il Ristorante-Niko Romito,Bulgari Resort Dubai Hotel; Jumeirah Bay Island; Jumeirah 2; Dubái; Dubai,Dubái,Dubai,3,Italiana,Terraza agradable;Romántico,2
minibar by José Andrés,855 E St. NW; Washington; DC; 20004; Estados Unidos,Washington,Estados Unidos,3,Creativa,Mesa del chef,2
The Inn at Little Washington,309 Middle St.; Washington; DC; 22747; Estados Unidos,Washington,Estados Unidos,3,Francesa; Francesa clásica,Un clásico,2
Restaurant Pearl Morissette,3953 Jordan Rd.; Lincoln; L0R 1S0; Canadá,Lincoln,Canadá,3,Actual,Productos locales,2
Oriole,661 W. Walnut St.; Chicago; IL; 60661; Estados Unidos,Chicago,Estados Unidos,3,Actual; Americana Contemporánea,Romántico,2
Ever,1340 W. Fulton St.; Chicago; IL; 60607; Estados Unidos,Chicago,Estados Unidos,3,Creativa; Moderna,,2
Kasama,1001 N. Winchester Ave.; Chicago; IL; 60622; Estados Unidos,Chicago,Estados Unidos,3,Filipina; Actual,,2
Sorekara,4979 New Broad St.; Orlando; FL; 32814; Estados Unidos,Orlando,Estados Unidos,3,Japonesa; Actual,Romántico,2
L'Atelier de Joël Robuchon Miami,151 N.E. 41st St.; Miami; FL; 33137; Estados Unidos,Miami,Estados Unidos,3,Francesa; Actual,,2
Emeril’s,800 Tchoupitoulas St.; New Orleans; LA; 70130; Estados Unidos,New Orleans,Estados Unidos,2,Americana; Criolla,Un clásico;Romántico,2
Lasai,Largo dos Leões 35; Humaitá; Rio de Janeiro; 22260-210; Brasil,Rio de Janeiro,Brasil,3,Moderna; Innovadora,Mesa del chef,2
Oro,Avenida General San Martin 889; Rio de Janeiro; 22441-015; Brasil,Rio de Janeiro,Brasil,3,Creativa,Familiar,2
D.O.M.,Rua Barão de Capanema 549; São Paulo; 01411-011; Brasil,São Paulo,Brasil,3,Creativa,Productos locales,2
The Wolf's Tailor,4058 Tejon St.; Denver; CO; 80211; Estados Unidos,Denver,Estados Unidos,3,Actual; Creativa,Romántico;Productos locales,2
Quintonil,Isaac Newton 55; Polanco; Miguel Hildalgo; 11560; Mexico,Miguel Hidalgo,Mexico,3,Mexicana; Actual,Romántico,2
Pujol,Tennyson 133; Polanco; Miguel Hildalgo; 11550; Mexico,Miguel Hidalgo,Mexico,3,Mexicana; Moderna,Un clásico,2
Harbor House Inn,5600 CA-1; Elk; CA; 95432; Estados Unidos,Elk,Estados Unidos,3,Californiana; Creativa,,2
Commis,3859 Piedmont Ave.; Oakland; CA; 94611; Estados Unidos,Oakland,Estados Unidos,3,Actual,,2
Acquerello,1722 Sacramento St.; San Francisco; CA; 94109; Estados Unidos,San Francisco,Estados Unidos,3,Italiana; Actual,,2
Saison,178 Townsend St.; San Francisco; CA; 94107; Estados Unidos,San Francisco,Estados Unidos,3,Californiana; Actual,,2
Birdsong,1085 Mission St.; San Francisco; CA; 94103; Estados Unidos,San Francisco,Estados Unidos,3,Actual; Americana,,2
Kiln,149 Fell St.; San Francisco; CA; 94102; Estados Unidos,San Francisco,Estados Unidos,3,Actual,Romántico,2
Lazy Bear,3416 19th St.; San Francisco; CA; 94110; Estados Unidos,San Francisco,Estados Unidos,3,Actual; Moderna,,2
Sons & Daughters,2875 18th St.; San Francisco; CA; 94110; Estados Unidos,San Francisco,Estados Unidos,3,Actual,,2
Kato,777 Alameda St.; #114; Los Angeles; CA; 90021; Estados Unidos,Los Angeles,Estados Unidos,3,Asiática; Actual,,2
Hayato,1320 E. 7th St.; Ste. 126; Los Angeles; CA; 90021; Estados Unidos,Los Angeles,Estados Unidos,3,Japonesa; Pescados y mariscos,,2
Vespertine,3599 Hayden Ave.; Culver City; CA; 90232; Estados Unidos,Culver City,Estados Unidos,3,Actual,Romántico,2
Mélisse,1104 Wilshire Blvd.; Santa Monica; CA; 90401; Estados Unidos,Santa Monica,Estados Unidos,3,Francesa moderna,,2
Aubergine,L'Auberge Carmel; Monte Verde at 7th Ave.; Carmel-by-the-Sea; CA; 93921; Estados Unidos,Carmel-by-the-Sea,Estados Unidos,3,Actual; Californiana,,2
Yu Zhi Lan,No. 1; 24 Changfa Street; Qingyang; Chengdu; China Continental,Chengdu,China Continental,3,Cocina de Sichuan,Familiar,2
Xin Rong Ji,No. 501; 5F; Chinese Financial Center; 33 Jiaozi Avenue; Wuhou; Chengdu; China Continental,Chengdu,China Continental,2,Taizhóu,Familiar;Grupos,2
King's Joy,2 Wudaoying Hutong; Dongcheng; Beijing; 100007; China Continental,Beijing,China Continental,3,Vegetariana,,2
Blackswan,1F; Luohong Art Museum; 89 Capital Airport Road; Shunyi; Beijing; China Continental,Beijing,China Continental,3,Francesa contemporánea,Romántico,2
Shanghai Cuisine,South side of Pacific Century Place; 2A Gongrentiyuchang North Road; Chaoyang; Beijing; 100027; China Continental,Beijing,China Continental,2,Cocina de Shanghái,Familiar;Grupos,2
Lamdre,Room 04; 1F; Block 14; Courtyard 4; Gongti North Road; Chaoyang; Beijing; 100000; China Continental,Beijing,China Continental,3,Vegana,Comer solo,2
Jingji,2F; The Ritz-Carlton Hotel; 83A Jianguo Road; Chaoyang; Beijing; China Continental,Beijing,China Continental,3,Pekinesa,Grupos,2
Lu Shang Lu,2A01-2A03 / 2A05-2A13; 2F; Sunshine Financial Center; No.1 Tower; 33 Jinghui Street; Chaoyang; Beijing; China Continental,Beijing,China Continental,3,Shandong,Familiar;Grupos,2
Aramburu,Vicente López 1661; Buenos Aires; C1018ABA; Argentina,Buenos Aires,Argentina,3,Creativa,Romántico,2
Sosuheon,8 Mallijae-ro 21-gil; Jung-gu; Seoul; 04500; Corea del Sur,Seoul,Corea del Sur,3,Sushi,Romántico,2
La Yeon,23F; Shilla Hotel; 249 Dongho-ro; Jung-gu; Seoul; 04605; Corea del Sur,Seoul,Corea del Sur,3,Coreana; Actual,Familiar,2
Mosu,4 Hoenamu-ro 41-gil; Yongsan-gu; Seoul; 04344; Corea del Sur,Seoul,Corea del Sur,3,Moderna,,2
Evett,10-5 Dosan-daero 45-gil; Gangnam-gu; Seoul; 06021; Corea del Sur,Seoul,Corea del Sur,3,Innovadora; Coreana,Romántico,2
Kwonsooksoo,4F; 37 Apgujeong-ro 80-gil; Gangnam-gu; Seoul; 06016; Corea del Sur,Seoul,Corea del Sur,3,Coreana,Comer solo,2
Jungsik,11 Seolleung-ro 158-gil; Gangnam-gu; Seoul; 06014; Corea del Sur,Seoul,Corea del Sur,3,Actual,Comer solo;Grupos,2
Soigné,#201; 2F; Sinsa square; 652 Gangnam-daero; Gangnam-gu; Seoul; 06027; Corea del Sur,Seoul,Corea del Sur,3,Actual,Romántico;Comer solo,2
alla prima,13 Hakdong-ro 17-gil; Gangnam-gu; Seoul; 06045; Corea del Sur,Seoul,Corea del Sur,3,Innovadora,Mesa del chef,2
Mitou,24 Dosan-daero 70-gil; Gangnam-gu; Seoul; 06064; Corea del Sur,Seoul,Corea del Sur,3,Japonesa,Mesa del chef,2
Restaurant Allen,E205; 2F; Center field EAST; 231 Teheran-ro; Gangnam-gu; Seoul; 06142; Corea del Sur,Seoul,Corea del Sur,3,Actual,Comer solo,2
Chef's Table,61F; Tower Club at Lebua; 1055 Silom Road; Si Lom; Bang Rak; Bangkok; 10500; Tailandia,Bangkok,Tailandia,3,Francesa contemporánea,Mesa del chef,2
Anne-Sophie Pic at Le Normandie,5F; Mandarin Oriental; Bangkok; 48 Soi Charoen Krung 40; Charoen Krung Road; Bang Rak; Bangkok; 10500; Tailandia,Bangkok,Tailandia,3,Francesa contemporánea,Romántico,2
Côte by Mauro Colagreco,2F; Capella Bangkok; 300/2 Charoenkrung Road; Yan Nawa; Sathon; Bangkok; 10120; Tailandia,Bangkok,Tailandia,3,Moderna,Romántico,2
Mezzaluna,65F; Tower Club at Lebua; 1055 Silom Road; Si Lom; Bang Rak; Bangkok; 10500; Tailandia,Bangkok,Tailandia,3,Francesa contemporánea,Romántico,2
INDDEE,68/1 Soi Lang Suan; Phloen Chit Road; Lumphini; Pathum Wan; Bangkok; 10330; Tailandia,Bangkok,Tailandia,3,Hindú; Actual,Mesa del chef,2
R-Haan,131 Soi Sukhumvit 53; Khlong Tan Nuea; Vadhana; Bangkok; 10110; Tailandia,Bangkok,Tailandia,3,Tailandesa contemporánea,Mesa del chef,2
Gaa,46/1 Sukhumvit 53; Khlong Tan Nuea; Vadhana; Bangkok; 10110; Tailandia,Bangkok,Tailandia,3,Hindú; Actual,Romántico,2
Baan Tepa,561 Ramkhamhaeng Road; Hua Mak; Bang Kapi; Bangkok; 10240; Tailandia,Bangkok,Tailandia,3,Tailandesa contemporánea,Productos locales,2
Fu He Hui,1037 Yuyuan Road; Changning; Shanghai; China Continental,Shanghai,China Continental,3,Vegetariana,Comer solo,2
Amazing Chinese Cuisine (Changning),B5 Villa; 1665 Hongqiao Road; Changning; Shanghai; China Continental,Shanghai,China Continental,3,Chao Zhou,Grupos,2
8 ½ Otto e Mezzo Bombana,6-7F; Associate Mission Building; 169 Yuanmingyuan Road; Huangpu; Shanghai; China Continental,Shanghai,China Continental,3,Italiana,Romántico,2
Imperial Treasure Fine Chinese Cuisine,L402-403; 4F; Yi Feng Galleria; 99 East Beijing Road; Huangpu; Shanghai; China Continental,Shanghai,China Continental,2,Cantonesa,Familiar,2
Tou Zao,Shop 211; East Wing; Shanghai Centre; 1376 West Nanjing Road; Jingan; Shanghai; China Continental,Shanghai,China Continental,3,Cantonesa,Mesa del chef,2
Bao Li Xuan,3F; Chamber of Commerce Shanghai; Lane 108; North Shanxi Road; Jingan; Shanghai; China Continental,Shanghai,China Continental,3,Cantonesa,Grupos,2
The House of Rong,170 Nanyang Road; Jingan; Shanghai; China Continental,Shanghai,China Continental,3,Taizhóu,Romántico,2
T'ang Court,5F; The Langham; 99 Madang Road; Huangpu; Shanghai; China Continental,Shanghai,China Continental,3,Cantonesa,Grupos,2
Ji Pin Court,3F; 55 South Wulumuqi Road; Xuhui; Shanghai; 200031; China Continental,Shanghai,China Continental,2,Cantonesa,Grupos,2
Ru Yuan,11 Yuquan Road; Xihu; Hangzhou; China Continental,Hangzhou,China Continental,2,Zhejiang,Romántico,2
Da Vittorio,3F; N3 Building; The Bund Finance Centre; 600 Zhongshan Dong Er Road; Huangpu; Shanghai; China Continental,Shanghai,China Continental,3,Italiana,,2
Jie Xiang Lou,Seven Villas; 1 Bapanling Road; Xihu; Hangzhou; China Continental,Hangzhou,China Continental,2,Zhejiang,Un clásico;Grupos,2
Canton 8 (Huangpu),63 Runan Street; Huangpu; Shanghai; China Continental,Shanghai,China Continental,1,Cantonesa,Familiar,2
Taian Table,2F; LN Garden Hotel; 368 Huanshi East Road; Yuexiu; Guangzhou; China Continental,Guangzhou,China Continental,3,Innovadora,Romántico,2
Jiang by Chef Fei,3F; Mandarin Oriental Hotel; 389 Tianhe Road; Tianhe; Guangzhou; China Continental,Guangzhou,China Continental,2,Cantonesa,Grupos,2
Imperial Treasure Fine Chinese Cuisine,L514B; 5F; IGC Mall; 222 Xingmin Road; Tianhe; Guangzhou; China Continental,Guangzhou,China Continental,2,Cantonesa,Familiar,2
Feng Wei Ju,5F; StarWorld Hotel; Avenida da Amizade; Macau; Macau; Macao,Macau,Macao,1,Cocina de Hunan; Cocina de Sichuan,Familiar,2
The Eight,2F; Grand Lisboa Hotel; Avenida de Lisboa; Macau; Macau; Macao,Macau,Macao,2,Cantonesa,Familiar;Grupos,2
Wing Lei,GF; Wynn Hotel; Rua Cidade de Sintra; NAPE; Macau; Macau; Macao,Macau,Macao,2,Cantonesa,Grupos,2
Alinea,1723 N. Halsted St.; Chicago; IL; 60614; Estados Unidos,Chicago,Estados Unidos,3,Creativa; Moderna,,2
Alain Ducasse at Morpheus,3F; Morpheus; City of Dreams; Estrada do Istmo; Cotai; Macau; Macao,Macau,Macao,3,Francesa contemporánea,Mesa del chef;Romántico,2
Chef Tam's Seasons,GF; North Esplanade; Wynn Palace; Avenida da Nave Desportiva; Cotai; Macau; Macao,Macau,Macao,2,Cantonesa,Familiar;Grupos,2
The Huaiyang Garden,Shop 2206a & 2208; 2F; The Londoner; Estrada do Istmo; Cotai; Macau; Macao,Macau,Macao,2,Huaiyanesa,Romántico,2
Ying Jee Club,Shop G05; 107-108; GF & 1F; Nexxus Building; 41 Connaught Road Central; Central; Hong Kong,Hong Kong,Hong Kong,2,Cantonesa,Familiar;Grupos,2
Lung King Heen,4F; Four Seasons Hotel; 8 Finance Street; Central; Hong Kong,Hong Kong,Hong Kong,2,Cantonesa,Familiar,2
Tin Lung Heen,102F; The Ritz-Carlton; International Commerce Centre; 1 Austin Road West; Tsim Sha Tsui; Hong Kong,Hong Kong,Hong Kong,2,Cantonesa,Familiar,2
Bo Innovation,1F; H Code; 45 Pottinger Street; Central; Hong Kong,Hong Kong,Hong Kong,2,Innovadora,Romántico,2
Tate,210 Hollywood Road; Sheung Wan; Hong Kong,Hong Kong,Hong Kong,3,Innovadora,Romántico,2
Arbor,25F; H Queen's; 80 Queen's Road Central; Central; Hong Kong,Hong Kong,Hong Kong,3,Innovadora,,2
Noi by Paulo Airaudo,5F; Four Seasons Hotel; 8 Finance Street; Central; Hong Kong,Hong Kong,Hong Kong,3,Italiana contemporánea,Romántico,2
Rùn,2F; The St. Regis Hotel; 1 Harbour Drive; Wan Chai; Hong Kong,Hong Kong,Hong Kong,2,Cantonesa,Grupos,2
Octavium,8F; One Chinachem Central; 22 Des Voeux Road Central; Central; Hong Kong,Hong Kong,Hong Kong,3,Italiana,Romántico,2
Cristal Room by Anne-Sophie Pic,44F; Forty-Five; Gloucester Tower; Landmark; 15 Queen's Road Central; Central; Hong Kong,Hong Kong,Hong Kong,3,Francesa contemporánea,Romántico,2
L'Envol,3F; The St. Regis Hotel; 1 Harbour Drive; Wan Chai; Hong Kong,Hong Kong,Hong Kong,3,Francesa contemporánea,Romántico,2
Lai Ching Heen,GF; Regent; 18 Salisbury Road; Tsim Sha Tsui; Hong Kong,Hong Kong,Hong Kong,2,Cantonesa,Romántico,2
L'Atelier de Joël Robuchon,Shops 403-410; 4F; Landmark Atrium; 15 Queen's Road Central; Central; Hong Kong,Hong Kong,Hong Kong,3,Francesa contemporánea,Romántico;Comer solo,2
Otagi,18 Takagamine Tsuchitenjocho; Kita-ku; Kyoto; 603-8465; Japón,Kyoto,Japón,3,Japonesa,Comer solo;Grupos,2
Yusokuryori Mankamero,387 Ebisucho; Kamigyo-ku; Kyoto; 602-8118; Japón,Kyoto,Japón,3,Japonesa,Un clásico;Grupos,2
Tokuha Motonari,287-5 Shingoryoguchicho; Kamigyo-ku; Kyoto; 602-0897; Japón,Kyoto,Japón,3,Japonesa,Comer solo,2
Kyokaiseki Kichisen,5 Shimogamo Morimotocho; Sakyo-ku; Kyoto; 606-0805; Japón,Kyoto,Japón,3,Japonesa,Grupos,2
Doppo,1-1 Izumoji Matsunoshitacho; Kita-ku; Kyoto; 603-8133; Japón,Kyoto,Japón,3,Japonesa,Comer solo;Grupos,2
Muromachi Yui,459 Kimbukicho; Nakagyo-ku; Kyoto; 604-0846; Japón,Kyoto,Japón,3,Japonesa,Comer solo,2
Ogata,726 Shinkamanzacho; Shimogyo-ku; Kyoto; 600-8471; Japón,Kyoto,Japón,3,Japonesa,Comer solo;Grupos,2
Sojiki Nakahigashi,32-3 Jodoji Ishibashicho; Sakyo-ku; Kyoto; 606-8406; Japón,Kyoto,Japón,2,Japonesa,Comer solo,2
Sanso Kyoyamato,359 Masuyacho; Higashiyama-ku; Kyoto; 605-0826; Japón,Kyoto,Japón,3,Japonesa,Grupos,2
Gion Nishikawa,473 Shimokawaracho; Higashiyama-ku; Kyoto; 605-0825; Japón,Kyoto,Japón,3,Japonesa,Comer solo;Grupos,2
Gion Matayoshi,570-123 Giommachi Minamigawa; Higashiyama-ku; Kyoto; 605-0074; Japón,Kyoto,Japón,3,Japonesa,Comer solo;Grupos,2
Kodaiji Jugyuan,353 Masuyacho; Higashiyama-ku; Kyoto; 605-0826; Japón,Kyoto,Japón,3,Japonesa,Romántico;Grupos,2
Gion Maruyama,570-171 Giommachi Minamigawa; Higashiyama-ku; Kyoto; 605-0074; Japón,Kyoto,Japón,3,Japonesa,Comer solo;Grupos,2
Ryō-shō,570-166 Giommachi Minamigawa; Higashiyama-ku; Kyoto; 605-0074; Japón,Kyoto,Japón,3,Japonesa,Comer solo;Grupos,2
Kenninji Gion Maruyama,566-16 Komatsucho; Higashiyama-ku; Kyoto; 605-0811; Japón,Kyoto,Japón,3,Japonesa,Grupos,2
Sumibi Kappo Ifuki,570-8 Giommachi Minamigawa; Higashiyama-ku; Kyoto; 605-0074; Japón,Kyoto,Japón,3,Japonesa,Comer solo;Grupos,2
Higashiyama Yoshihisa,422 Myohoimmaekawacho; Higashiyama-ku; Kyoto; 605-0932; Japón,Kyoto,Japón,3,Japonesa,Mesa del chef;Grupos,2
Kodaiji Wakuden,512 Washiocho; Higashiyama-ku; Kyoto; 605-0072; Japón,Kyoto,Japón,3,Japonesa,Grupos;Productos locales,2
Shunsaiten Tsuchiya,41-4 Toyotsucho; Suita; Osaka; 564-0051; Japón,Osaka,Japón,2,Tempura; Japonesa,Comer solo;Grupos,2
Kikunoi Roan,118 Saitocho; Shimogyo-ku; Kyoto; 600-8012; Japón,Kyoto,Japón,2,Japonesa,Comer solo;Grupos,2
Tenjimbashi Aoki,7-12-14 Tenjimbashi; Kita-ku; Osaka; 531-0041; Japón,Osaka,Japón,3,Japonesa,,2
Numata,7F; 1-10-2 Sonezakishinchi; Kita-ku; Osaka; 530-0002; Japón,Osaka,Japón,3,Tempura,Comer solo,2
KAHALA,2F; 1-9-2 Sonezakishinchi; Kita-ku; Osaka; 530-0002; Japón,Osaka,Japón,3,Innovadora,Comer solo,2
Oimatsu Hisano,4-8-3 Nishitemma; Kita-ku; Osaka; 530-0047; Japón,Osaka,Japón,3,Japonesa,Comer solo;Grupos,2
La Cime,3-2-15 Kawaramachi; Chuo-ku; Osaka; 541-0048; Japón,Osaka,Japón,3,Francesa; Actual,Grupos,2
Fujiya 1935,2-4-14 Yariyamachi; Chuo-ku; Osaka; 540-0027; Japón,Osaka,Japón,3,Innovadora,,2
Miyamoto,2-10-28 Higashitemma; Kita-ku; Osaka; 530-0044; Japón,Osaka,Japón,3,Japonesa,Comer solo,2
Koryu,3-3-3 Uchiawajimachi; Chuo-ku; Osaka; 540-0038; Japón,Osaka,Japón,3,Japonesa,Comer solo;Grupos,2
Yugen,14-14 Ishigatsujicho; Tennoji-ku; Osaka; 543-0031; Japón,Osaka,Japón,3,Japonesa,Comer solo,2
Teruya,2-1-24 Ueshio; Chuo-ku; Osaka; 542-0064; Japón,Osaka,Japón,3,Japonesa,Comer solo,2
Sushi Harasho,3-30 Uenomiyacho; Tennoji-ku; Osaka; 543-0037; Japón,Osaka,Japón,2,Sushi,Comer solo,2
Oryori Hanagaki,2-13-2 Gakuen Minami; Nara; Nara; 631-0034; Japón,Nara,Japón,3,Japonesa,Grupos,2
NARA NIKON,3 Nabeyacho; Nara; Nara; 630-8264; Japón,Nara,Japón,2,Japonesa,Comer solo;Grupos,2
akordu,70-1-3-1 Suimoncho; Nara; Nara; 630-8208; Japón,Nara,Japón,2,Innovadora,Romántico,2
Tsukumo,968 Kideracho; Nara; Nara; 630-8306; Japón,Nara,Japón,3,Japonesa,Grupos,2
Kohaku,3-5-5 Kagurazaka; Shinjuku-ku; Tokyo; 162-0825; Japón,Tokyo,Japón,3,Japonesa,Grupos,2
HOMMAGE,4-10-5 Asakusa; Taito-ku; Tokyo; 111-0032; Japón,Tokyo,Japón,3,Francesa; Actual,,2
Jingumae Higuchi,2-19-12 Jingumae; Shibuya-ku; Tokyo; 150-0001; Japón,Tokyo,Japón,3,Japonesa,Grupos,2
Den,2-3-18 Jingumae; Shibuya-ku; Tokyo; 150-0001; Japón,Tokyo,Japón,2,Japonesa,Comer solo,2
PRISMA,6-4-6 Minamiaoyama; Minato-ku; Tokyo; 107-0062; Japón,Tokyo,Japón,3,Italiana,,2
Tempura Motoyoshi,3F; 2-8-11 Ebisunishi; Shibuya-ku; Tokyo; 150-0021; Japón,Tokyo,Japón,3,Tempura,Comer solo,2
MAZ,3F; Tokyo Garden Terrace Kioicho; 1-3 Kioicho; Chiyoda-ku; Tokyo; 102-0094; Japón,Tokyo,Japón,3,Innovadora,,2
Hakuun,4-11-2 Minamiaoyama; Minato-ku; Tokyo; 107-0062; Japón,Tokyo,Japón,3,Japonesa,Mesa del chef;Comer solo,2
ASAHINA Gastronome,1-4 Nihombashikabutocho; Chuo-ku; Tokyo; 103-0026; Japón,Tokyo,Japón,3,Francesa,Romántico,2
Kioicho Fukudaya,1-13 Kioicho; Chiyoda-ku; Tokyo; 102-0094; Japón,Tokyo,Japón,3,Japonesa,Grupos,2
Nishiazabu Sushi Shin,4-18-20 Nishiazabu; Minato-ku; Tokyo; 106-0031; Japón,Tokyo,Japón,3,Sushi,Comer solo;Grupos,2
Ryuzu,B1F; 4-2-35 Roppongi; Minato-ku; Tokyo; 106-0032; Japón,Tokyo,Japón,2,Francesa; Actual,Comer solo;Grupos,2
NARISAWA,2-6-15 Minamiaoyama; Minato-ku; Tokyo; 107-0062; Japón,Tokyo,Japón,3,Innovadora,,2
Sukiyabashi Jiro Roppongiten,3F; Roppongi Hills Residence B; 6-12-2 Roppongi; Minato-ku; Tokyo; 106-0032; Japón,Tokyo,Japón,3,Sushi,Comer solo;Cocina local,2
Akasaka Kikunoi,6-13-8 Akasaka; Minato-ku; Tokyo; 107-0052; Japón,Tokyo,Japón,2,Japonesa,Comer solo;Grupos,2
Tempura Kondo,9F; 5-5-13 Ginza; Chuo-ku; Tokyo; 104-0061; Japón,Tokyo,Japón,2,Tempura,Cocina local,2
Seizan,B1F; 2-17-29 Mita; Minato-ku; Tokyo; 108-0073; Japón,Tokyo,Japón,3,Japonesa,,2
Crony,1-20-3 Higashiazabu; Minato-ku; Tokyo; 106-0044; Japón,Tokyo,Japón,3,Francesa; Actual,Grupos,2
Florilège,2F; Azabudai Hills Garden Plaza D; 5-10-7 Toranomon; Minato-ku; Tokyo; 105-0001; Japón,Tokyo,Japón,2,Francesa,,2
Ginza Fukuju,5F; 8-8-19 Ginza; Chuo-ku; Tokyo; 104-0061; Japón,Tokyo,Japón,3,Japonesa,Comer solo,2
ESqUISSE,9F; 5-4-6 Ginza; Chuo-ku; Tokyo; 104-0061; Japón,Tokyo,Japón,3,Francesa; Actual,Romántico;Grupos,2
Ginza Kojyu,4F; 5-4-8 Ginza; Chuo-ku; Tokyo; 104-0061; Japón,Tokyo,Japón,3,Japonesa,Comer solo;Grupos,2
Ensui,1-5-12 Nakameguro; Meguro-ku; Tokyo; 153-0061; Japón,Tokyo,Japón,3,Japonesa,Comer solo;Grupos,2
Ginza Shinohara,B1F; 2-8-17 Ginza; Chuo-ku; Tokyo; 104-0061; Japón,Tokyo,Japón,3,Japonesa,Comer solo,2
Sushi Kanesaka,B1F; 8-10-3 Ginza; Chuo-ku; Tokyo; 104-0061; Japón,Tokyo,Japón,3,Sushi,Comer solo;Cocina local,2
Kutan,2-5-5 Shintomi; Chuo-ku; Tokyo; 104-0041; Japón,Tokyo,Japón,3,Japonesa,Comer solo;Grupos,2
Eika,58 Minle Street; Datong District; Taipei; Taiwán,Taipei,Taiwán,3,Japonesa contemporánea,Romántico,2
Molino de Urdániz,GF; Hotel MVSA; 61; Section 1; Jianguo North Road; Zhongshan District; Taipei; 10491; Taiwán,Taipei,Taiwán,3,Española contemporánea,Romántico,2
NOBUO,8 Tai'an Street; Zhongzheng District; Taipei; Taiwán,Taipei,Taiwán,3,Actual,Romántico,2
Mudan,17; Lane 52; Siwei Road; Da'an District; Taipei; 106; Taiwán,Taipei,Taiwán,3,Tempura japonesa,Comer solo,2
logy,39; Lane 258; Ruiguang Road; Neihu District; Taipei; Taiwán,Taipei,Taiwán,3,Asiática contemporánea,Romántico,2
A,4F; Building 2; Diamond Towers; Shin Kong Mitsukoshi; 282; Section 3; Zhongxiao East Road; Da'an District; Taipei; 106; Taiwán,Taipei,Taiwán,3,Francesa contemporánea,Romántico,2
Yu Kapo,9-1 Sanmin Road; Songshan District; Taipei; Taiwán,Taipei,Taiwán,3,Japonesa,,2
Mizue,2F; Capella; 139 Dunhua North Road; Songshan District; Taipei; 105021; Taiwán,Taipei,Taiwán,3,Japonesa,Comer solo,2
L'Atelier de Joël Robuchon,5F; Bellavita; 28 Songren Road; Xinyi District; Taipei; 110; Taiwán,Taipei,Taiwán,3,Francesa contemporánea,Romántico,2
Dewakan,48F; Skyviews; Naza Tower; Platinum Park; 10 Persiaran KLCC; Kuala Lumpur; 50088; Malasia,Kuala Lumpur,Malasia,3,Malaya; Actual,Romántico,2
Thevar,16 Mohamed Sultan Road; Singapore; 238965; Singapur,Singapore,Singapur,3,Innovadora,Tendencia,2
Meta,9 Mohamed Sultan Road; Singapore; 238959; Singapur,Singapore,Singapur,2,Innovadora,Romántico;Comer solo,2
Shoukouwa,One Fullerton; #02-02A; 1 Fullerton Road; Singapore; 049213; Singapur,Singapore,Singapur,3,Sushi,Mesa del chef;Comer solo,2
Seroja,Duo Galleria; #01-30/31/32/33; 7 Fraser Street; Singapore; 189356; Singapur,Singapore,Singapur,2,Malaya; Actual,Comer solo,2
Jaan by Kirk Westaway,Swissôtel The Stamford; Equinox Complex; Level 70; 2 Stamford Road; Singapore; 178882; Singapur,Singapore,Singapur,2,Británica comtemporánea,Romántico,2
Saint Pierre,One Fullerton; #02-02B; 1 Fullerton Road; Singapore; 049213; Singapur,Singapore,Singapur,3,Francesa contemporánea,Romántico,2
Sushi Sakuta,Millenia Walk; #01-06/07/08; 9 Raffles Boulevard; Singapore; 039596; Singapur,Singapore,Singapur,3,Sushi,Comer solo,2
Cloudstreet,84 Amoy Street; Singapore; 069903; Singapur,Singapore,Singapur,3,Innovadora,Romántico,2
1887 by André,Raffles Hotel; Lobby Level; 1 Beach Road; Singapore; 189673; Singapur,Singapore,Singapur,3,Francesa contemporánea,Romántico,2
Helm,3F; The Shops at Ayala Triangle Gardens; Makati Avenue; Makati - Metro Manila; Filipinas,Makati - Metro Manila,Filipinas,3,Creativa,Mesa del chef;Romántico,2
Essence,ROKI Collection; 2 Brunswick Street; Queenstown; 9300; Nueva Zelanda,Queenstown,Nueva Zelanda,3,Europea contemporánea,Romántico;Comer solo,2
Aponiente,Francisco Cossi Ochoa; El Puerto de Santa María; 11500; España,El Puerto de Santa María,España,3,Creativa; Innovadora,Un clásico,3
Noor,Pablo Ruiz Picasso 8; Córdoba; 14014; España,Córdoba,España,3,Creativa,Un clásico,3
Atrio,Plaza San Mateo 1; Cáceres; 10003; España,Cáceres,España,3,Creativa,Un clásico;Romántico,3
DiverXO,Padre Damián 23; Madrid; 28036; España,Madrid,España,3,Creativa,Un clásico;Tendencia,3
Quique Dacosta,Rascassa 1; Dénia; 03700; España,Dénia,España,3,Creativa,Un clásico,3
Casa Marcial,La Salgar; Arriondas; 33549; España,Arriondas,España,3,Creativa; Asturiana,Un clásico;Productos locales,3
Cenador de Amós,Plaza del Sol; Villaverde de Pontones; 39793; España,Villaverde de Pontones,España,3,Moderna,Un clásico,3
Azurmendi,Legina Auzoa; Larrabetzu; 48195; España,Larrabetzu,España,3,Creativa,Romántico,3
Martín Berasategui,Loidi 4; Lasarte - Oria; 20160; España,Lasarte - Oria,España,3,Creativa,Un clásico,3
Akelaŕe,Paseo del Padre Orcolaga 56; Donostia / San Sebastián; 20008; España,Donostia / San Sebastián,España,3,Creativa; Tradicional,Un clásico;Romántico,3
Arzak,Avenida Alcalde José Elosegi 273; Donostia / San Sebastián; 20015; España,Donostia / San Sebastián,España,3,Tradicional; Actual,Un clásico;Mesa del chef,3
ABaC,Avenida del Tibidabo 1; Barcelona; 08022; España,Barcelona,España,3,Creativa,Romántico,3
Cocina Hermanos Torres,Taquígraf Serra 20; Barcelona; 08029; España,Barcelona,España,3,Creativa,Romántico,3
Disfrutar,Villarroel 163; Barcelona; 08036; España,Barcelona,España,3,Creativa,Tendencia,3
Lasarte,Mallorca 259; Barcelona; 08008; España,Barcelona,España,3,Creativa,Mesa del chef;Romántico,3
Les Prés d'Eugénie - Michel Guérard,Place de l'Impératrice; Eugénie-les-Bains; 40320; Francia,Eugénie-les-Bains,Francia,3,Clásica,Un clásico,3
El Celler de Can Roca,Can Sunyer 48; Girona; 17007; España,Girona,España,3,Creativa,Un clásico,3
Auberge du Vieux Puits,5 avenue Saint-Victor; Fontjoncouse; 11360; Francia,Fontjoncouse,Francia,3,Creativa,,3
Christopher Coutanceau,Plage de la Concurrence; La Rochela; 17000; Francia,La Rochela,Francia,3,Pescados y mariscos; Moderna,Romántico;Productos locales,3
La Marine,3 rue Marie-Lemonnier; L'Herbaudière; 85330; Francia,L'Herbaudière,Francia,3,Creativa; Pescados y mariscos,Productos locales,3
L'Oustau de Baumanière,500 route de Baumanière; Les Baux-de-Provence; 13520; Francia,Les Baux-de-Provence,Francia,3,Creativa,Un clásico,3
Le Petit Nice,17 rue des Braves (Anse de Maldormé); Marsella; 13007; Francia,Marsella,Francia,3,Pescados y mariscos,Un clásico;Cocina local,3
AM par Alexandre Mazzia,9 rue François-Rocca; Marsella; 13008; Francia,Marsella,Francia,3,Creativa,Mesa del chef,3
La Villa Madie,Avenue de Revestel; Cassis; 13260; Francia,Cassis,Francia,3,Creativa,Un clásico;Terraza agradable,3
La Table du Castellet,3001 route des Hauts-du-Camp; au Circuit Paul Ricard; Le Castellet; 83330; Francia,Le Castellet,Francia,3,Creativa,Un clásico,3
Restaurant Marcon,Larsiallas; 18 chemin de Brard; Saint-Bonnet-le-Froid; 43290; Francia,Saint-Bonnet-le-Froid,Francia,3,Creativa,Productos locales,3
Pic,285 avenue Victor-Hugo; Valence; 26000; Francia,Valence,Francia,3,Creativa,Un clásico,3
La Vague d'Or - Cheval Blanc St-Tropez,Plage de la Bouillabaisse; Saint-Tropez; 83990; Francia,Saint-Tropez,Francia,3,Creativa,Merece la espera;Terraza agradable,3
Troisgros - Le Bois sans Feuilles,728 route de Villerest; Ouches; 42155; Francia,Ouches,Francia,3,Creativa,Un clásico;Productos locales,3
Le Coquillage,Château Richeux; lieu-dit Le Buot; Saint-Méloir-des-Ondes; 35350; Francia,Saint-Méloir-des-Ondes,Francia,3,Creativa; Pescados y mariscos,Romántico;Productos locales,3
Le Louis XV - Alain Ducasse à l'Hôtel de Paris,Place du Casino; Monaco; 98000; Principado de Mónaco,Monaco,Principado de Mónaco,3,Cocina mediterránea; Moderna,Un clásico;Terraza agradable,3
Mirazur,30 avenue Aristide-Briand; Menton; 06500; Francia,Menton,Francia,3,Creativa,Productos locales,3
Les Morainières,1400 route de Marestel; Jongieux; 73170; Francia,Jongieux,Francia,3,Creativa; Moderna,Productos locales,3
Maison Lameloise,36 place d'Armes; Chagny; 71150; Francia,Chagny,Francia,3,Moderna,Un clásico,3
Le 1947 à Cheval Blanc,Cheval Blanc; Le Jardin Alpin; Courchevel 1850; Courchevel; 73120; Francia,Courchevel,Francia,3,Creativa,,3
Le Clos des Sens,13 rue Jean-Mermoz - à Annecy-le-Vieux; Annecy; 74940; Francia,Annecy,Francia,3,Creativa,Productos locales,3
Flocons de Sel,1775 route du Leutaz; Le Leutaz; Megève; 74120; Francia,Megève,Francia,3,Moderna,,3
La Rei Natura by Michelangelo Mammoliti,Via Roddino 21; Serralunga d'Alba; 12050; Italia,Serralunga d'Alba,Italia,3,Creativa; Actual,Romántico,3
Piazza Duomo,Vicolo dell'Arco 12; Angolo Piazza Risorgimento 4; Alba; 12051; Italia,Alba,Italia,3,Creativa; Cocina de temporada,Romántico,3
Le Pré Catelan,Route de Suresnes - bois de Boulogne; París; 75016; Francia,París,Francia,3,Creativa; Moderna,Un clásico;Romántico,3
Épicure,Le Bristol; 112 rue du Faubourg-Saint-Honoré; París; 75008; Francia,París,Francia,3,Moderna,Terraza agradable,3
Le Gabriel - La Réserve Paris,La Réserve Paris; 42 avenue Gabriel; París; 75008; Francia,París,Francia,3,Creativa,Un clásico,3
Le Cinq,Four Seasons Hotel George V; 31 avenue George-V; París; 75008; Francia,París,Francia,3,Moderna,Un clásico,3
Plénitude - Cheval Blanc Paris,Cheval Blanc Paris; 8 quai du Louvre; París; 75001; Francia,París,Francia,3,Creativa,,3
Pierre Gagnaire,6 rue Balzac; París; 75008; Francia,París,Francia,3,Creativa,Un clásico,3
Arpège,84 rue de Varenne; París; 75007; Francia,París,Francia,3,Creativa; Vegana,Un clásico,3
Alléno Paris au Pavillon Ledoyen,8 avenue Dutuit; París; 75008; Francia,París,Francia,3,Creativa,Un clásico,3
Kei,5 rue Coq-Héron; París; 75001; Francia,París,Francia,3,Moderna; Creativa,,3
Restaurant de l'Hôtel de Ville,Rue d'Yverdon 1; Crissier; 1023; Suiza,Crissier,Suiza,3,Francesa clásica; Cocina de temporada,Un clásico,3
Villa Crespi,Via Fava 18; Orta San Giulio; 28016; Italia,Orta San Giulio,Italia,3,Creativa; Cocina mediterránea,Un clásico;Merece la espera,3
Assiette Champenoise,40 avenue Paul-Vaillant-Couturier; à Tinqueux; Reims; 51430; Francia,Reims,Francia,3,Moderna; Creativa,Un clásico;Romántico,3
Enrico Bartolini al Mudec,via Tortona 56; Milán; 20144; Italia,Milán,Italia,3,Creativa,,3
Cheval Blanc by Peter Knogl,Blumenrain 8; Basilea; 4001; Suiza,Basilea,Suiza,3,Francesa clásica,Un clásico;Merece la espera,3
Da Vittorio,Via Cantalupa 17; Brusaporto; 24060; Italia,Brusaporto,Italia,3,Italiana contemporánea; Clásica,Un clásico,3
Dal Pescatore Santini,località Runate 15; Runate; 46013; Italia,Runate,Italia,3,Italiana contemporánea; Clásica,Un clásico;Romántico,3
Enoteca Pinchiorri,via Ghibellina 87; Florencia; 50122; Italia,Florencia,Italia,3,Italiana contemporánea; Creativa,,3
Waterside Inn,Ferry Road; Bray; SL6 2AT; Reino Unido,Bray,Reino Unido,3,Francesa clásica,Un clásico,3
The Fat Duck,High Street; Bray; SL6 2AQ; Reino Unido,Bray,Reino Unido,3,Creativa,Un clásico,3
Osteria Francescana,Via Stella 22; Módena; 41121; Italia,Módena,Italia,3,Creativa; Italiana contemporánea,Un clásico;Merece la espera,3
Restaurant Gordon Ramsay,68-69 Royal Hospital Road; Chelsea; Londres; SW3 4HP; Reino Unido,Londres,Reino Unido,3,Francesa,Un clásico,3
CORE by Clare Smyth,92 Kensington Park Road; Notting Hill; Londres; W11 2PN; Reino Unido,Londres,Reino Unido,3,Inglesa moderna,Un clásico,3
Alain Ducasse at The Dorchester,The Dorchester Hotel; 53 Park Lane; Mayfair; Londres; W1K 1QA; Reino Unido,Londres,Reino Unido,3,Francesa,Un clásico,3
"Sketch, The Lecture Room and Library",9 Conduit Street; Mayfair; Londres; W1S 2XG; Reino Unido,Londres,Reino Unido,3,Francesa moderna,Un clásico,3
Hélène Darroze at The Connaught,Carlos Place; Mayfair; Londres; W1K 2AL; Reino Unido,Londres,Reino Unido,3,Moderna,Mesa del chef,3
The Ledbury,127 Ledbury Road; Notting Hill; Londres; W11 2AQ; Reino Unido,Londres,Reino Unido,3,Moderna,Un clásico,3
Schloss Schauenstein,Schlossgass 77; Fürstenau; 7414; Suiza,Fürstenau,Suiza,3,Creativa; Regional,Romántico,3
La Pergola,Via Alberto Cadlolo; 101; Roma; 00136; Italia,Roma,Italia,3,Cocina mediterránea; Actual,Un clásico;Romántico,3
Sven Wassmer Memories,Bernhard-Simon-Strasse 2; Bad Ragaz; 7310; Suiza,Bad Ragaz,Suiza,3,Creativa; Cocina de mercado,Mesa del chef;Un clásico,3
Casa Perbellini 12 Apostoli,vicolo Corticella San Marco 3; Verona; 37121; Italia,Verona,Italia,3,Creativa; Actual,Un clásico;Romántico,3
Boury,Rumbeeksesteenweg 300; Roeselare; 8800; Bélgica,Roeselare,Bélgica,3,Francesa creativa,,3
Victor's Fine Dining by christian bau,Schlossstraße 27; Perl; 66706; Alemania,Perl,Alemania,3,Creativa; Actual,Un clásico,3
Restaurant Bareiss,Hermine-Bareiss-Weg 1; Baiersbronn; 72270; Alemania,Baiersbronn,Alemania,3,Francesa clásica; Cocina de temporada,Un clásico,3
Le Calandre,Via Liguria 1; località Sarmeola; Rubano; 35030; Italia,Rubano,Italia,3,Creativa; Actual,Romántico;Tendencia,3
Schwarzwaldstube,Tonbachstraße 237; Baiersbronn; 72270; Alemania,Baiersbronn,Alemania,3,Francesa clásica; Creativa,Un clásico,3
Waldhotel Sonnora,Auf'm Eichelfeld 1; Dreis; 54518; Alemania,Dreis,Alemania,3,Francesa clásica,,3
schanz. restaurant.,Bahnhofstraße 8a; Piesport; 54498; Alemania,Piesport,Alemania,3,Francesa moderna; Creativa,,3
L.A. Jordan,Ketschauerhofstraße 1; Deidesheim; 67146; Alemania,Deidesheim,Alemania,3,Creativa; Moderna,Merece la espera,3
Zilte,Hanzestedenplaats 5; Antwerpen; 2000; Bélgica,Antwerpen,Bélgica,3,Creativa,,3
Uliassi,Banchina di Levante 6; Senigallia; 60019; Italia,Senigallia,Italia,3,Creativa; Pescados y mariscos,Terraza agradable,3
Reale,Contrada Santa Liberata; località Casadonna; Castel di Sangro; 67031; Italia,Castel di Sangro,Italia,3,Moderna; Creativa,Un clásico;Romántico,3
Quattro Passi,Via Vespucci 13/n; Nerano; 80061; Italia,Nerano,Italia,3,Cocina mediterránea; Actual,,3
Atelier Moessmer Norbert Niederkofler,Via Walther Von der Vogelweide 17; Brunico; 39031; Italia,Brunico,Italia,3,Creativa; Alpina,Un clásico;Comer solo,3
Moor Hall,Prescot Road; Aughton; L39 6RT; Reino Unido,Aughton,Reino Unido,3,Inglesa moderna,Productos locales,3
JAN,Luisenstraße 27; Múnich; 80333; Alemania,Múnich,Alemania,3,Creativa; Moderna,Tendencia,3
Tohru in der Schreiberei,Burgstraße 5; Múnich; 80331; Alemania,Múnich,Alemania,3,Moderna; Japonesa contemporánea,,3
L'Enclume,Cavendish Street; Cartmel; LA11 6QA; Reino Unido,Cartmel,Reino Unido,3,Inglesa creativa,Productos locales,3
Hiša Franko,Staro selo 1; Kobarid; 5222; Eslovenia,Kobarid,Eslovenia,3,Creativa; Regional,Un clásico,3
es:senz,Mietenkamer Straße 65; Grassau; 83224; Alemania,Grassau,Alemania,3,Creativa; Moderna,Un clásico,3
De Librije,Spinhuisplein 1; Zwolle; 8011 ZZ; Holanda,Zwolle,Holanda,3,Moderna,Un clásico;Merece la espera,3
Amador,Grinzinger Straße 86; Viena; 1190; Austria,Viena,Austria,3,Creativa; Actual,Terraza agradable;Romántico,3
Restaurant Haerlin,Neuer Jungfernstieg 9; Hamburgo; 20354; Alemania,Hamburgo,Alemania,3,Francesa creativa; Clásica,Mesa del chef,3
Steirereck im Stadtpark,Am Heumarkt 2a; Viena; 1030; Austria,Viena,Austria,3,Creativa; Actual,Un clásico;Comer solo,3
The Table Kevin Fehling,Shanghaiallee 15; Hamburgo; 20457; Alemania,Hamburgo,Alemania,3,Creativa; Internacional,Mesa del chef,3
Rutz,Chausseestraße 8; Berlín; 10115; Alemania,Berlín,Alemania,3,Moderna; Creativa,Un clásico,3
Kadeau Copenhagen,Wildersgade 10B; Copenhague; 1408; Dinamarca,Copenhague,Dinamarca,3,Creativa; Danesa,Romántico;Productos locales,3
Geranium,Per Henrik Lings Allé 4; Parken National Stadium; Copenhague; 2100 Ø; Dinamarca,Copenhague,Dinamarca,3,Creativa; Actual,Romántico,3
Jordnær,Gentoftegade 29; Gentofte; 2820; Dinamarca,Gentofte,Dinamarca,3,Creativa,Romántico,3
RE-NAA,Nordbøgata 8; Stavanger; 4006; Noruega,Stavanger,Noruega,3,Creativa; Pescados y mariscos,Romántico,3
Maaemo,Dronning Eufemias gate 23; Oslo; 0194; Noruega,Oslo,Noruega,3,Creativa,Productos locales,3
Frantzén,Klara Norra Kyrkogata 26; Estocolmo; 111 22; Suecia,Estocolmo,Suecia,3,Creativa,Mesa del chef;Comer solo,3
Sushi Sho,3 E. 41st St.; Nueva York; NY; 10017; Estados Unidos,Nueva York,Estados Unidos,3,Japonesa; Sushi,Un clásico,3
Le Bernardin,155 W. 51st St.; Nueva York; NY; 10019; Estados Unidos,Nueva York,Estados Unidos,3,Pescados y mariscos,,3
Eleven Madison Park,11 Madison Ave.; Nueva York; NY; 10010; Estados Unidos,Nueva York,Estados Unidos,3,Actual; Vegana,Un clásico,3
Per Se,10 Columbus Circle; Nueva York; NY; 10019; Estados Unidos,Nueva York,Estados Unidos,3,Actual; Francesa,Un clásico;Romántico,3
Jungsik New York,2 Harrison St.; Nueva York; NY; 10013; Estados Unidos,Nueva York,Estados Unidos,3,Coreana; Actual,Romántico,3
FZN by Björn Frantzén,Atlantis The Palm Jumeirah; Crescent Road; Dubái; Dubai,Dubái,Dubai,3,Moderna,Tendencia;Mesa del chef,3
Trèsind Studio,St. Regis Gardens; The Palm Jumeirah; Dubái; Dubai,Dubái,Dubai,3,Hindú,Tendencia,3
Smyth,177 N. Ada St.; Chicago; IL; 60607; Estados Unidos,Chicago,Estados Unidos,3,Actual; Creativa,,3
Evvai,Rua Joaquim Antunes 108; São Paulo; 05415-000; Brasil,São Paulo,Brasil,3,Moderna; Brasileña,Romántico,3
Tuju,Rua Frei Galvão; 135; São Paulo; 01454-060; Brasil,São Paulo,Brasil,3,Creativa,Un clásico,3
The French Laundry,6640 Washington St.; Yountville; CA; 94599; Estados Unidos,Yountville,Estados Unidos,3,Actual; Francesa,,3
SingleThread,131 North St.; Healdsburg; CA; 95448; Estados Unidos,Healdsburg,Estados Unidos,3,Actual; Californiana,Productos locales,3
Enclos,139 E. Napa St.; Sonoma; CA; 95476; Estados Unidos,Sonoma,Estados Unidos,3,Actual; Californiana,,3
Quince,470 Pacific Ave.; San Francisco; CA; 94133; Estados Unidos,San Francisco,Estados Unidos,3,Actual; Californiana,,3
Benu,22 Hawthorne St.; San Francisco; CA; 94105; Estados Unidos,San Francisco,Estados Unidos,3,Asiática; Actual,,3
Atelier Crenn,3127 Fillmore St.; San Francisco; CA; 94123; Estados Unidos,San Francisco,Estados Unidos,3,Actual; Francesa,,3
Californios,355 11th St.; San Francisco; CA; 94103; Estados Unidos,San Francisco,Estados Unidos,3,Mexicana; Actual,,3
Providence,5955 Melrose Ave.; Los Angeles; CA; 90038; Estados Unidos,Los Angeles,Estados Unidos,3,Pescados y mariscos,Un clásico;Romántico,3
Somni,9045 Nemo St.; West Hollywood; CA; 90069; Estados Unidos,West Hollywood,Estados Unidos,3,Actual; Española,Mesa del chef;Tendencia,3
Addison,Fairmont Grand Del Mar; 5200 Grand Del Mar Way; San Diego; CA; 92130; Estados Unidos,San Diego,Estados Unidos,3,Actual; Californiana,,3
Xin Rong Ji (Xinyuan South Road),1F; East Tower; Genesis Beijing; 8 Xinyuan South Road; Chaoyang; Beijing; China Continental,Beijing,China Continental,3,Taizhóu,Comer solo,3
Chao Shang Chao (Chaoyang),L406B; 4F; CP Center; 20 Jinhe East Road; Chaoyang; Beijing; China Continental,Beijing,China Continental,3,Chao Zhou,Grupos,3
Mingles,2F; 19 Dosan-daero 67-gil; Gangnam-gu; Seoul; 06016; Corea del Sur,Seoul,Corea del Sur,3,Coreana,,3
Sühring,10 Soi Yen Akat 3; Chong Nonsi; Yan Nawa; Bangkok; 10120; Tailandia,Bangkok,Tailandia,3,Alemana; Actual,Romántico,3
Sorn,56 Soi Sukhumvit 26; Khlong Tan; Khlong Toei; Bangkok; 10110; Tailandia,Bangkok,Tailandia,3,Surtailandesa,Un clásico;Tendencia,3
Taian Table,101-102; Building No. 1; Garden Office; No.161; Lane 465; Zhenning Road; Changning; Shanghai; China Continental,Shanghai,China Continental,3,Innovadora,Comer solo,3
Robuchon au Dôme,43F; Grand Lisboa Hotel; Avenida de Lisboa; Macau; Macau; Macao,Macau,Macao,3,Francesa contemporánea,Romántico,3
Jade Dragon,2F; The Shops at the Boulevard; City of Dreams; Estrada do Istmo; Cotai; Macau; Macao,Macau,Macao,2,Cantonesa,Familiar;Grupos,3
Caprice,6F; Four Seasons Hotel; 8 Finance Street; Central; Hong Kong,Hong Kong,Hong Kong,3,Francesa contemporánea,Romántico,3
Ta Vie,2F; The Pottinger Hotel; 21 Stanley Street; Central; Hong Kong,Hong Kong,Hong Kong,3,Innovadora,Romántico,3
T'ang Court,1-2F; The Langham Hotel; 8 Peking Road; Tsim Sha Tsui; Hong Kong,Hong Kong,Hong Kong,2,Cantonesa,Grupos,3
Amber,7F; Mandarin Oriental The Landmark ; 15 Queen's Road Central; Central; Hong Kong,Hong Kong,Hong Kong,3,Francesa contemporánea,Romántico,3
Forum,1F; Sino Plaza; 255-257 Gloucester Road; Causeway Bay; Hong Kong,Hong Kong,Hong Kong,3,Cantonesa,Un clásico,3
8 1/2 Otto e Mezzo - Bombana,Shop 202; 2F; Alexandra House; 18 Chater Road; Central; Hong Kong,Hong Kong,Hong Kong,3,Italiana,Romántico,3
Sushi Shikon,7F; The Landmark Mandarin Oriental; 15 Queen's Road Central; Central; Hong Kong,Hong Kong,Hong Kong,3,Sushi,Comer solo,3
Miyamaso,375 Hanase Harachicho; Sakyo-ku; Kyoto; 601-1102; Japón,Kyoto,Japón,2,Japonesa,Grupos,3
Isshisoden Nakamura,136 Matsushitacho; Nakagyo-ku; Kyoto; 604-8093; Japón,Kyoto,Japón,3,Japonesa,Un clásico;Grupos,3
Hyotei,35 Nanzenji Kusagawacho; Sakyo-ku; Kyoto; 606-8437; Japón,Kyoto,Japón,3,Japonesa,Un clásico;Grupos,3
Mizai,613 Maruyamacho; Higashiyama-ku; Kyoto; 605-0071; Japón,Kyoto,Japón,3,Japonesa,Comer solo,3
Gion Sasaki,566-27 Komatsucho; Higashiyama-ku; Kyoto; 605-0811; Japón,Kyoto,Japón,3,Japonesa,Comer solo,3
Kikunoi Honten,459 Shimokawaracho; Higashiyama-ku; Kyoto; 605-0825; Japón,Kyoto,Japón,3,Japonesa,Un clásico;Grupos,3
Kashiwaya Osaka Senriyama,2-5-18 Senriyamanishi; Suita; Osaka; 565-0851; Japón,Osaka,Japón,2,Japonesa,Grupos,3
HAJIME,1-9-11 Edobori; Nishi-ku; Osaka; 550-0002; Japón,Osaka,Japón,3,Innovadora,,3
Taian,1-21-2 Shimanochi; Chuo-ku; Osaka; 542-0082; Japón,Osaka,Japón,2,Japonesa,Comer solo,3
Kagurazaka Ishikawa,5-37 Kagurazaka; Shinjuku-ku; Tokyo; 162-0825; Japón,Tokyo,Japón,3,Japonesa,Grupos,3
Kanda,1F; Toranomon Hills Residential Tower; 1-1-1 Atago; Minato-ku; Tokyo; 105-0002; Japón,Tokyo,Japón,3,Japonesa,Comer solo;Grupos,3
Myojaku,B1F; 3-2-34 Nishiazabu; Minato-ku; Tokyo; 106-0031; Japón,Tokyo,Japón,3,Japonesa,Comer solo;Grupos,3
L'Effervescence,2-26-4 Nishiazabu; Minato-ku; Tokyo; 106-0031; Japón,Tokyo,Japón,3,Francesa; Actual,Romántico;Grupos,3
RyuGin,7F; Tokyo Midtown Hibiya; 1-1-2 Yurakucho; Chiyoda-ku; Tokyo; 100-0006; Japón,Tokyo,Japón,3,Japonesa; Fugu / Pez globo,Grupos,3
Azabu Kadowaki,2-7-2 Azabujuban; Minato-ku; Tokyo; 106-0045; Japón,Tokyo,Japón,3,Japonesa,,3
L'OSIER,7-5-5 Ginza; Chuo-ku; Tokyo; 104-0061; Japón,Tokyo,Japón,3,Francesa; Francesa contemporánea,Romántico;Grupos,3
Joël Robuchon,Yebisu Garden Place; 1-13-1 Mita; Meguro-ku; Tokyo; 153-0062; Japón,Tokyo,Japón,3,Francesa; Actual,Romántico;Grupos,3
Sazenka,4-7-5 Minamiazabu; Minato-ku; Tokyo; 106-0047; Japón,Tokyo,Japón,3,China,Grupos,3
Harutaka,6F; 8-3-1 Ginza; Chuo-ku; Tokyo; 104-0061; Japón,Tokyo,Japón,3,Sushi,Comer solo;Grupos,3
Quintessence,1F; Garden City Shinagawa Gotenyama; 6-7-29 Kitashinagawa; Shinagawa-ku; Tokyo; 141-0001; Japón,Tokyo,Japón,3,Francesa; Actual,Grupos,3
Le Palais,17F; Palais de Chine Hotel; 3; Section 1; Chengde Road; Datong District; Taipei; 103; Taiwán,Taipei,Taiwán,2,Cantonesa,Un clásico;Grupos,3
Taïrroir,6F; 299 Lequn 3rd Road; Zhongshan District; Taipei; 104; Taiwán,Taipei,Taiwán,3,Taiwanesa contemporánea,Romántico,3
JL STUDIO,59; Cunzhong Street; West District; Taichung; Taiwán,Taichung,Taiwán,3,Cocina de Singapur; Actual,Romántico,3
Les Amis,Shaw Centre; #01-16; 1 Scotts Road; Singapore; 228208; Singapur,Singapore,Singapur,3,Francesa,Romántico,3
Odette,National Gallery; #01-04; 1 St. Andrew's Road (entrance via Supreme Court wing's foyer); Singapore; 178957; Singapur,Singapore,Singapur,3,Francesa contemporánea,Romántico,3
Zén,41 Bukit Pasoh Road; Singapore; 089855; Singapur,Singapore,Singapur,3,Europea contemporánea,Romántico,3
